:020000040800F2
:100000000000022081400008CD400008CD400008DB
:10001000CD400008CD400008CD40000800000000A1
:10002000000000000000000000000000CD400008BB
:10003000CD40000800000000CD400008CD40000881
:10004000CD400008CD400008CD400008CD4000085C
:10005000CD400008CD400008CD400008CD4000084C
:10006000CD400008CD400008CD400008CD4000083C
:10007000CD400008CD400008CD400008CD4000082C
:10008000CD400008CD400008CD400008E52800081C
:10009000E9280008CD400008D9280008CD40000814
:1000A000CD400008CD400008CD400008CD400008FC
:1000B000CD400008CD400008CD400008CD400008EC
:1000C000CD400008CD400008CD400008CD400008DC
:1000D000CD400008CD400008CD400008CD400008CC
:1000E000CD400008CD400008CD400008CD400008BC
:1000F000CD400008CD400008CD400008CD400008AC
:10010000CD400008CD400008CD400008CD4000089B
:10011000CD400008CD400008CD400008CD4000088B
:10012000CD400008CD400008CD400008CD4000087B
:10013000CD4000080000000000000000F928000881
:10014000FD280008CD400008ED280008CD4000083B
:10015000CD400008CD400008CD400008CD4000084B
:10016000CD400008CD400008CD400008CD4000083B
:10017000CD400008CD400008CD4000080000000040
:1001800000000000CD40000800000000000000005A
:10019000CD4000080000000000000000CD40000835
:1001A000000000000000000000000000CD4000083A
:1001B000CD400008CD400008CD400008CD400008EB
:1001C000CD40000810B5054C237833B9044B13B16A
:1001D0000448AFF300800123237010BD48100020B5
:1001E000000000006C34010808B5034B1BB1034943
:1001F0000348AFF3008008BD000000004C10002051
:100200006C340108A3F5803A704700BF174B002BF0
:1002100008BF134B9D46FFF7F5FF00218B460F46A5
:100220001348144A121A08F0C9FA0E4B002B00D0DA
:1002300098470D4B002B00D0984700200021040068
:100240000D000D48002802D00C4802F064FF08F0B1
:100250006DF82000290003F0EBF902F059FF00BF10
:100260000000080000000000213600080000022005
:1002700048100020703100201731000800000000F5
:1002800010B5094B036003F1200280330446C0F827
:10029000BC20C0F8C030BC3007F092F9204606F010
:1002A0006DFC204610BD00BFF0290108A0F1BC0084
:1002B000E6E7A0F1C000E3E7094C0A4D0A492A78B5
:1002C0000A4808B5237807F08DF9287800F0E0F89F
:1002D000207800F0B9FC00F02DF900F0BBFCFAE743
:1002E000CC010020CD010020F010010820110020D9
:1002F00010B50446FFF7C4FF204603F072F820460D
:1003000010BDA0F1BC00F3E7A0F1C000F0E70000D1
:1003100013B5094C4FF41653009303220023022116
:10032000204605F0C1FF054A0549204602B0BDE858
:10033000104002F0EBBE00BF64100020C801002096
:10034000810200080FB407B5064B04AA1B6852F8D7
:10035000041BD86801920AF0E1FC03B05DF804EBDD
:1003600004B070477406002008B5074B1A78074B95
:100370001B789A4205D106481146FFF7E3FF01209A
:1003800008BD0020FCE700BFCE010020CF01002007
:1003900009110108024B1870062000F079BA00BF5D
:1003A0003E11002038B50546FFF7DEFF0128044660
:1003B00005D105482946FFF7C5FF204638BD034B48
:1003C00000241D70F9E700BF48110108CF0100208B
:1003D00070B5104D104E2B78834228BF03461A4645
:1003E00031460E481C4608F0D3F82A780C4B0D48CD
:1003F0001C70121B2146FFF7A5FF2A78121BD2B2F0
:100400002A702AB13119304608F0C2F8012070BDB7
:100410001046FCE740110020DA16002041110020B0
:10042000D61200206D11010838B5054610460C465D
:10043000FFF7B8FF012808D1072000F045FA20B1E6
:10044000BDE83840072000F03FBA192C2246294663
:1004500009D80B4808F09CF80A4B1C70BDE83840DE
:10046000042000F015BA084808F092F8074B1A204B
:100470001C70FFF7ADFF072000F00AFAEEE700BF9F
:1004800041110020D6120020DA1600204011002071
:1004900010B50A4B0A4C00221A70207000F00EFAB8
:1004A000FFF762FF207800F07BFA064800F000FDBD
:1004B000BDE81040044800F001BD00BFCF0100209E
:1004C000CE01002029040008950300082DE9FF4112
:1004D000164D1F4695F80080154B144698440E465D
:1004E00000F0D4F922460146404608F051F82A7837
:1004F000023A1444E4B2012F2C7003D09DF8283046
:10050000012B10D100F08CFA039000F083FA039BCA
:10051000009022460648314600F078FC0020287002
:1005200004B0BDE8F0810120FAE700BF3F110020D0
:10053000DA1200202DE9FF47AD4BAE4C1A78257832
:10054000AA4218BF1D70012D00F0BC80022D00F0E2
:10055000DB80002D40F04981062000F0B5F978B12C
:10056000A54B187800F038FAB0FA80F0400900F096
:1005700081FC2570062004B0BDE8F04700F092B978
:10058000032000F0A1F9002849D000F033FA074613
:1005900000F036FA054600F037FA804600F046FAD9
:1005A0000646284600F04FF95FFA80F94EBBDFF8A7
:1005B00050A2284600F068F99AF80030834220D013
:1005C000284600F061F99AF8002001468B48FFF7B1
:1005D000B9FE284600F058F9894A1378984208BFB6
:1005E000431C284608BF137000F04EF901468548A9
:1005F00000F033F983483A46032100F0E3F9012380
:100600000AE0CDF800903346424639462846FFF7C7
:100610005DFF002EDDD0002323700320ABE7042014
:1006200000F052F938B3764D774B2A781B78039255
:100630000720029300F048F9B0FA80F04009DDE9A4
:100640000232724900907248724E00F00DF9724BFE
:100650003278187001466E4800F0B4F93378FF2BF9
:100660001EBF2B7801332B706C4B00221A700123B4
:10067000237004207FE7072000F026F950B1042002
:1006800000F006F91A20FFF7A3FE002840F0AD8025
:10069000072070E700F018F908B100206BE701208F
:1006A00000F012F908B1012065E700F00DF908B17A
:1006B000022060E7052000F007F9002800F095808F
:1006C000052058E7284600F0FFF8064650B100F034
:1006D000CDF9012803D0052000F0F6F800B1022082
:1006E0002070E0E700F0F0F800287ED0494B1B783E
:1006F000FF2B04D12846267000F0AEFBCDE7022385
:10070000237000F0F3F9C8E7284600F0DDF805464D
:10071000D0B100F075F905463D4800F0B5F8064641
:10072000284600F0B1F8864207D100F093F9002383
:100730000120237000F090FBBAE7354800F0A4F8E0
:10074000284600F0A1F8B3E7052000F0BDF8E0B1BD
:10075000324E3378092B0BD92D4800F095F801461D
:100760002F48FFF7EFFD2846257000F075FBA7E73F
:10077000284B27481A78284B197800F023F933784A
:1007800001333370012323709AE7032000F09CF8B3
:1007900000B300F02FF9074600F032F9054600F0EB
:1007A00033F9814600F042F90646284600F04BF83E
:1007B0005FFA80F826B1CDF8008033464A4624E738
:1007C000DFF83CA0284600F05FF89AF8003083423A
:1007D000F1D0F5E600F078F800287FF45EAF012054
:1007E00000F072F800287FF45EAF04B0BDE8F08737
:1007F0003D1100203C1100203E110020B8110108DD
:10080000D712002009120020D6120020411100202A
:100810000E120020CF010020D8120020D912002093
:1008200004120108024B1A78024B1A70704700BF7D
:100830003C1100203D1100200078013801288CBFB8
:100840000020012070470078431E584258417047ED
:100850000078B0FA80F0400970470023037001234C
:10086000417083700320704710B51C469DF8083016
:100870004270012B18BF022303702246023007F09A
:1008800087FEA01CC0B210BD407870470230704790
:10089000034A012303FA00F01368184310607047FD
:1008A000DC1A0020044901220B6802FA00F023EA56
:1008B00000030B60704700BFDC1A0020014B0022D0
:1008C0001A607047DC1A0020012303FA00F0024B83
:1008D0001B681840704700BFDC1A0020054B1B78CE
:1008E0005A1E012A02D80020FFF7D2BF0BB90120FF
:1008F000FAE77047E11A0020F8B507460C4615469E
:100900001E4607F0CBFF07EE900AFAEEE07AF5EE0E
:10091000C07AF1EE10FA21DD2A462146104807F090
:1009200037FE104B1F70104B1D7001F0F5FE0F4B82
:10093000187001F0EBFE0E4B18800E4B20461E7017
:10094000FFF77AFF20B10320BDE8F840FFF7A0BF12
:100950002046FFF77DFF08B10220F5E7F8BD00BF94
:10096000E41A0020E31A0020181B0020E21A0020DD
:10097000161B0020E01A00200FB407B5064B0749EC
:100980001B6805AAD86801920AF0C8F903B05DF89F
:1009900004EB04B0704700BF740600204212010847
:1009A00010B50446002006F0F3FC07F06FFF204668
:1009B000024A0349BDE8104001F04ABEF9080008A8
:1009C000DD08000810B5044601F064FE014B2278F2
:1009D0001A7010BDE11A002010B501F0A3FE044604
:1009E00018B101460248FFF7C7FF204610BD00BFFF
:1009F00042120108014B1878704700BFE31A00202B
:100A000000487047E41A0020014B1878704700BF77
:100A1000181B0020014BB3F900007047161B002083
:100A2000014B93F900007047E21A0020014B18783F
:100A3000704700BFE01A0020036818470B68036086
:100A400070477047024B002205201A70FFF720BF45
:100A5000191B002008B5034805F073FB024B002268
:100A60001A7008BD201B0020191B0020014B1878AC
:100A7000704700BF191B0020C36810B504460BB1B6
:100A80009B689847204610BD38B50546064B45F88B
:100A9000283B044605F055FB2846FFF7EDFF2046AE
:100AA00005F01AFB204638BD4429010810B504465C
:100AB000FFF7EAFF204602F094FC204610BD00003C
:100AC00010B5034B03600446FFF7DEFF204610BD60
:100AD000B829010838B5CB6804460D460BB15B68F0
:100AE0009847EB68E360204638BD000030B589B018
:100AF00007F0D4FE102204460021684607F05EFE8F
:100B0000204B00936946204B039304A8FFF7E2FFB4
:100B1000032094FBF0F000EB4000241A0234E4B20E
:100B200007EE904A9FED197AF8EE677A67EE877ABA
:100B300017EE900A0FF0D0FA05460C4606F06CF856
:100B4000134B5A6B22B993F838300BB105F00EFEF7
:100B50001048FFF791FF04A90E48FFF7BBFF2A4694
:100B600023460B4805F0D5FA06F06CF804A8FFF709
:100B700083FF6846FFF780FF074B01221A7009B018
:100B800030BD00BF450A00087412010800247449F2
:100B9000201B0020481B0020191B002010B5044614
:100BA000FFF78EFF204602F01CFC204610BD00001F
:100BB00010B50C4C204605F067FA20460A4B40F869
:100BC000283B1022002107F0F9FD012384F838307A
:100BD000064B23602046064A0649BDE8104002F055
:100BE00095BA00BF201B002044290108B82901083C
:100BF000C8010020C10A00080EB403B5064B07491E
:100C00001B6804AAD86801920AF088F802B05DF85F
:100C100004EB03B0704700BF740600208012010887
:100C20000FB407B5064B07491B6805AAD86801929F
:100C30000AF074F803B05DF804EB04B0704700BF2D
:100C400074060020A5120108014B1870704700BF00
:100C50004624002038B5374C227832B1002336497B
:100C60000120FFF7C9FF0023237000F035F988B990
:100C700000F032F931490246314806F0B3FC3149FF
:100C8000314808F05BF9042000F090F8BDE83840E6
:100C900000F028B9022000F09FF8054618B300F0D4
:100CA000F7F8044600F0FEF800F0F6F8DD2818D159
:100CB0002649204607F0D8FF70B92549204806F09C
:100CC00091FC2449204808F039F9042000F06EF81E
:100CD00021491B4806F086FC0220BDE8384000F0A0
:100CE0006FB81E49F5E7042000F076F8C8B1164841
:100CF00008F086F914490446194808F01FF9194B01
:100D0000194A1B68127816480134E1B2984717480F
:100D10002946FFF785FF0B490B4808F00FF904201F
:100D2000DBE7032000F058F818B100F0DBF80320EF
:100D3000D3E738BD601B002080120108BB120108F8
:100D400024200020CE120108611B0020DD120108C2
:100D5000E71201080E1301081713010839130108DF
:100D6000402000204C24002046240020A512010829
:100D700013B50A4A0A4C002313704FF4165200921E
:100D800002210322204605F08FFA064A0649204632
:100D900002B0BDE8104002F0B9B900BF601B0020EE
:100DA000681F0020C801002081020008034A0123B7
:100DB000116883400B431360704700BF4824002034
:100DC000044A012303FA00F0136823EA00031360C6
:100DD000704700BF48240020024A01238340106866
:100DE00018407047482400200EB403B5064B03AAF0
:100DF0001B6852F8041BD868019209F08FFF02B0FB
:100E00005DF804EB03B0704774060020F8B5144693
:100E1000034605460E4601200A49BDF91870FFF742
:100E2000E3FF22462946084807F0B2FB074B1C7037
:100E3000074B1F80074B1E70BDE8F8400220FFF7EC
:100E4000B5BF00BF551301085424002056280020C8
:100E5000542800205728002008B5024604490120E4
:100E6000FFF7C2FFBDE808400520FFF79FBF00BFA6
:100E70007713010808B5024604490120FFF7B4FFC3
:100E8000BDE808400620FFF791BF00BF921301089C
:100E90000048704754240020014B1878704700BF69
:100EA00057280020014B1878704700BF54280020B5
:100EB000014B1860704700BF4C240020014B1860A4
:100EC000704700BF50240020024B002203201A70FC
:100ED000FFF76CBF58280020014B1878704700BFFF
:100EE0005828002000B589B010220021684607F07C
:100EF00065FC164B00936946154B039304A8FFF756
:100F0000E9FD05F089FE134B5A6B22B993F838308E
:100F10000BB105F02BFC1048FFF7AEFD04A90E48FD
:100F2000FFF7D8FD0D4A0B48002305F0F2F805F055
:100F300089FE04A8FFF7A0FD6846FFF79DFD084B5A
:100F400001221A7009B05DF804FB00BFC90E000849
:100F500074120108602800208828002080841E0068
:100F60005828002010B50C4C204605F08DF820467E
:100F70000A4B40F8283B1022002107F01FFC0123F8
:100F800084F83830064B23602046064A0649BDE8FF
:100F9000104002F0BBB800BF6028002044290108BF
:100FA000B8290108C8010020C10A00080FB407B51C
:100FB000064B04AA1B6852F8041BD868019209F07A
:100FC000ADFE03B05DF804EB04B07047740600207A
:100FD000002000F05BBF00002DE9F041BDF81C507F
:100FE000B5F5806F06460C4690461F4606D322484C
:100FF0002946FFF7DBFF0620BDE8F081022000F064
:10100000A1FC08B10720F7E73146022000F0F6FC0A
:101010004FFA88F1022000F02DFD3946022000F041
:1010200047FD0699022000F061FD2146022000F0F4
:10103000C7FC8EB90B3C012C12D80121022000F014
:10104000A1FC7DB90121022000F06EFD00F0D6FD6B
:101050000130D7D00020CFE7012E01D10C2CECD0ED
:101060000021EBE70021022000F05EFD294602206E
:1010700000F078FDEAE700BFB713010870470000F1
:1010800084B038B504AC84E80F000220DDE90854D0
:1010900000F058FC20B10720BDE8384004B070478C
:1010A0000C2C15D921461148FFF780FF0C21022096
:1010B00000F086FCA5B90B3C012C15D801210220BB
:1010C00000F060FC00F09AFD0130E4D00020E3E77E
:1010D000052CEFD821460548FFF768FF0621E6E713
:1010E000012D01D10C2CE9D00021E8E747140108BB
:1010F0000FB407B5064B07491B6805AAD8680192CB
:1011000009F00CFE03B05DF804EB04B0704700BFBB
:10111000740600207014010884B010B502AC84E895
:101120000F009DF80D10012905D0BDE8104025489D
:1011300004B0FFF7DDBF9DF8293033205BB301F029
:1011400009F840F04101C9B2332000F0F8FF19213D
:101150003B2000F0F4FF9DF827309DF82A402BB388
:101160001D21112000F0EBFF402000F0F3FF00F004
:101170003301402000F0E3FF00210F2000F0DFFFEB
:1011800000210D2000F0DBFFD4B10520BDE81040A8
:1011900004B001F015B800F0DDFF00F0BE0141F031
:1011A0000101332000F0CBFF1D21D1E71F211120C9
:1011B00000F0C5FF402000F0CDFF00F03F01D8E770
:1011C0000620E3E77014010884B02DE9F04106AC75
:1011D00084E80F000898BDF832609DF83450BDF8DF
:1011E00042700B9CDDF8288000F0CAFF1D2000F043
:1011F000B1FF9DF831309DF8301041EAC3019DF8F0
:10120000363041EA881141EA430141EA8501C9B219
:101210001D2000F094FF1E2000F09CFFC7F3012169
:1012200000F00C0041EA04110143C9B21E2000F095
:1012300086FFF9B21F2000F082FF310A202000F063
:101240007EFFF1B2212000F07AFF25B19DF8351024
:10125000222000F074FF9DF837306BB14B2000F076
:1012600079FF60F07F01C9B24B2000F068FF9DF864
:101270003810242000F063FF062C4FF031000FD10E
:1012800000F068FF00F0F80141F00501312000F0A6
:1012900056FF0C21BDE8F041372004B000F04FBFED
:1012A00000F058FF00F0F80141F00301312000F098
:1012B00046FF0A21EEE78021122000F040BF4021C6
:1012C000122000F03CBF07B5122000F043FF8DF85C
:1012D00007009DF80700C0F3401003B05DF804FB61
:1012E0002021122000F02BBF08B5192000F032FF9A
:1012F000030643BF4042C0F38500404240F38700ED
:1013000008BD84B010B502AC84E80F009DF93840E8
:101310001A2000F01FFF002CB8BF8B3C4FEA2013AF
:10132000B8BF0019BDE81040A8BF8B38184400B200
:1013300004B0704738B50546132000F00BFF044693
:101340000146284600F016FF204638BD0FB407B509
:10135000064B04AA1B6852F8041BD868019209F0D6
:10136000DDFC03B05DF804EB04B0704774060020A8
:1013700008B528B90848FFF7E9FF4FF0FF3008BD6E
:10138000402905D90548FFF7E1FF6FF00100F6E7B6
:10139000BDE8084000F0CEBDAF140108DB14010821
:1013A000F8B5074601200D4614461E4600F0CAFA5D
:1013B00008B10720F8BD3946012000F03DFB294661
:1013C000012000F01BFB71B2012000F053FBBDF8BF
:1013D0001810012000F06CFB0799012000F086FB3B
:1013E0002146012000F0ECFA65B90B3C012C0DD828
:1013F0000121012000F0C6FA00F0D2FB0130D8D064
:101400000020D7E7012D01D10C2CF1D00021F0E70D
:1014100084B038B504AC84E80F000120DDE908543D
:1014200000F090FA20B10720BDE8384004B07047C2
:101430009DF91C0000F010FC50BB012000F082FA66
:101440000028F0D10C2C15D921461248FFF77EFF59
:101450000C21012000F0B4FAA5B90B3C012C15D8E1
:101460000121012000F08EFA00F09AFB0130DAD061
:101470000020D9E7052CEFD821460648FFF766FF84
:101480000621E6E7012D01D10C2CE9D00021E8E787
:101490000120C9E7471401080FB407B5064B0749F7
:1014A0001B6805AAD868019209F038FC03B05DF802
:1014B00004EB04B0704700BF740600201515010846
:1014C00084B070B504AC84E80F0009209DF9404059
:1014D00000F040FE06465A2000F03CFE9DF8103019
:1014E00003F0FD03012B14BF00238023054606F003
:1014F0007F001843030600F0F00127D5112CCBBF65
:1015000045F0070505F0F805EDB245F0040505F0D6
:101510000703072B12D1142CA8BF1424052CB8BF25
:101520000524631F1943C9B2092000F008FE2946AB
:10153000BDE870405A2004B000F001BE112CA8BFD5
:101540001124022CB8BF0224A31EEBE70E2CA8BF67
:101550000E2444EAE47401342143E4E784B008B57E
:101560000DF1080C8CE80F009DF80D10012905D035
:10157000BDE80840124804B0FFF78EBF9DF8273041
:101580009BB1F521112000F0DAFD402000F0E2FDD2
:1015900000F03301402041F0400100F0D0FDBDE8F3
:1015A0000840032004B000F00BBEF721112000F02A
:1015B000C6FD402000F0CEFD00F03F01EAE700BF8D
:1015C0001515010884B02DE9F0418AB010AC84E80B
:1015D0000F009DF94C30089314AD0FCD6C46159E4D
:1015E000BDF85A70DDF850800FC495E80F0084E80C
:1015F0000F0010AB0FCBFFF763FF129800F0C0FD98
:101600009DF85F306BB14B2000F0A4FD60F07F01CE
:10161000C9B24B2000F093FD9DF86010242000F02B
:101620008EFD1D2000F096FD9DF859309DF8581054
:1016300041EAC3019DF85C3041EA881141EA830127
:101640009DF85E3041EA4301C9B21D2000F077FDEC
:101650001E2000F07FFD00F00F0141EA0611C9B223
:101660001E2000F06CFD390A202000F068FD2120CA
:10167000F9B200F064FD062E4FF0310010D100F0F9
:1016800069FD00F0F80141F00501312000F057FD3F
:101690000C2137200AB0BDE8F04104B000F04FBD86
:1016A00000F058FD00F0F80141F00301312000F096
:1016B00046FD0A21EDE70821122000F040BD08B5E3
:1016C00068B1332000F046FD00F0BE01332000F089
:1016D00036FD19213B20BDE8084000F030BD332025
:1016E00000F038FD00F0BE0141F00101332000F0B0
:1016F00026FD1D21EEE738B5044622200D4600F0F8
:101700001EFD00210E2000F01AFD00210D2000F02A
:1017100016FD012000F01EFD30F0F80304D100F0AA
:101720007DFD012005F028FD29462046BDE8384012
:1017300000F01BBD0FB407B5064B04AA1B6852F896
:10174000041BD868019209F0E9FA03B05DF804EBD4
:1017500004B070477406002010B50A4C217881420D
:10176000024605D00848FFF7E5FF4FF0FF3004E0E0
:10177000022001F001F808B9207010BD0348FFF7FE
:10178000D9FFF2E718290020491D01089F1D010813
:1017900008B5044804F0D5FC00F043FD024B0122DB
:1017A0001A7108BDA8280020E828002013B5174C9E
:1017B0002379022B03D0032B19D002B010BDFFF701
:1017C0005DFCFFF7E5FF032000F0D6FF012808D0FD
:1017D00000230F4A0093146819461A460120A047B7
:1017E000EBE70C4802B0BDE81040FFF7A3BF20466E
:1017F00000F05AFD94F8280000F047FD0123237102
:1018000002B0BDE8104000F0E7BF00BFE8280020AC
:101810001C2900201F1D01082DE9F041354C2679B7
:1018200088B046B134483146FFF784FF4FF0FF30AF
:1018300008B0BDE8F081314B1860314B3148196078
:10184000FFF778FF4FF4807006F03CFE2E4B1860D7
:1018500028B92E48FFF76EFF6FF00100E8E74FF45C
:10186000FA6262620E2222730B22294B6261082205
:101870004FF00108A360628304230522204684F808
:1018800020306285237084F805802677E67784F817
:101890001E8084F82160266184F81980667784F8B8
:1018A000228084F8288000F0FFFC2546014605F8D8
:1018B000100B1848FFF73EFF0FCD6F460FC795E896
:1018C0000F0087E80F0094E80F00FFF7A1FDA5F1D6
:1018D000100CBCE80F006F460FC795E80F0087E8B3
:1018E0000F0094E80F00FFF7CBFB84F8048030462C
:1018F0009EE700BFE82800201616010820290020D6
:101900001C29002067160108A02800209416010851
:101910002021F636CE16010808B5042000F02CFF71
:10192000012805D10648FFF705FF4FF0FF3008BD3D
:10193000FFF72EFF022000F01FFF0020F7E700BF97
:10194000E416010838B5054618B90A48FFF7F2FE53
:1019500005E0094C217829B10848FFF7EBFE4FF06C
:10196000FF3004E0084600F007FF08B9257038BDD5
:101970000348EBE7F41A010818290020311B01087D
:10198000741B010838B504460D4600F01FFF0128FE
:10199000084B06D11A78A24203D1074B00201D76CE
:1019A00038BD06481A782146FFF7C4FE4FF0FF30D5
:1019B000F6E700BF18290020E8280020951A010842
:1019C00038B504460D4600F001FF0128084B06D14A
:1019D0001A78A24203D1074B00205D6138BD06484A
:1019E0001A782146FFF7A6FE4FF0FF30F6E700BF5A
:1019F00018290020E8280020361A010838B50446C6
:101A00000D4600F0E3FE0128084B06D11A78A242E9
:101A100003D1074B00201D6138BD06481A782146C6
:101A2000FFF788FE4FF0FF30F6E700BF18290020CF
:101A3000E8280020A81B010838B504460D4600F030
:101A4000C5FE0128084B06D11A78A24203D1074BE4
:101A500000201D7338BD06481A782146FFF76AFE3C
:101A60004FF0FF30F6E700BF18290020E8280020DB
:101A7000BA18010838B504460D4600F0A7FE012843
:101A8000084B06D11A78A24203D1074B00205D769D
:101A900038BD06481A782146FFF74CFE4FF0FF305C
:101AA000F6E700BF18290020E8280020D719010810
:101AB00038B504460D4600F089FE0128084B06D1D2
:101AC0001A78A24203D1074B00205D8338BD064837
:101AD0001A782146FFF72EFE4FF0FF30F6E700BFE1
:101AE00018290020E8280020011C010838B5044608
:101AF0000D4600F06BFE0128084B06D11A78A24271
:101B000003D1074B00209D6038BD06481A78214656
:101B1000FFF710FE4FF0FF30F6E700BF1829002056
:101B2000E8280020C11C010838B504460D4600F025
:101B30004DFE0128084B07D11A78A24204D1074B69
:101B4000002083F8225038BD05481A782146FFF757
:101B5000F1FD4FF0FF30F6E718290020E8280020BB
:101B6000631C010838B504460D4600F02FFE01281D
:101B7000084B06D11A78A24203D1074B00205D859D
:101B800038BD06481A782146FFF7D4FD4FF0FF30E4
:101B9000F6E700BF18290020E82800207A1901087C
:101BA000F0B589B000F012FE0128114B18D11F7852
:101BB000012F15D10F4E06F1100500F035FB0FCDAA
:101BC0006C460FC495E80F0084E80F0096E80F00FC
:101BD000FFF7F8FC3846FFF7BFFD002009B0F0BD65
:101BE00005481978FFF7A6FD4FF0FF30F6E700BF74
:101BF00018290020E828002056180108F0B589B0FF
:101C000000F0E4FD0128114B18D11F78022F15D1E7
:101C10000F4E06F1100500F007FB0FCD6C460FC408
:101C200095E80F0084E80F0096E80F00FFF7CCFA64
:101C30003846FFF791FD002009B0F0BD054819783E
:101C4000FFF778FD4FF0FF30F6E700BF18290020BE
:101C5000E8280020F2170108F0B58BB0044600F028
:101C6000B5FD0128104B17D11F78012F14D10F4E4D
:101C7000089406F110050FCD6C460FC495E80F00CF
:101C800084E80F0096E80F00FFF71AFC3846FFF7CC
:101C900063FD00200BB0F0BD05481978FFF74AFD41
:101CA0004FF0FF30F6E700BF18290020E828002099
:101CB000161901080E4B1B79022B13B510D1FFF733
:101CC000FAFAFFF765FD032000F056FD012809D060
:101CD0000023084A0093146819461A460120A047B9
:101CE00002B010BD044802B0BDE81040FFF722BDAD
:101CF000E82800201C2900200C1701082DE9F041DC
:101D0000454E3479022C8AB067D1FFF7D8FAFFF735
:101D1000DAFA012829D1FFF7E3FA96F82250ADB993
:101D2000FFF736FD032000F027FD012808D03B4BCC
:101D300000951E682A462B4629462046B04711E0EA
:101D400037480AB0BDE8F041FFF7F4BC00F03EFDB3
:101D50000328F5D10023314A0093156819461A4625
:101D60002046A8470AB0BDE8F081FFF7BDFA06F1AA
:101D70001005089007460FCD6C460FC495E80F007C
:101D800084E80F0096E80F00FFF7BBFA254C804669
:101D90002068FFF7CFFA96F8226005468EB9FFF764
:101DA000F7FC032000F0E8FC012808D01B4B00974B
:101DB0001F68216843462A463046B847D2E71A488A
:101DC000BFE700F003FD0328F9D1144B00971E680C
:101DD000216843462A460020B0E7032C14D113485B
:101DE00004F0AFF9FFF767FCFFF7D2FC204600F0E4
:101DF000C3FC012806D00E4B1B6800200AB0BDE8CA
:101E0000F04118470B489CE70B4821460AB0BDE853
:101E1000F041FFF78FBC00BFE82800201C290020FC
:101E20004F150108A02800208B150108A8280020C4
:101E300020290020C6150108FA1501082DE9704374
:101E4000044699460D46904604F0E6FE636B23B9BE
:101E500094F838300BB104F089FC04F12806AE4246
:101E60000BD03046FEF708FE3EB1EB681BB15B6855
:101E7000294630469847EB68636342464B46204606
:101E800004F047F9BDE8704304F0DCBEF0B5064647
:101E90008DB0012000F070FC012806D11E48FFF72C
:101EA00049FC4FF0FF300DB0F0BD1C4B1C4F1868C3
:101EB0004FF48072002107F1100506F07FFC0FCD72
:101EC0006C460FC495E80F0084E80F0097E80F00F8
:101ED000FFF722F902233B71E6B11022002108A886
:101EE00006F06CFC0F4B089330460F4B0B930DF034
:101EF00069FD00220D4B0DF0DFFD0EF00DF90246DD
:101F00000B460B4808A9FFF799FF08A8FEF7B4FD98
:101F10000020C8E73046C6E73B170108A02800208C
:101F2000E8280020AD1700087412010800408F4017
:101F3000A8280020F0B5304C2379032B8FB006463B
:101F40000D4606D12D48FFF7F5FB4FF0FF300FB0DF
:101F5000F0BD042000F010FC0128F3D0FFF718FCBE
:101F60000A2005F009F9022000F006FC012000F02B
:101F700003FC012801D12248E5E763791BB1012B5D
:101F800003D000270CE01F48DDE794F82100FFF79D
:101F900096FB2946304684F82E50FFF7ACFB676A63
:101FA000194E08970FCE6D460FC596E80F0085E8CD
:101FB0000F0094E80F00FFF7D1FA0323102200214D
:101FC0000AA8237106F0FAFB104B0A933846104B0F
:101FD0000D930DF0F7FC00220E4B0DF06DFD0EF091
:101FE0009BF802460B460C480AA9FFF727FF0AA8F0
:101FF000FEF742FD0020AAE7E8280020621701084A
:1020000092170108B9170108F8280020AD17000839
:102010007412010800408F40A828002010B50C4C15
:10202000204604F031F820460A4B40F8283B1022A5
:10203000002106F0C3FB012384F83830064B2360EF
:102040002046064A0649BDE8104001F05FB800BFCF
:10205000A828002044290108B8290108C801002047
:10206000C10A000810B50446044B40F8B83BD4F848
:10207000C4300BB19B689847204610BDD42A010894
:102080000FB407B5064B07491B6805AAD86801922B
:1020900008F044FE03B05DF804EB04B0704700BFE5
:1020A00074060020021E0108F8B50D4C0D4F236880
:1020B0001646E2681B040D46136040F08001094893
:1020C00004F082FA013D2E44B54205D015F8011FF7
:1020D000384604F079FAF7E7A36822681A60F8BD79
:1020E000E0290020182A0020F8B50E4C0E4F236876
:1020F0001646E2681B040D46136000F07F010A4893
:1021000004F062FA013D2E44B54206D00021384663
:1021100004F05AFA05F8010FF6E7A36822681A607E
:10212000F8BD00BFE0290020182A002010B50446A1
:10213000FFF798FF204601F054F9204610BD07B57F
:1021400002AB012203F8011D1946FFF7ADFF03B0F2
:102150005DF804FB07B501220DF10701FFF7C4FF8D
:102160009DF8070003B05DF804FB0A460146002015
:10217000FFF79ABF0A4601460020FFF7B5BF0000EF
:1021800010B50DF01FFC0CA3D3E900230DF0BEFD2C
:102190000DF06AFF0446C0F307410620FFF7CFFFAA
:1021A000C4F307210720FFF7CAFFE1B20820BDE80A
:1021B0001040FFF7C4BF00BF0000000080844E4005
:1021C000144910B50A78044690B932B901230B704E
:1021D000114BDA681B681B0413600120FFF7BAFF7C
:1021E00000F0F80121430120BDE81040FFF7A7BF30
:1021F000094B2AB11A6800200870D96812040A60D5
:10220000032C1A6803D0DB6812041A60E5E79B68A8
:10221000FBE700BFF42A0020C42900200120FFF7BB
:10222000CFBF0020FFF7CCBF10B504460120FFF759
:1022300091FFC0F3C010844226D0012C13D0FFF7C9
:10224000F0FF0120FFF786FF00F07F010120FFF77C
:1022500076FF00214020FFF772FF30214120BDE8CA
:102260001040FFF76CBFFFF7DCFF2046FFF772FF5F
:1022700060F07F01C9B22046FFF761FF00214020D6
:10228000FFF75DFF0021E9E710BD10B5044601200E
:10229000FFF7CAFF2CB134213920BDE81040FFF709
:1022A0004EBF1221F8E700002DE9FF47594C0546C3
:1022B00004F0B2FC0121204600F000FC04F0C2FC56
:1022C0002368E2681B041360012004F055FF04F04A
:1022D000A3FC2046002100F0F1FB04F0B3FC062033
:1022E00004F04AFF2E784C4C042E1CD104F094FCD0
:1022F0000021204600F0E2FB04F0A4FC012004F0E1
:102300003BFF63681A6823681A4214BF012600263F
:1023100004F082FC2046012100F0D0FB04F092FC86
:10232000012004F029FF2368E2683C483C4C1B0470
:1023300013603C4B9A681B6813600821002204F06C
:1023400021F9394804F00AFF0020FFF739FF102275
:10235000ACBB2146684606F031FA69463348344C36
:1023600004F01FF86846FEF787FB10227CBB21466D
:10237000684606F023FA69462E48DFF8C8802E4CDE
:1023800004F00FF86846FEF777FB4FF003090023CF
:102390005F1CDBB2D8F80020B2FBF9F29A421ED9DA
:1023A00003EB430304EB030AE05CFFF73DFF9AF8FD
:1023B00002109AF80100FFF7C2FE3B46E8E7002151
:1023C000684606F0FBF91D4B00940393C5E7002116
:1023D000684606F0F3F9194B00940393CBE768794C
:1023E000174CFFF721FF95F82800FFF74EFF42201A
:1023F000FFF7B0FE38B92046FFF742FE4FF07E509F
:1024000004F0ACFEF3E7A868FFF7BAFE304604B06C
:10241000BDE8F087FC290020C4290020182A0020EC
:10242000FD1C0008E0290020CDCCCC3D2429002053
:10243000B51C000874290020CF1D01087412010882
:10244000021E0108D001002073B5224D224C234EFC
:102450000A21284603F04AFF2846214D22463146EC
:1024600000F054FE1321284603F040FF2246314677
:1024700028461C4D00F04AFE4FF0FF330093062221
:1024800005230721284604F0D1F82246164928469C
:1024900000F03CFE154B1C2422461846002106F095
:1024A0008DF9162103F0D8FE114B22461846002163
:1024B00006F084F9002103F0BCFE0E4B22460021F9
:1024C000184606F07BF9212102B0BDE8704003F008
:1024D000B0BE00BF24290020C801002045630008C9
:1024E00074290020182A002065200008E029002017
:1024F000FC290020C42900200FB407B5064B04AA0C
:102500001B6852F8041BD868019208F007FC03B05E
:102510005DF804EB04B070477406002013B5084B57
:102520000024CDE900340122082307212046FEF7CC
:1025300053FDFEF74DFD034B1C7002B010BD00BFF4
:102540002021F636F52A002010B5044648B9FFF7D9
:10255000E3F9FFF7E3FF084B1B682046BDE8104096
:102560001847012807D1FFF7D7F9FFF7D7FF024B2C
:1025700002201B68F2E710BD382B00202DE9F04146
:10258000884615461F469DF9186000283BD1202A31
:1025900003D92648FFF7B0FF2025254C2A4641469F
:1025A000204605F0F5FF234B1F80234B1E70267835
:1025B0002746FEB9214BA4781B78A34201D0FF2CFB
:1025C0001BD1A4F1FF035C425C4101261C4B1B782C
:1025D000ABB9FFF7A1F9FFF7A1FF012E24D1194BE9
:1025E000787819492A1F1D68D2B22346AC46BDE847
:1025F000F041604700242646E8E73446E6E7134802
:10260000FFF77AFFE9E7013801280DD80C4B1B785A
:102610002BB9FFF781F9BDE8F041FFF77FBF0B4809
:10262000BDE8F041FFF768BFBDE8F0810F1F01086A
:10263000F62A0020422B0020402B0020442B0020B3
:10264000F52A00203C2B0020FA2A0020541F010804
:102650000A4B10B518700A4B19600A4B0A491A60E8
:1026600004460A48FFF7D8F8094B00225C701A703C
:10267000FFF752F9BDE81040FFF750BF442B002090
:10268000382B00203C2B00207D2500084925000820
:10269000162B0020F7B5184F3C7834B11748214667
:1026A000FFF72AFF012003B0F0BD1C2905D914480B
:1026B0002022FFF721FF0320F5E7124D0E1DAA701F
:1026C000F6B20A460146281D2C70EE7005F060FF38
:1026D000FFF722F90C4A0823CDE9003221460123F5
:1026E00007220E20FEF75CFE31462846FEF740FE2C
:1026F00001233B702046D6E7F52A0020241E01085E
:10270000651E0108162B00202021F636014BB3F977
:1027100000007047422B0020014B93F900007047E6
:10272000402B002010B5074B1C78012C05D1064822
:102730002146FFF7E1FE204610BD044B1870002033
:10274000FAE700BFF52A0020AF1E0108442B002045
:102750000FB407B5064B07491B6805AAD868019254
:1027600008F0DCFA03B05DF804EB04B0704700BF7A
:1027700074060020C91F010837B501460D480E4AEE
:10278000037803EB83052A44545C012C06D00B4BE1
:102790002B445B5C0370204603B030BD08486422C4
:1027A00002FB03000090074802FB01020648FFF706
:1027B000CFFFF0E7452B0020B51F0108A11F01083E
:1027C000C8030020D4010020C91F0108014B18785C
:1027D000704700BF452B0020014B00221A70704744
:1027E000452B002043692DE9F0410D46D9070446E9
:1027F00028D58168334F8268334E83683348394027
:10280000B94202EA060204BF0127A760B24203EA06
:10281000000304BF4FF48076A660834204BF4FF4E8
:102820008030A0602748814205D027498A4202D0E3
:10283000264A934206D1264B264A1B6852F82500A9
:1028400001219847E2686369920708D09F0706D57F
:102850001F4B204A1B6852F8250000219847A169A8
:10286000626963698E070AD5900508D5190406D5F3
:10287000174B184A1B6852F8250005219847A7698D
:102880006669626917F0040706F4806609D046B1EC
:10289000120406D50E4B0F4A1B6852F8250007217B
:1028A000984763695FB156B11B0408D5084B094AC4
:1028B0001B6852F825000221BDE8F0411847BDE829
:1028C000F08100BF030000040003000800000310B3
:1028D000502B0020482B002000210148FFF782BF29
:1028E00000640040FFF7F8BFFFF7F6BF0121014881
:1028F000FFF778BF00680040FFF7F8BFFFF7F6BFAB
:1029000030B5036891FAA1F4B4FA84F491FAA1F114
:102910000325B1FA81F1640005FA04F4490023EAC1
:10292000040302FA01F11943016030BD00B5002330
:1029300089B007286FD8DFE800F00413202D3A474C
:1029400054610093364B37481A6B42F001021A6308
:102950001B6B03F001030093009B09B05DF804FBBF
:1029600001932F4B30481A6B42F002021A631B6B23
:1029700003F002030193019BEFE70293284B2B48DE
:102980001A6B42F004021A631B6B03F004030293F8
:10299000029BE2E70393224B25481A6B42F00802A0
:1029A0001A631B6B03F008030393039BD5E704939F
:1029B0001B4B20481A6B42F010021A631B6B03F08A
:1029C00010030493049BC8E70593154B1A481A6B30
:1029D00042F020021A631B6B03F020030593059B52
:1029E000BBE706930E4B15481A6B42F040021A6380
:1029F0001B6B03F040030693069BAEE70793084B5F
:102A00000F481A6B42F080021A631B6B03F08003BD
:102A10000793079BA1E70B4804F066FC00209CE7A6
:102A2000003802400000024000040240000802405A
:102A3000000C024000100240001402400018024046
:102A4000001C02409C220108431C10B5044604D11E
:102A500076220649064803F0C9FE2046002100F010
:102A60000BFE04F00F040120A04010BDBD220108A0
:102A70001723010870B504464B1C0E46218216D060
:102A8000C1F30310FFF752FF05463046FFF7DCFFA6
:102A9000238A074A656103F00F03206052F8233050
:102AA000A36105F1100318356360A560E56070BD92
:102AB000D4250108B0F9100000F076BE0A4619B915
:102AC00081694069FFF71CBF0122F9E74C23F0B58B
:102AD0004343224E224F1A1D324400244FF0010E70
:102AE0001E448C4205D10146BDE8F0401D4804F06B
:102AF000FBBB33680EFA04F51D422BD0136B7D69C6
:102B00000EFA03F32B4225D0D2F818C07B6115686A
:102B100005B3FA6833EA020203D1BA6833EA020263
:102B200014D10F4A916833EA010103D1D26833EA24
:102B300002020DD1DCF81020134214BF0121022142
:102B4000094B28461B68BDE8F04018470221F7E70B
:102B50000121F5E701340432C3E700BF542B002004
:102B6000003C014051230108682D00200621084641
:102B7000FFF7ACBF05210846FFF7A8BF01210420DD
:102B8000FFF7A4BF01210320FFF7A0BF012102200E
:102B9000FFF79CBF01210846FFF798BF01210020E5
:102BA000FFF794BF012910B518D11B4C838952B18E
:102BB000A26803F00F0399401143A160836843F0BA
:102BC0000103836010BDA26803F00F03994022EA5D
:102BD0000101A160836823F00103F2E70229F1D12A
:102BE0000D4983895AB1CC6803F00F03012202FA20
:102BF00003F32343CB60836843F00203E1E7CA6831
:102C000003F00F03012404FA03F322EA0303CB6069
:102C1000836823F00203D4E7003C0140B0F90C3094
:102C200099B270B501F00F0606F00C0404F180446F
:102C300004F59C3401F00301A56889000F228A4045
:102C4000C3F3031325EA02058B402B43A3600F4B0C
:102C500001221968B240114319608468E50742BF38
:102C6000996811439960A10742BFD9680A43DA60A5
:102C700090F90030002B08DB5909012203F01F03F3
:102C800002FA03F3024A42F8213070BD003C0140D1
:102C900000E100E02DE9F04F92464A1C85B08046E5
:102CA0000C4666D000220392334A344F516C41F4F3
:102CB00080415164526C02F480420392039A04F002
:102CC0000F090C2202FB0972C4F303105568062D8C
:102CD00047D8DFE805F0043A3C3E40424400284E25
:102CE0000193FFF723FE0C2101FB09F17A1857F835
:102CF00001E0244FA8F80C404C21694301247B5883
:102D000092F90820C8F8045004FA0EF44FF0000BB2
:102D10001C4388F80020C8F808B07C50132101FB40
:102D200005E507EB8501019B4B60174BC861C3F8B4
:102D300000A0164BC1F834909B681032404643F80F
:102D40002260FFF76BFF584610E0114EC8E7114EA6
:102D5000C6E7114EC4E7114EC2E7114EC0E7114E4F
:102D6000BEE7114804F0C0FA4FF0FF3005B0BDE8EF
:102D7000F08F0846FAE700BF003802407C230108C4
:102D80009D2B0008542B0020682D002000ED00E052
:102D9000952B00088D2B0008852B00087D2B000843
:102DA000752B00086D2B00082A2301088389184A17
:102DB00003F00F03012110B501FA03F39468DB431C
:102DC0001C409460D4681C40D46014682340136095
:102DD00090F90030002B0CDB5A0903F01F0301FAB5
:102DE00003F320320B4941F82230BFF34F8FBFF37A
:102DF0006F8F90F90030002B09DB5A09012103F095
:102E00001F0301FA03F36032024941F8223010BD7A
:102E1000003C014000E100E0838903F00F020C2335
:102E20005343104A70B54468D658FFF7BFFF4C2192
:102E30000D4A6143012000FA06F55058132303FBA5
:102E4000046320EA0500505002EB8300002141603A
:102E5000981D0C3302EB800002EB83034160596044
:102E600070BD00BF7C230108542B002008B503F07F
:102E70007BF8002008BD000008B50A4B1B684BB169
:102E800003F0EEF904F0EDF84FF47A7200230DF040
:102E90000BF908BD03F0BCF84FF47A73B0FBF3F004
:102EA00008BD00BF6C2D002010B588B003F0B4FE43
:102EB000052101A803F0D0F90424039B019A1A60AC
:102EC000962004F059F9019B049A1B041360962084
:102ED00004F052F9013CF0D10424039B019A1A60DA
:102EE0004FF4C87004F048F9019B049A1B04136066
:102EF0004FF4C87004F040F9013CEED1DCE700006B
:102F000070B50D46A0B0044603F086FE2B4622465F
:102F10008021684607F050FF051E03DC03F092FE97
:102F200020B070BD094B1B6823B903220221084859
:102F300000F08EFE064E00241DF8041030460134C9
:102F400001F068F8A542F7D1E8E700BFB42D0020F2
:102F50005C2F00200FB407B504A951F8040B0191B0
:102F6000FFF7CEFF03B05DF804EB04B0704700003C
:102F700008B502F0A7FF01F0ABF802F093FF02F0F2
:102F8000A1FF024B01221A6008BD00BF6C2D00207A
:102F900000207047036801221B690021184703685D
:102FA00000221B691146184703681B69184703680C
:102FB0009B69184703689B6A184700290CBF6FF08C
:102FC000180000207047012070471120704770479B
:102FD0006FF01C0070476FF01500704701207047BC
:102FE0000020704770470000F8B5074E15460C46A4
:102FF0008F18BC4205D014F8011B304601F00AF8C6
:10300000F7E72846F8BD00BF5C2F002038B58DB229
:1030100015F0010405D0084800F096FD041C18BF07
:103020000124EB0605D5044800F0A4FD08B144F0E6
:103030001004204638BD00BF5C2F002010B50446A8
:1030400005F048FA204610BD10B50C462AB10448D8
:1030500000F0CEFF2070012010BD104610BD00BF53
:103060005C2F002038B51D46074B0360074B1B68DB
:10307000044633B9064800F0EBFD2946044800F049
:10308000AFFD204638BD00BFB8240108B42D002094
:103090005C2F0020002070470020704708B50120F9
:1030A00000F036F80C4A136810B51844EFF30881A5
:1030B000884205D3094B0C221A604FF0FF3010BD37
:1030C00007490C6824B10749096821448842F1D2B4
:1030D0001060184610BD00BF58060020242F0020A5
:1030E000802D0020842D0020074C08B5236805465C
:1030F000986804F015FC2368D86804F011FC0DB141
:10310000FFF7D2FEFEE700BF7406002001207047E3
:1031100008B5FFF7E9FF01207047002105F070BCFA
:103120007047704708B5FFF7FBFF08BD08B5FFF70C
:10313000F8FF08BD10B5037803F00303012B044624
:103140000CD02BB140F2A9520549064803F04EFBC2
:10315000237843F002032370012010BD002010BD2E
:10316000002501085725010810B5037803F0030373
:10317000022B044605D040F2B1520549054803F040
:1031800035FB237823F0030343F00103237010BDC4
:10319000002501087D2501083F2870B504462FDC75
:1031A000184D55F820305A1C13D1022811DCFFF7B6
:1031B00073FF034658B92046FFF76CFF034630B94A
:1031C000114E3378BFF35B8FDB0704D50F4B45F807
:1031D0002430184670BD3046FFF7ACFF0028F5D00C
:1031E0004FF41653032202210848FFF73BFF3046F5
:1031F000FFF7BAFF064A07490448FFF787FFE5E7EC
:103200000023E6E758050020702D00207C2D0020CB
:10321000C8010020E52F000838B50546FFF7BCFFC0
:103220000B4B002443F8254030B904F03FFA092342
:1032300003604FF0FF3038BD03685B699847051E97
:1032400004DA04F033FA6D420560F2E7204638BD37
:1032500058050020FFF7E0BF38B50C461546FFF7CC
:103260009BFF38B904F022FA092303604FF0FF34C2
:10327000204638BD03682146DB682A469847041E6D
:10328000F6DA04F013FA64420460EFE708B5131E9F
:1032900006DA04F00BFA162303604FF0FF3008BD86
:1032A00004D0FFF7D9FF40EAE07008BD184608BD1A
:1032B00038B50C461546FFF76FFF38B904F0F6F93C
:1032C000092303604FF0FF34204638BD03682146D0
:1032D0009B682A469847041EF6DA04F0E7F9644230
:1032E0000460EFE7002A08B503DBBDE80840FFF7FC
:1032F000DFBF04F0DBF9162303604FF0FF3008BD99
:1033000010B5FFF749FF044628B904F0CFF90923A7
:103310000360204610BD0368DB699847041EF8DA95
:1033200004F0C4F9644204600024F2E71FB50422EB
:103330000C4640230DEB020101900DF109008DF8C0
:10334000083005F025F9214602A804F07DFC04466A
:1033500030B10198FFF7D4FF10B12046FFF7DDFE32
:10336000204604B010BDFFF7CBBF38B50C4615465C
:10337000FFF712FF38B904F099F9092303604FF001
:10338000FF34204638BD036821461B692A4698470A
:10339000041EF6DA04F08AF964420460EFE7FFF7EE
:1033A000E4BF38B50D46FFF7F7FE044630B904F028
:1033B0007DF9092303604FF0FF3038BD0368DB69F6
:1033C0009847002814BF4FF400534FF400436B603C
:1033D000236820469B6A98472861002038BDFFF784
:1033E000E0BF05F077B80000034610B553F8042B92
:1033F000044602B9036022689A4204D05E2203495F
:10340000034803F0F3F9206810BD00BF3C24010815
:103410009B24010810B504460948FFF7E5FF002387
:10342000084A194652F82300A04208BF42F8231068
:103430000133402BF6D10248FFF7D6FF10BD00BF85
:10344000742D00205805002010B50F48FFF7CCFF61
:103450000E4B032453F824206AB10134402CF9D1D7
:1034600004F024F9182303600748FFF7BDFF4FF06D
:10347000FF34204610BD4FF0FF32034843F82420AC
:10348000FFF7B2FFF5E700BF742D002058050020BC
:1034900010B50446FFF7D8FF0028A4BF014B43F83E
:1034A000204010BD5805002070B506460C46FFF7B9
:1034B000EFFF054690B12146FFF738FF044630B9CB
:1034C000074B53F82520964203D143F825002046A8
:1034D00070BD04F0EBF809230360F8E70446F6E753
:1034E000580500200EB42DE9F04185B00546FFF7E0
:1034F000ABFF041E13DB0023294602A8019303F04F
:10350000C7FD02A803F016FE1B4D064668B904F07D
:10351000CDF81323036045F824604FF0FF342046B4
:1035200005B0BDE8F04103B0704702A803F0F0FD1C
:10353000074602A837B103F0F4FD0190019B45F85E
:103540002430ECE703F0DBFD06460028DFD00368FB
:1035500002A8D3F8088003F0C7FD0B9B024601A91F
:103560003046C04706460028E8D004F09FF876426F
:10357000066045F82470D0E75805002073B50E4664
:103580001849054605F070FB044620B9FFF704FE14
:10359000204602B070BD1449284605F065FB20B9ED
:1035A0000120FFF7F9FD0124F2E71049284605F054
:1035B0005BFB20B90220FFF7EFFD0224E8E72B7840
:1035C000402B07D10422691C0DEB020004F0E0FF40
:1035D000019CDDE726F400412846FFF783FF0446FF
:1035E000D6E700BFC4250108CB250108BC2501088A
:1035F00070477047074B08499A68084810B5043A65
:1036000052F8044F41F8044F8142F9D14FF0005273
:103610009A6010BD00ED00E0FCFFFF1FC00100201C
:1036200008B5FFF7E7FFFFF7A3FCFFF7E2FF08BDD0
:1036300008B5FFF7DDFFBDE80840FCF73DBE30B53B
:10364000C36891FAA1F4B4FA84F491FAA1F10325C4
:10365000B1FA81F1640005FA04F4490023EA040395
:1036600002FA01F11943C16030BD012A02D0022AD9
:1036700018BF0022FFF7E3BF2DE9F0410E46411CC1
:10368000044604D13E224449444803F0AFF804F014
:103690000F08434BC4F3031053F82850FFF746F9C3
:1036A00006F007070446836895FAA5F1B1FA81F19F
:1036B00095FAA5F20320490000FA01F1B2FA82F26C
:1036C00023EA01035200022101FA02F21343A3602C
:1036D00087425AD8DFE807F05E1D021DB8F1070FD8
:1036E000C6F303203BD9626A2B0A93FAA3F1B1FA1D
:1036F00081F193FAA3F34FF00F0EB3FA83F389002D
:103700000EFA01F19B0022EA010200FA03F31343CF
:1037100063623B46226895FAA5F0B0FA80F095FA0C
:10372000A5F14FF0030EB1FA81F140000EFA00F05E
:10373000490022EA00028B40013F1343012F23601E
:1037400005D8636832074CBF2B43AB436360C6F3B5
:10375000011229462046BDE8F041FFF786BF226AE4
:1037600095FAA5F3B3FA83F395FAA5F14FF00F0E8E
:10377000B1FA81F19B000EFA03F3890022EA0302F9
:1037800000FA01F313432362C3E7672202490548A5
:1037900003F02CF80023BDE71426010817230108C5
:1037A000D42501080B2D0108431C70B506460D46B3
:1037B00004D188221B491C4803F018F806F00F02B8
:1037C0001A4BC6F3031053F82240FFF7AFF804FB7F
:1037D00004F2016802EB42030B40B3FBF2F3013B3E
:1037E000012B05D8EB1E022B436809D82343436005
:1037F000032D08D101222146BDE87040FFF735BFF7
:1038000023EA04034360012DF4D0052D01D0022DDD
:1038100001D10222EFE721460022BDE87040FFF708
:103820000EBF00BF1426010817230108D425010884
:1038300070B5A6B03422002102A804F0BFFF5C22BC
:1038400000210FA804F0BAFF2A4B1D68002D4FD1AC
:10385000294C019501261E60236C43F0805323649C
:10386000236C03F080530193019B00F05DFC042363
:1038700002A802930895049600F0C0FF10B11F48FB
:1038800003F032FDA36823F4F813A360A36823F4C4
:10389000F813A360236F43F48073236720230F93EF
:1038A0000FA84FF480731F9300F058FD10B1144817
:1038B00003F01AFD134B144801221A60134B0360E6
:1038C00003220023826041F6FF7243774360C260A7
:1038D00003614361836101F05EF910B10C4803F0AC
:1038E00003FD094801F089FA10B10A4803F0FCFC15
:1038F00026B070BD902D0020003802406C260108D3
:103900008C2601083C0E4742942D002000280040E0
:10391000B5260108CF260108F0B51F4B1F491C68CA
:103920001F4A5D688BB00C4015401E460F46186854
:10393000084084422BD158681040854227D105F0B9
:103940003F0001F051FA0490C5F3042001F04CFA55
:1039500001380590280C01F047FA44300690C4F372
:10396000054001F041FA0390C4F3062001F03CFA4F
:10397000029004F07F0001F037FA012201906946BD
:1039800001A802F051FF00B100980BB0F0BD3468FF
:1039900075683C401540CAE7002800407F7F7F00E3
:1039A0003FFFFF00024BD868C0F30010704700BF14
:1039B00000280040214B224A2DE9F0411D691C6876
:1039C0009E6AC5F30E051440184617461968114043
:1039D0008C422ED1996A8E422BD1C4F3054001F05E
:1039E00003FA0746C4F3062001F0FEF9804604F00E
:1039F0007F0001F0F9F9134A13493C2313FB080037
:103A00004FF4616303FB07001368146898420B6866
:103A10003CBF03F5A83303F5C0731B1B03440B60C5
:103A200010600868013DC00305EB9000801BBDE8F5
:103A3000F0810468866A3C40C8E700BF0028004067
:103A40007F7F7F008C2D0020882D002030B591B025
:103A500000211422044602A8019104F0AFFE03F0F5
:103A6000DBF82A4B2A4A1A6007A90122204602F0F5
:103A70002BFF002848D00D9B03B907238DF8043095
:103A80000B9B01338DF805300A9B8DF806300C9B9B
:103A9000443B8DF80730099B8DF80830089B8DF862
:103AA00009300024079B8DF80A308DF80B400594EF
:103AB0000694FFF77FFF9DF809109DF80A20134830
:103AC0003C2313FB01229DF808304FF4616101FB98
:103AD0000323104A13600E4B224601A99D6A01F090
:103AE000B3F810B10C4803F0FFFB002202A907480D
:103AF00001F00AF910B1094803F0F6FB044A936A91
:103B00009D42FCD103F09EF811B030BD942D0020F1
:103B1000002800408C2D0020E8260108FF2601081F
:103B20000FB407B5064B07491B6805AAD868019270
:103B300007F0F4F803B05DF804EB04B0704700BF81
:103B400074060020162701084368094A9B0182B0C9
:103B5000D3581A68120706D5002201921A680192FA
:103B60005A680192019A1868C0F3401002B0704779
:103B7000A82F00204368034A9B01D3581868C0F35C
:103B8000C0107047A82F002042681449920110B459
:103B900004685450531882685A60C2689A60026977
:103BA000DA6042691A61026A9A610022DA84DA6193
:103BB0009A84DA859A85B0F91A20013206D1082252
:103BC0005A6118465DF8044B01F0B1BEB0F91820F7
:103BD00001320CBF04220C22F2E700BFA82F002004
:103BE00010B581600C46FFF7CFFF28B1214603488E
:103BF000BDE81040FFF794BF10BD00BF16270108B5
:103C0000124B984217D0A3F54C43984215D003F5B8
:103C10008063984213D003F58063984211D003F576
:103C2000806398420FD003F5444398420CBF0520AF
:103C30004FF0FF307047002070470120704702208E
:103C40007047032070470420704700BF00100140F8
:103C5000F0B50E4687B004465B493046154602F083
:103C600037FC5A490746284602F032FC01463846DE
:103C700002F008FC2060013004D13D22544955482F
:103C800002F0B4FD022E0CD0032D0AD04E490220C2
:103C900002F01EFC874202D14F4803F025FB0027AB
:103CA00000E001274D4B206898424FF000031AD1E5
:103CB00000934B4B5A6C42F010025A645B6C03F059
:103CC00010030093009B474B984229D10023059392
:103CD000434B5A6C42F020025A645B6C03F02003A1
:103CE0000593059B1CE0404A90420BD101933C4B4D
:103CF0001A6C42F400321A641B6C03F40033019313
:103D0000019BE0E7394A904240D10293344B1A6C50
:103D100042F480221A641B6C03F480230293029BFA
:103D2000FFF76EFF0028606004DAA42228493048BB
:103D300002F05CFD2449304602F080FB234928460E
:103D400002F07CFB721C03D001213046FFF72CFDF2
:103D50006B1C03D001212846FFF726FD4FF41653B4
:103D6000A3600023E360236163612362268365838C
:103D70002046FFF709FF3FB11E4B1F4801221A6082
:103D800021464C2204F004FC07B0F0BD1B4A9042CF
:103D90000BD10393124B1A6C42F400221A641B6C71
:103DA00003F400230393039BBAE7154A90428AD198
:103DB00004930B4B1A6C42F480121A641B6C03F4CC
:103DC00080130493049BABE724220108AC21010873
:103DD000402701089C270108B8270108001001406E
:103DE00000380240001401400044004000480040F8
:103DF000ED270108B42D00205C2F0020004C00406E
:103E000000500040002808DB4209012300F01F0099
:103E100003FA00F0014B43F82200704700E100E094
:103E200000280DDB4309012200F01F0002FA00F018
:103E30002033044A42F82300BFF34F8FBFF36F8F44
:103E4000704700BF00E100E0F7B5FFF7D9FE071E9D
:103E500026DB144E56F8270010B3134CBD016359EE
:103E60001A68120606D5DB68190603D50F4B012127
:103E70001B68984763591A68920608D5DB6898064C
:103E800005D50A4B56F827001B680021984763594F
:103E90001A68110704D55A69D20744BF5B680193B9
:103EA00003B0F0BDBC2D0020A82F0020B82D0020AD
:103EB0000148FFF7C9BF00BF001401400148FFF7E8
:103EC000C3BF00BF005000400148FFF7BDBF00BFA7
:103ED000004C00400148FFF7B7BF00BF004800405A
:103EE0000148FFF7B1BF00BF004400400148FFF7A1
:103EF000ABBF00BF00100140034B19604168034B8A
:103F000043F82120704700BFB82D0020BC2D0020B1
:103F100030B490E818002C48834233D00AD8A0F57A
:103F20000060834228D000F58060834227D00023C0
:103F300018460FE0254883420AD000F5806083428E
:103F400023D0A0F544408342F1D1214B352001E03C
:103F5000204B2520204DA401FAB1C9B92959CA68BE
:103F600042F02002CA601D4A00F11001926830BC84
:103F700042F82130FFF746BF194B2620EAE7194BDC
:103F80002720E7E7184B3420E4E7184B4720E1E708
:103F90002959CA6842F08002E4E72B59DA6849B926
:103FA00022F02002DA60DB6813F0800F09D130BC08
:103FB000FFF736BF22F08002DA60DB6813F0200FD3
:103FC000F4E730BC704700BF004C004000100140D7
:103FD000BD3E0008ED3E0008A82F002000ED00E0E7
:103FE000E13E0008D53E0008C93E0008B13E000889
:103FF00038B5446805462846FFF7A6FD0028FAD0E4
:10400000A401034B1B595868C0F3080038BD00BF1A
:10401000A82F002070B5456806460C463046FFF7CD
:10402000A9FD0028FAD0AD01024B5B59C4F3080486
:104030005C6070BDA82F002008B50E4AC36D934286
:1040400014D008D8A2F5806293420FD00A4803F03A
:104050004BF9002008BD094A934203D002F5806263
:104060009342F3D1BDE8084000F04AB9BDE80840EA
:1040700000F036B9003C0040FF2701080030014045
:10408000DFF830D0002103E00B4B5B584350043184
:104090000A480B4B42189A42F6D30A4A02E0002320
:1040A00042F8043B084B9A42F9D301F01FFEFCF79B
:1040B000ADF870470000022078340108C8010020E4
:1040C000441000204810002070310020FEE77047A7
:1040D00008B50B4B1A6842F400721A601A6842F471
:1040E00080621A601A6842F480721A60032000F03D
:1040F00009F80F20FEF7BAFEFFF7E9FF002008BD20
:10410000003C0240074AD36823F4E0631B041B0C05
:1041100043F0BF63000243F4003300F4E060034364
:10412000D360704700ED00E0014B01221A60704738
:1041300020000E4237B500230193184B184C1A6C1F
:1041400042F080521A641B6C03F080530193019B70
:10415000144B01221A60FEF78FFE05466368DA03EE
:104160000BD5114B0E4C01221A60FEF785FE054659
:1041700063689B030AD5002006E0FEF77DFE401B26
:10418000B0F57A7FEAD9032003B030BDFEF774FEA4
:10419000401BB0F57A7FEBD9F5E700BF003802404D
:1041A0000070004040000E4244000E422DE9F041F4
:1041B0000D46044610B90120BDE8F081444B1A6851
:1041C00002F00F028A4228D321688F072DD4C80736
:1041D00040D43F4B1A6802F00F02954266D3226822
:1041E00051076CD4130707D53A4A2169936823F421
:1041F000604343EAC103936000F0B8FA354B364A96
:104200009B68C3F30313D35CD840344B18600F2072
:10421000FEF72CFE0020BDE8F081CAB21A701B68C0
:1042200003F00F039942C6D1CEE72A4B11F0040FD9
:104230001EBF9A6842F4E0529A600E0742BF9A6825
:1042400042F460429A609A68A06822F0F002024349
:104250009A60BCE762681F4B012A1DD11B6813F4EA
:10426000003FA8D01B4EB36823F003031343B36091
:10427000FEF702FE41F288380746B368626803F031
:104280000C03B3EB820FA4D0FEF7F6FDC01B404534
:10429000F3D90320BDE8F081911E01291B6802D8E3
:1042A00013F0007FDDE713F0020FDAE7EAB21A70CD
:1042B0001B6803F00F039D427FF47DAF8FE7054934
:1042C000E0688B6823F4E05303438B608AE700BF08
:1042D000003C024000380240052901085C0600202D
:1042E000044B054A9B68C3F38223D35C034A1068DE
:1042F000D840704700380240152901085C060020AC
:10430000044B054A9B68C3F34233D35C034A1068ED
:10431000D840704700380240152901085C0600208B
:104320000F2303600B4B9A6802F0030242609A6805
:1043300002F0F00282609A6802F4E052C2609B6868
:10434000DB0803F4E0530361034B1B6803F00F0326
:104350000B60704700380240003C024003682DE9C2
:10436000F74313F0010604460BD0AA49866BD1F837
:104370008C2022F0C0623243B6FA86F6C1F88C2057
:1043800076099D070BD5A348E16BD0F88C2022F06D
:10439000C0520A430029C0F88C2008BF012613F040
:1043A000040512D09B49256BD1F88C20B5F5801FF0
:1043B00022F4401242EA050218BFB5FA85F5C1F8A9
:1043C0008C2012BF6D090025012618070FD59148D2
:1043D000616BD0F88C2022F440020A43B1F5800FC3
:1043E000C0F88C2000F00981002908BF012599063A
:1043F00033D500230193874B874F1A6C42F08052CC
:104400001A641B6C03F080530193019B3B6843F4D7
:1044100080733B60FEF730FD80463B68DA0540F173
:10442000EE807C4F3B6F13F4407340F0FB80236CB5
:1044300003F44072B2F5407F764A40F016819168ED
:1044400023F0704021F4F81120F440700143916092
:10445000116FC3F30B030B4313672368D90642BFE5
:104460006E4B94F858201A6023681A0608D56949DB
:10447000E06CD1F8942022F440020243C1F8942069
:104480005F0608D56349A06CD1F8942022F08062C1
:104490000243C1F89420D8050CD55E48616DD0F870
:1044A000942022F000620A43B1F1006FC0F894201A
:1044B00008BF0125990508D55649606CD1F89420AC
:1044C00022F080520243C1F894205A0500F1D180B5
:1044D000012E40F0DC80524E4E4F00233360FEF739
:1044E000CBFC80463B681B0100F125812268D00788
:1044F00001D5A36B1BB1910715D5E36B9BB945495A
:10450000D1F88430D1F8840003F4403300F07060B7
:10451000034360680343A06843EA8013606943EA89
:104520000073C1F88430530703D5236BB3F5801FA4
:1045300005D0170720D5636BB3F5800F1CD1354923
:10454000D1F88430D1F8840003F4403300F0E04027
:10455000034360680343A06843EA8013206943EA89
:104560000063C1F88430D1F88C00A36A20F01F00EA
:10457000013B0343C1F88C3050051BD5236DB3F1CB
:10458000005F17D123486768D0F88410D0F88430D2
:1045900003F0E0433B43A768C1F30141013143EA23
:1045A000871343EA4163E1684908013943EA01435B
:1045B000C0F88430110511D52369A2681B0643EAAF
:1045C000821362681343626943EA0273E268520825
:1045D000013A43EA02430F4AC2F8843001233360B0
:1045E000FEF74AFC0B4E074633681A0153D4FEF718
:1045F00043FCC01B0228F7D908E00126F7E6FEF7C6
:104600003BFCA0EB080002287FF607AF032003B0B5
:10461000BDE8F0830038024000700040E0114742DE
:1046200068004742226C02F4407293423FF4FFAEAE
:104630003B6F4B4A0121116023F44073002111604C
:104640003B673B6FDB077FF5F2AEFEF715FC41F2EF
:10465000883980463B6F98073FF5E9AEFEF70CFCC2
:10466000A0EB08004845F5D9D0E7916821F4F8118E
:10467000EDE63C48216DD0F8942022F000520A4328
:10468000B1F1005FC0F894207FF422AF23E7B3F5C7
:10469000006F3FF420AF012D4BD1334D314E00233D
:1046A0002B60FEF7E9FB074633689B004BD421687B
:1046B0004E0701D5236B1BB108071AD5636BC3B92D
:1046C000284AA069D2F8883003F440330343E069F4
:1046D00043EA8013606A43EA0063C2F88830D2F884
:1046E0008C30E06A23F4F853013843EA0023C2F81F
:1046F0008C30CA0514D5636DB3F1006F10D1194920
:10470000A269D1F8883003F070631343E26943EA89
:104710008213226A5208013A43EA0243C1F8883000
:1047200001232B60FEF7A8FB0E4C054623689B0077
:104730000FD500206BE7FEF79FFBA0EB08000228D7
:104740007FF6D0AE62E7FEF797FBC01B0228ABD91D
:104750005CE7FEF791FB401B0228E7D956E700BF54
:10476000400E47420038024070004742204908B5D9
:104770008B6803F00C03082B07D00C2B20D01D4AAC
:104780001D48042B18BF104608BD4A684B6849688D
:1047900013F4800314BF18481648C1F3881118BFDA
:1047A000002302F03F02A1FB00010BF07DFC104B47
:1047B0005B68C3F3014301335B00B0FBF3F008BD5A
:1047C0004A684B68496813F4800314BF0A480948D3
:1047D000C1F3881118BF002302F03F02A1FB0001C2
:1047E0000BF062FC024B5B68C3F30273E5E700BFAA
:1047F000003802400024F40000127A0003682DE91A
:10480000F341DF07044610D423689E0767D423686A
:104810001A0700F1B28023685B0700F1D080A2691B
:10482000002A40F0398100201EE0974B9A6802F080
:104830000C02042A10D09A6802F00C02082A02D155
:104840005B685D0208D4904B9A6802F00C020C2A57
:104850000DD15A6850020AD58B4B1B689903D3D5EA
:104860006368002BD0D1012002B0BDE8F0816268FE
:10487000B2F5803F11D11A6842F480321A60FEF717
:10488000FBFA814D06462B689A03BDD4FEF7F4FA75
:10489000801B6428F7D90320E6E77B4DB2F5A02FF3
:1048A0002B6807D143F480232B602B6843F48033BB
:1048B0002B60E4E723F480332B602B6823F4802300
:1048C0002B60002ADBD1FEF7D7FA06462B689B0344
:1048D0009AD5FEF7D1FA801B6428F7D9DBE76A4B3B
:1048E0009A6812F00C0F10D09A6802F00C02082A95
:1048F00002D15B685F0208D5634A936803F00C033A
:104900000C2B11D153685E020ED45F4B1A689507C9
:1049100002D5E268012AA6D11A68216922F0F802BC
:1049200042EAC1021A6072E7E268584BB2B1012252
:104930001A60FEF7A1FA544D06462B68980707D572
:104940002B68226923F0F80343EAC2032B605EE779
:10495000FEF792FA801B0228EFD99CE71A60FEF757
:104960008BFA494D06462B6899077FF550AFFEF745
:1049700083FA801B0228F6D98DE76269444B7AB12D
:1049800001221A60FEF778FA3F4D06466B6F9F07CB
:104990003FF541AFFEF770FA801B0228F6D97AE79F
:1049A0001A60FEF769FA384D06466B6F98077FF577
:1049B00032AFFEF761FA801B0228F6D96BE7324B63
:1049C0001A6C12F0805228D101921A6C42F0805277
:1049D0001A641B6C03F080530193019B01262D4D3B
:1049E0002B68D9051BD5A368274D012B27D12B6F29
:1049F00043F001032B67FEF73FFA234D074641F2D0
:104A000088382B6F9B0739D5002E3FF408AF1E4A1C
:104A1000136C23F08053136401E70026DFE72B6853
:104A200043F480732B60FEF727FA07462B68DA05FC
:104A3000D9D4FEF721FAC01B0228F7D92BE7052BA2
:104A400004D12B6F43F004032B67D0E72A6F22F0C9
:104A500001022A672A6F22F004022A67002BCAD1BA
:104A6000FEF70AFA41F2883807462B6F9807CBD534
:104A7000FEF702FAC01B4045F7D90CE7FEF7FCF938
:104A8000C01B4045BDD906E7003802400000474240
:104A9000800E474200700040234DAB6803F00C03CA
:104AA000082B3FF4E0AE214E0023022A33602DD1C3
:104AB000FEF7E2F907462B68990121D4226AE369DF
:104AC0001343626A43EA8213E26A43EA0263226B97
:104AD00043EA0273A26A144C5208013A43EA0243C1
:104AE0006B6001233360FEF7C7F9054623689A011E
:104AF0003FF599AEFEF7C0F9401B0228F6D9CAE689
:104B0000FEF7BAF9C01B0228D5D9C4E6FEF7B4F9FE
:104B100004462B689B017FF586AEFEF7ADF9001BBE
:104B20000228F6D9B7E600BF0038024060004742CD
:104B30007047026838B5D36823F0A003D3600446F9
:104B4000FEF79AF905462368DB689B0601D500202D
:104B500038BDFEF791F9401BB0F57A7FF3D90320F9
:104B600038BD38B50368DA685206044601D500201E
:104B700038BD4FF0FF32DA60FEF77EF90546236854
:104B8000DB685B06F3D4FEF777F9401BB0F57A7F5C
:104B9000F5D9032038BD38B50446B8B1437F03F0DA
:104BA000FF0213B90277FFF7C3FF0223637723687D
:104BB000CA225A6253225A622046FFF7D2FF236864
:104BC000054628B1FF225A620423637701252EE0AF
:104BD0009A68206922F4E00222F040029A6062683A
:104BE00099680243606902430A439A60E2681A6165
:104BF0001A69A16842EA01421A61DA6822F0800269
:104C0000DA609B689B0605D42046FFF792FF08B147
:104C10002368D7E72368A1691A6C22F480221A64FA
:104C20001A6C0A431A64FF225A62012363772846EA
:104C300038BD0023092803D840EA0310C0B27047EA
:104C40000A380133C0B2F5E7F8B5037F012B0546FA
:104C50004FF0020630D00123037746774B78C878AF
:104C60008E780C78002A48D1DA0603D523F0100399
:104C70000A334B70FFF7DDFF07464878FFF7D9FF8F
:104C800002463046FFF7D5FF40EA443040EA07408D
:104C900040EA02242B68CA225A6253225A622846EA
:104CA000FFF75FFF2B68064640B1FF225A620423DC
:104CB0006B7700232B7701263046F8BD24F07F4424
:104CC00024F0C0045C60DA6822F08002DA609B683D
:104CD0009B060AD42846FFF72CFF30B12B68FF2231
:104CE0005A6204236B772E77E5E72B68FF225A621E
:104CF00001236B7700232B77DEE71B0243EA00409A
:104D0000304340EA4434C5E7F8B5037F012B06463B
:104D10000F464FF002052FD0012303770368457734
:104D200008784D788C789B6842BB13F0400308BF2D
:104D3000CB70FFF77EFF01462846FFF77AFF024659
:104D40002046FFF776FFFB7840EA034040EA014047
:104D500040EA02243368CA225A6253225A62304619
:104D6000FFF7FFFE33680546A8B1FF225A6204230D
:104D700073770023337701252846F8BD13F04003ED
:104D80004FEA052508BFCB7045EA00402043CC78A8
:104D900040EA0444DEE704F07F3424F0FE441C6063
:104DA0009A68386922F480229A60FA689968024306
:104DB0000A439A60DA6822F08002DA609B689B06F8
:104DC0000AD43046FFF7B5FE30B13368FF225A628D
:104DD000042373773577CEE73368FF225A620123C5
:104DE000737700233377C7E7030903EB830300F0EE
:104DF0000F0000EB4300C0B27047037F012B4FF060
:104E000002030FD043770368CA225A6253225A62C0
:104E10009A6842F020029A60FF225A620123437787
:104E2000002303771846704703685A6822F0E002AF
:104E30005A604268B2F5827F0AD18268B2F5004FAB
:104E400002D0B2F5806F03D11A6822F040021A60D6
:104E5000826AB2F5005F09D11A6822F40052120486
:104E6000120C1A601A6842F400521A60012380F88A
:104E70005130002380F850300320704770B505464C
:104E80000C46164629688B689B0701D5002070BD2B
:104E9000621CF8D024B92846BDE87040FFF7C4BFB3
:104EA000FDF7EAFF801B8442ECD8F4E72DE9F041DE
:104EB000DDF8188005460F4616461C462B68986894
:104EC0003840B04202D10020BDE8F081621CF6D02B
:104ED00024B92846BDE8F041FFF7A6BFFDF7CCFF97
:104EE000A0EB08008442E9D8F3E713B50B46009223
:104EF000802100220446FFF7D9FF20B1636D43F003
:104F000020036365032002B010BD704738B5044626
:104F100000283BD090F8513003F0FF021BB980F815
:104F20005020FFF7F2FF2168A568A06AA26902235A
:104F300084F851300B6823F040030B6063682B4307
:104F4000E5682B4325692B4365692B43E5692B43B2
:104F5000256A2B43034302F400752B430B60120CAC
:104F6000636AB0F5005F02F0040242EA030208BF80
:104F7000E36A4A6008BF0B61CB6923F40063CB612D
:104F800000200123606584F8513038BD012038BD10
:104F90002DE9F3411E4690F85030012B04460D4692
:104FA000904600F0BA80012380F85030FDF764FF8E
:104FB000074694F85100C0B2012840F0AC80002DA3
:104FC0005FD0B8F1000F5CD0032384F85130002388
:104FD0006365A363A4F83680A387E38763642364CF
:104FE000A36822682563B3F5004F08BF1368A4F8CF
:104FF000348004BF43F480431360A36AB3F5005FB9
:1050000009D1136823F400531B041B0C13601368AD
:1050100043F40053136013685B065EBF136843F0EC
:1050200040031360E368B3F5006F63683AD11BB1C6
:10503000E38E9BB2012B06D135F8023BD360E38EA1
:10504000013B9BB2E386E38E9BB283B93A4631467D
:105050002046FFF713FF98B93A4631462046FFF73E
:1050600044FF002840D020236365012009E0236825
:105070009A68900703D535F8022BDA60DFE74EB95E
:105080000320012384F85130002384F8503002B00B
:10509000BDE8F081711CD6D0FDF7EEFEC01B864244
:1050A000D1D8EDE71BB1E38E9BB2012B06D115F8E9
:1050B000013B1373E38E013B9BB2E386E38E9BB20D
:1050C000002BC3D023689A68920703D515F8012BEB
:1050D0001A73EFE7002ED3D0731CEFD0FDF7CCFE90
:1050E000C01B8642EAD8CBE7A36833B90193236893
:1050F000DA6801929B680193019BA36AB3F5005F94
:1051000001BF2268136843F480531360606D003060
:1051100018BF0120B5E70220B3E70220B7E72DE969
:10512000F04385B099460023ADF80A3090F850302E
:105130000C9E012B04460D46904600F0458101234C
:1051400080F85030FDF798FE94F851306168DBB27A
:10515000012B07460AD0B1F5827F40F03381A26867
:10516000002A40F02F81042B40F02C81002D00F00C
:105170001B81B8F1000F00F01781B9F1000F00F0AA
:10518000138194F85130C4F83880012B04BF0523F3
:1051900084F851300023636523646364A36AA4F830
:1051A0003E90B3F5005FA4F83C902563A4F83690D8
:1051B000A4F83490236809D11A6822F4005212042A
:1051C000120C1A601A6842F400521A601A685006EB
:1051D0005EBF1A6842F040021A60E268B2F5006FE2
:1051E0006BD119B1E28E92B2012A06D135F8022BA9
:1051F000DA60E38E013B9BB2E3864FF00109E38E58
:105200009BB2B3B9E38F9BB29BB9A36AB3F5005FBE
:1052100040F0AE8001220097334611462046FFF74A
:1052200045FE002800F09D80636D43F00203636536
:1052300035E0B9F1000F1BD0E38E9BB2C3B12268F9
:105240009368990714D535F8023BD360E38E013B90
:105250009BB2E386E38E1FFA83F9B9F1000F29D1DF
:10526000A16AB1F5005F03D1116841F4805111606A
:10527000E38F9BB263B123689A68D20708D5DB68D5
:1052800028F8023BE38F013B9BB2E3874FF0010913
:10529000701CB4D0FDF7F0FDC01B8642AFD80325CB
:1052A000012384F85130002384F85030284605B09B
:1052B000BDE8F0834FF00009DAE719B1E28E92B24F
:1052C000012A06D115F8012B1A73E38E013B9BB21C
:1052D000E3864FF00109E38E9BB21BB9E38F9BB2CB
:1052E000002B92D0B9F1000F21D0E38E9BB2F3B125
:1052F00023689A6891071AD529781973E38E013BC0
:105300009BB2E386E38E1FFA83F96A1CB9F1000FA2
:105310000AD1A16AB1F5005F04D12068016841F4A7
:1053200080510160154602E015464FF00009E38FF9
:105330009BB273B123689A68D2070AD5DB6888F8F4
:105340000030E38F013B9BB2E38708F101084FF087
:105350000109731CBFD0FDF78FFDC01B8642BAD870
:105360009DE72368DB689BB2ADF80A30BDF80A30D0
:105370002268956815F0100507D0636D43F00203AD
:1053800063654FF6EF73936001253A463146204638
:10539000FFF774FD002882D13A4631462046FFF7D8
:1053A000A4FD18B120236365012579E7A368002BCC
:1053B0007FF476AF03932368DA6803929B680393C4
:1053C000039B6DE702256BE702256FE72DE9FF419F
:1053D0001D460023ADF80E304368B3F5827F0446C6
:1053E0000E4690460CD1836853B9042380F851309F
:1053F000134600950A46FFF792FE04B0BDE8F0811F
:1054000094F85030012B00F0CD80012384F8503007
:10541000FDF732FD074694F85100C0B2012840F074
:10542000BF80002E7DD0B8F1000F7AD0042384F81D
:105430005130002363652363A4F83E80A386E3868E
:1054400023646364A36AA663B3F5005FA4F83C8099
:1054500023680DD11A6822F400521204120C1A604B
:105460001A6842F400521A60E28F013A92B2E2875F
:10547000A268B2F5004F02BF1A6822F480421A6097
:105480001A6851065EBF1A6842F040021A60E3686B
:10549000CBB1E38F9BB2D3B123689A68D0074FD5C5
:1054A000DB6826F8023BE38F013B9BB2E387F0E722
:1054B00023689A68D20732D51B7B06F8013BE38F3D
:1054C000013B9BB2E387E38F9BB2002BF0D1A36A31
:1054D000B3F5005F45D12268136843F4805313602D
:1054E000012200972B4611462046FFF7DFFCB8B992
:1054F000E368B3F5006F23684FF001020BBFDB6870
:105500001B7B3380337000972B4611462046FFF7F4
:10551000CDFCF8B1636D43F00203636500E03DB973
:105520000320012384F85130002384F8503064E7CD
:105530006B1CC8D0FDF7A0FCC01B8542C3D8EFE7A9
:10554000002DEDD0691CA4D0FDF796FCC01B854250
:105550009FD8E5E72368DB689BB2ADF80E30BDF855
:105560000E306368B3F5827F23680AD1A268B2F572
:10557000004F02D0B2F5806F03D11A6822F04002CA
:105580001A609A68D20606D5626D42F00202626520
:105590004FF6EF729A60606D003018BF0120C0E7CF
:1055A0000220BEE7022028E7704700002E4A036869
:1055B000904212D0B0F1804F0FD0A2F57C429042C1
:1055C0000BD002F58062904207D002F580629042D3
:1055D00003D002F5784290421DD14A6823F070034F
:1055E0001343214A904204D1CA6823F44073134301
:1055F00028E0B0F1804FF7D01C4A9042F4D002F579
:1056000080629042F0D002F580629042ECD002F5C8
:1056100078429042E8D0164A9042E5D002F5806286
:105620009042E1D002F580629042DDD0A2F598323E
:105630009042D9D002F580629042D5D002F58062C6
:105640009042D1D003608B68C3620B688362064BC3
:10565000984206D003F58063984202D0012343614B
:1056600070470B690363F9E7000001400004004044
:105670000040014010B50446A0B190F8393003F065
:10568000FF021BB980F83820FFF78EFF022384F851
:1056900039302068211DFFF789FF012384F8393054
:1056A000002010BD012010BD036A10B501248C40FC
:1056B00023EA04030362036A8A401A43026210BDAC
:1056C00010B5044601220068FFF7EEFF2368084A80
:1056D000934203D002F58062934203D15A6C42F4A4
:1056E00000425A641A6842F001021A60002010BD9C
:1056F00000000140FFF7E4BF2DE9F0470668C268EB
:105700003369C16923F4405313433361044683680A
:105710000069F2680343606922F41642034322F0F1
:105720000C020B431343F3607369A26923F44073C3
:105730001343B1F5004F73617A4B7CD19E4203D085
:1057400003F580639E4244D1FEF7DAFD192505FB7F
:1057500000F360684FF064094000B3FBF0F3B3FB63
:10576000F9F34FEA0318FEF7CBFD636868435B006B
:10577000B0FBF3F7FEF7C4FD636868435B00B0FB62
:10578000F3F3B3FBF9F309FB1373DB003233B3FB21
:10579000F9F35B0003F4F877FEF7B2FD6268684343
:1057A0005200B0FBF2FAFEF7ABFD636868435B00A2
:1057B000B0FBF3F3B3FBF9F309FB13A3DB003233C4
:1057C000B3FBF9F303F0070343443B44B360BDE884
:1057D000F087FEF785FD192505FB00F360684FF0A3
:1057E00064094000B3FBF0F3B3FBF9F34FEA03188D
:1057F000FEF776FD636868435B00B0FBF3F7FEF7E6
:105800006FFD636868435B00B0FBF3F3B3FBF9F330
:1058100009FB1373DB003233B3FBF9F35B0003F4D2
:10582000F877FEF75DFD626868435200B0FBF2FA5C
:10583000FEF756FDB9E79E4202D03B4B9E4240D157
:10584000FEF75EFD676819254FF0640905FB00F35C
:10585000BF00B3FBF7F3B3FBF9F31F01FEF750FDF5
:10586000636868439B00B0FBF3F8FEF749FD63688B
:1058700068439B00B0FBF3F3B3FBF9F309FB13831D
:105880001B013233B3FBF9F303F0F008FEF738FDE8
:10589000626868439200B0FBF2FAFEF731FD63687C
:1058A00068439B00B0FBF3F3B3FBF9F309FB13A3CD
:1058B0001B013233B3FBF9F303F00F0343EA080390
:1058C00083E7FEF70DFD676819254FF0640905FBB6
:1058D00000F3BF00B3FBF7F3B3FBF9F31F01FEF7CF
:1058E000FFFC636868439B00B0FBF3F8FEF7F8FC2D
:1058F000636868439B00B0FBF3F3B3FBF9F309FB68
:1059000013831B013233B3FBF9F303F0F008FEF706
:10591000E7FC626868439200B0FBF2FAFEF7E0FC35
:10592000BDE700BF0010014000140140704710B5F2
:10593000044640B390F8393003F0FF021BB980F8F9
:105940003820FFF7F3FF2268242384F83930D36826
:1059500023F40053D3602046FFF7CEFE23681A6974
:1059600022F490421A615A6922F02A025A61DA68D6
:1059700042F40052DA6000202023E06384F83930DA
:1059800084F83A3010BD012010BD00000FB407B5F7
:10599000064B07491B6805AAD868019205F0BEF9B5
:1059A00003B05DF804EB04B0704700BF740600203C
:1059B0002A2801080268136823F0400310B5136019
:1059C0000446FFF7A3FA10B1054801F08DFCA36867
:1059D00023B92268136843F04003136010BD00BF71
:1059E000632801082DE9F04F884687B004465949DD
:1059F000BDF94060404615461F4600F069FD564916
:105A00008146284600F064FD54490190384600F074
:105A10005FFD53498246304600F05AFD019B8346A4
:105A20001946484600F02EFD59468146504600F082
:105A300029FD0146484600F025FDE065013004D10E
:105A40006F224849484800F0D1FE484BE26D9A4227
:105A50004FF000034BD10293454B5A6C42F48052F5
:105A60005A645B6C03F480530293029B232384F8F3
:105A700058303849404600F0E1FC3749284600F0EC
:105A8000DDFC3649384600F0D9FC731CA4F86050A0
:105A9000A4F86280A4F86470A4F8666057D0304916
:105AA000304600F0CBFC4FF48023A361E36D23600C
:105AB00001354FF4827308BF4FF4004263604FF02A
:105AC0003803E36108BFA2604FF000034FF0070204
:105AD00018BFA36063612361A362E262E360236293
:105AE00063622046FFF766FF07B0BDE8F08F2149EB
:105AF0008A420CD103931E4B1A6C42F480421A6402
:105B00001B6C03F480430393039B2423AFE71A49E0
:105B10008A420CD10493164B1A6C42F400421A6468
:105B20001B6C03F400430493049B33239FE7134946
:105B30008A429ED105930E4B5A6C42F400525A642D
:105B40005B6C03F400530593059B54238FE74FF4DC
:105B50000073AAE75C20010808200108E020010882
:105B60004C21010879280108D6280108003001409D
:105B70000038024000380040003C00400034014042
:105B800010290CBF4FF400610021012A10B5044612
:105B9000C16023D0022A24D032BB02616261A269B3
:105BA000B2F5007F05D0002B14BF00224FF48022F5
:105BB000A261002B14BF00234FF48273636008D0EE
:105BC000A368B3F5004F04D10948FFF7DFFE0023B7
:105BD000A3602046BDE81040FFF7ECBE0021016144
:105BE000DCE702610022D9E7022202610122D5E747
:105BF0002A28010870B504460E46FEF71DFA002358
:105C0000022290FBF2F0B042DDB203DD0133082B3B
:105C100009D10725054B33F81530E3612046BDE86F
:105C20007040FFF7C7BE90FBF2F0ECE71A280108BE
:105C300007B583680191B3F5004F024607D10A23E7
:105C4000012201A9FFF7A4F903B05DF804FBC36DBD
:105C500099688907FCD5D168019AB1F5006F0CBF2E
:105C600092B2D2B2DA609A68D207FCD5D868B1F5A0
:105C7000006F0CBF80B2C0B2E6E72DE9F84F0A9E74
:105C800084689DF82CB09642354680468A46174671
:105C90009946B8BF154694B9AC4202DB2846BDE828
:105CA000F88FBC42B4BF1AF8041059464046FFF7BB
:105CB000BFFFB442B8BF09F804000134ECE73AB1C1
:105CC0000A23534392B2FFF763F9002818BF002557
:105CD000002EE3D00A237343B2B249464046FFF791
:105CE00075FB002818BF0025D8E700000D4AD2F840
:105CF000883043F47003C2F888300B4B1A680021D7
:105D000042F001021A6099601A6822F0847222F44B
:105D100080321A60054A5A601A6822F480221A609A
:105D2000D960704700ED00E00038024010300024D8
:105D3000F0B5ADB02C4B002101911A6C42F08052AD
:105D40001A641B6C03F080530193019B274B029153
:105D50001A6842F440421A601B6803F440430293FD
:105D6000029B01230893002839D14FF48033099313
:105D70004FF480030F934FF4B47302250826119358
:105D800008A807230E951096129513931495FEF705
:105D900035FD38BBFEF7CEF9074618BB4FF4C0738C
:105DA0001C934FF48073159315A84FF000632A934A
:105DB0001B961D96FEF7D2FA0F2303934FF4A053C0
:105DC000069305214FF4805303A804950597079384
:105DD000FEF7ECF9B0FA80F040092DB0F0BD4FF4B9
:105DE000A023C4E70020F8E700380240007000401C
:105DF00030B5ADB00023294A0193116C41F08051B8
:105E00001164126C02F080520192019A244A0293AA
:105E1000116841F4404111601268099302F4404254
:105E20000292029A0F9303224FF4B4730892012254
:105E300002240B9211931022062308A80C920E94B0
:105E4000109212941393FEF7D9FC10B100202DB0DC
:105E500030BDFEF76FF905460028F7D108231B93E4
:105E60001D934FF48073C022159315A84FF0006363
:105E70001C922A93FEF772FA0F2303934FF4A05358
:105E8000069305214FF4805303A8049405950793C6
:105E9000FEF78CF9B0FA80F04009D8E700380240EC
:105EA0000070004008B50120FFF742FF38B9FFF746
:105EB0009FFF20B90248BDE8084001F015BA08BDAF
:105EC000F1280108174A1849936803F00C03042BC2
:105ED00010B50DD0082B0DD0144B0B60114B144A8C
:105EE0009B68C3F30313D25C0B68D3400B6010BDF7
:105EF000104BF2E75468506852686302C2F388128C
:105F000000F03F004CBF0B4B084BB3FBF0F3534387
:105F1000044A5268C2F3014201325200B3FBF2F369
:105F2000DBE700BF003802405C0600200024F400DC
:105F30000529010800127A00074B084A13601A6904
:105F4000910707D5DA68920704D56FF002021A614B
:105F500000F08AB9704700BF000C00402C310020CF
:105F6000004870472029010830B589B001A903A86D
:105F7000FEF7D6F9FEF7B4F9002302931E4B019009
:105F80001A6C1E4C42F008021A641A6C02F00802E5
:105F90000292029A1A6A42F008021A621A6A22F0FF
:105FA00008021A62069AA3F50B3323604FF0FF3301
:105FB000E360134BF2B9B0FBF3F0013800256060E9
:105FC0000E482561A5606561FFF754FB0D4B0E4A35
:105FD0009B680A48C3F808210C4B4FF480225A6092
:105FE0002946FFF787FB2268D36823F00203D360BA
:105FF00009B030BD4000DEE7003802402C310020FF
:1060000040420F0000ED00E0395F000800E100E0D1
:10601000014B586A704700BF000C0040054B1B68DD
:106020006FF0020258631A61DA6842F00202DA6025
:10603000704700BF2C310020064B1B686FF0020236
:106040001A615A6942F002025A61DA6842F00202A9
:10605000DA6070472C310020034B1A68D36823F0B4
:106060000203D360704700BF2C310020FFF7F4BF5C
:10607000024B1B686FF002021A6170472C3100203E
:1060800003689B6818470000094B10B500220360A5
:106090000023C0E90223002303614361044600F0AA
:1060A000DFF80449A06100F059FF204610BD00BF91
:1060B000302901088160000807B5009000F108014F
:1060C000806900F08AFF03B05DF804FB00F108016D
:1060D000806900F0ABBF000010B5034B03600446BD
:1060E000FFF7F4FF204610BD3029010870B5D0E954
:1060F0000823D0E90245064612196B41FFF7DCFF81
:10610000736B2BB106F128001B68BDE8704018477F
:1061100070BDD0B5044616461F4600F07DFD2046F2
:10612000FFF7D4FFC4E90867A06900F09AFF3218AE
:1061300047EB01032046FFF7BFFFBDE8D04000F06A
:1061400081BD7FB5044600F067FD2046FFF7BEFF26
:10615000636B13B194F83830E3B904F128066D4647
:1061600010220021684602F029FBAE420BD03046D7
:10617000FAF782FC3EB1039B1BB15B68694630466F
:106180009847039B63632846FAF776FC00F05AFDB4
:1061900004B070BD00F00CFBDFE700001FB5436BDF
:1061A000044600F1280113B15B6868469847636BA9
:1061B00003932046FFF7C5FF039B2BB940F239221A
:1061C0000649074800F012FB039B68461B68984786
:1061D0006846FAF751FC04B010BD00BF5029010811
:1061E000AB29010870B50E4604461546FCF742FC83
:1061F000013609D020460021FCF760FC29462046E4
:10620000BDE87040FCF756BC70BD38B504460D467D
:1062100003685AB18268136020460121FCF74EFCE6
:1062200029462046BDE83840FCF744BCC2681B0440
:10623000F1E70022FFF7D6BF70B50E4604461546BB
:10624000FCF718FC013606D02A4620460021BDE89E
:106250007040FFF7DABF70BD0022FFF7EDBF00000E
:1062600000487047C4290108024B1B680BB1024863
:106270001847704760060020C42901087047A0F144
:10628000BC00FFF7FBBFA0F1BC00FFF7F7BF00F0B9
:10629000B7BBA0F1BC00FFF7FABF00F0B4BBA0F1A0
:1062A000BC00FFF7FABF000038B504461D46049B4A
:1062B00000F0B0FB294604F1BC0001F055F9064B93
:1062C00003F10802226003F128028833C4F8BC20DD
:1062D000C4F8C030204638BDE82901080346024A08
:1062E0002030FCF7D7BC00BF19640008F8B505469C
:1062F000134B45F8043B04460F4610261C22002190
:10630000284602F05BFA3246002104F1200002F038
:1063100055FA3246002104F1300002F04FFA3246BD
:10632000002104F1400002F049FA39462046FFF707
:10633000D5FF28463946FFF77CFF2046F8BD00BF51
:10634000802A010810B5084B044640F8203BFCF7B2
:1063500063FD04F14000FAF78FFB04F13000FAF717
:106360008BFB204610BD00BF802A010810B50446F3
:10637000FFF7E8FF2046FDF734F8204610BD8842BD
:1063800038B504460D460AD0FAF776FB3CB1EB6807
:106390001BB15B68294620469847EB68E3602046BE
:1063A00038BDF0B50F4685B0044600F035FCFD68F9
:1063B00004F13006203465B139463046FFF7DFFF7F
:1063C000012201212046FCF7EDFB00F03BFC05B06B
:1063D000F0BD10222946684602F0F0F969463046C1
:1063E000FFF7CDFF6846FAF747FB2A46E9E70000CA
:1063F000C36810B504462BB940F239220449054858
:1064000000F0F4F9E36820461B68BDE81040184727
:1064100050290108AB290108012908B502D0022939
:1064200006D008BDC36B13B13030FFF7E1FF08BDE4
:10643000C36C002BFBD04030F7E7000013B50446D7
:1064400001300FD102B010BD9C420AD120468968AC
:10645000FDF712F90021204602B0BDE81040FDF71B
:10646000A3B90C31B1F900305A1CEDD100230093CF
:1064700022460249024800F059FFE3E7B92A010821
:1064800030010180884207B502460BD0431C09D079
:1064900001310BD0002306490093064800F046FF67
:1064A0004FF0FF31084603B05DF804FB0146F9E701
:1064B000882A010830010180B1F900305A1C01D14D
:1064C00018467047834201D1486870470C31F3E7A2
:1064D000421C13B504460BD0FFF7EEFF431C0446E5
:1064E00006D10023024600930349044800F01EFF32
:1064F000204602B010BD00BF992A0108300101807A
:1065000010B480B1146853680CB9DA070BD513F0D6
:10651000010F4FEA63031CBFC258145918442346A5
:106520005DF8044B18475DF8044B7047064B19683B
:106530001A1D01B91A601B68934204D05E220349F8
:10654000034800F053B970477C2E00203C2401081A
:106550009B24010870B50A4D2B68834204460ED077
:10656000061DD0F8D020D0F8CC1000233046FFF71D
:1065700007FBD4F8D4103046FFF73CFB2C6070BD0D
:10658000842E0020036870B59B6804460D461646AD
:1065900098470C4BC4F8CC501B68C4F8D0609C42A0
:1065A0000BD1002332462946201DFFF7E9FA236864
:1065B0002046DB68BDE8704018472046FFF7CAFF59
:1065C000F5E700BF842E002038B5036804469B68B9
:1065D0000D4698472046FFF7BDFF2946201DFFF7CF
:1065E00027FB23680546DB6820469847284638BDC8
:1065F000F7B51F46036804469B680D461646984744
:106600002046FFF7A7FF94F8D8300193089B00932A
:1066100029463B463246201DFFF72FFB23680546DF
:10662000DB6820469847284603B0F0BD2DE9F043CB
:1066300006469946274B46F8043B85B0044600259C
:106640000F46904600219022304602F0B7F804AB86
:106650000295039513E9030004F198021E4B82E8AA
:106660000300C4F8A03048F20703C4F8A4301B4B61
:10667000C4F8AC50C4F8A840C4F8B020C4F8B43092
:10668000BFF36F8FBFF34F8F1022294604F1B8007C
:1066900002F094F80823C4F8CC30114BC4F8D4307D
:1066A000FF2384F8D830BDF93030009342464B4682
:1066B0003946304684F8C85084F8C950C4F8D050E0
:1066C000FFF790F92046FFF745FF204605B0BDE8EB
:1066D000F08300BFD42A010801A090E801650008FA
:1066E00040420F00C36810B504460BB19B68984741
:1066F000204610BD38B5044648B15830A04206D0F7
:10670000A0F12C051438FFF7EDFF2846F6E72046E8
:1067100038BD38B500250446294640F8045B2822D8
:1067200002F04CF81022294604F1180002F046F855
:10673000204638BD10B50A4C2046FFF7EAFF04F1A9
:106740002C00FFF7E6FF0023A3652046E365054A1A
:1067500084F860300449BDE81040FCF7D7BC00BFA6
:10676000182E0020C8010020F566000813B50D4C56
:1067700000F052FA22884FF6FF739A4208D100F0D7
:1067800061FA0023228800930749084800F0CEFDF3
:106790000121044800F064FA02B0BDE8104000F0A6
:1067A00051BA00BF882E0020EC2A01082301048082
:1067B00037B50B4D00F030FA2C8844B900F042FA9E
:1067C0002A88009423460749074800F0AFFD0121BD
:1067D000034800F04FFA03B0BDE8304000F032BA91
:1067E000882E0020112B01082401048070B5044676
:1067F0000D46164600F010FA33462A462146034855
:10680000FCF7A8FBBDE87040FCF74EBB2F2B01083E
:1068100009B9C82805D010F0030F0CBF01200020D3
:106820007047084670470000F8B507460E4641B36A
:1068300038B34469A4F14605882D22D8036841681D
:1068400080684FF4616E0EFB00F04FF03C0E0EFBC3
:1068500001011944FB681848013B00FB0313114672
:106860002046FFF7D5FF3F690C2101FB007013495B
:1068700051F82010CE2C0B4409D122B910498B427B
:1068800007D90020F8BD012A03D10E49F7E7462CAD
:106890000FD0611E8910A1F111001AB9C82CC8BF10
:1068A000A1F1120040F26D1202FB0505024A02FB43
:1068B000053333600120F8BD80510100602B0108D1
:1068C0007F223100FFD02F0070B50B4600295AD02F
:1068D0003C21B0FBF1F501FB15041C60B5FBF1F4A4
:1068E00001FB1451182559604FF46161B0FBF1F1BF
:1068F000B1FBF5F405FB14119960244CB0FBF4F4E2
:106900000721201DB0FBF1F1C1EBC101411A9961D2
:10691000462159615D6911462846FFF779FF38B174
:10692000B4F5B77F0DD301355D61A4F5B774F1E718
:10693000B4F5B67F05D901356FF4B6715D610C44CD
:10694000E8E7124A1249DC61302554430B221A61F0
:1069500005FB0015002255F82260B4420FD2013A1F
:106960001A611A690C2505FB0020084A51F820001D
:10697000241AB4FBF2F40134DC60012070BD013252
:106980000C2AE8D1EDE7084670BD00BF8051010038
:10699000602B01087047704710B480B114685368C9
:1069A0000CB9DA070BD513F0010F4FEA63031CBFD4
:1069B000C2581459184423465DF8044B18475DF833
:1069C000044B7047090170B501F198050544EB6867
:1069D00083B14418D4F8A4302BB940F239220649C7
:1069E0000648FFF703FFD4F8A43028461B68BDE82B
:1069F0007040184770BD00BF50290108AB2901083D
:106A00004C30FDF7F5BA10B54C300C46FDF702FBE3
:106A1000204610BD2DE9F04F87B000259246009525
:106A200002460195044689469B469DE80300324B89
:106A300042F8083B314B82E80300236148F2070328
:106A400063612F4BE561A46122626362BFF36F8FC4
:106A5000BFF34F8F102284F8285084F8295004F196
:106A60002C0001F0ABFE04F14C062946102204F183
:106A70003C0001F0A3FE04F1980829464C22304660
:106A800001F09CFE04F1A80729461022404601F0BF
:106A900095FE29461022384601F090FE1022294624
:106AA000C4F8B8B002A801F089FE02A94046FFF779
:106AB00066FC02A8F9F7E0FF1022294602A801F0BF
:106AC0007DFE02A93846FFF75AFC02A8F9F7D4FF69
:106AD000524649463046FDF7BBF8D4F8B810304668
:106AE000FDF77EF8304622460649FDF705FA2046B6
:106AF00007B0BDE8F08F00BFC82B010801A090E8E7
:106B000099690008C56900082DE9FF4106468846D5
:106B100056F84C3B17461B6805463C01984700F069
:106B20007BF8D8F80C3098342C44ABB1E3680BB93F
:106B3000FFF71CFE41462046FFF721FC01223946A3
:106B40003046FDF7E5F900F07DF82B6828465B68D4
:106B5000984704B0BDE8F081E3680BB1FFF728FE69
:106B600010220021684601F029FE69462046FFF701
:106B700006FC6846F9F780FF0022E0E77FB51A4B74
:106B80000360044610220021684601F017FE00222F
:106B900069462046FFF7B8FF6846F9F76DFF1022F7
:106BA0000021684601F00AFE012269462046FFF7EF
:106BB000ABFF6846F9F760FF14F1980608D004F1BE
:106BC000B805B54204D0103D2846F9F755FFF8E75F
:106BD00004F13C00FFF786FD04F12C00FFF782FD75
:106BE000204604B070BD00BFC82B010810B5044694
:106BF000FFF7C4FF2046FCF7F4FB204610BDEFF37F
:106C00001080C04300F001007047EFF305800030B2
:106C100018BF01207047000010B5074C23680133EE
:106C200004D1552205490648FFF7E0FD00F0F8FCC5
:106C300023680133236010BD8C2E0020D82B01085F
:106C40002D2C0108054B1A6832B11A68013A1A60F6
:106C50001B680BB900F0F6BC704700BF8C2E0020FB
:106C6000D0E85F3F0B449BB2C0E8523F002AF7D107
:106C700018467047D0E85F3F5B1A9BB2C0E8523FAE
:106C8000002AF7D1184670472DE9F74F90E808041D
:106C900004465B68984763681B6A98423FD0DAF8FD
:106CA0002030DAF80840CAF82000A0EB0308DAF830
:106CB0000C30314808EA0308844246464FF000078A
:106CC00027D0DAE90A239AF83AB0A8FB0089CDE97F
:106CD00000230025BBF1000F2BD05A464046494601
:106CE00008F016FDDDE9002312EB080243EB09036F
:106CF00090465A46994606460F4608F015FDB8EBF1
:106D0000000069EB0101A94208BFA0420AD2CAE90A
:106D10000A01DAE90C23B6185F41CAE90C6703B02F
:106D2000BDE8F08F013647F10007001B61EB05015C
:106D3000EDE722462B464046494609F0B5F9224682
:106D400006460F46404649462B4609F0ADF9DDE9B7
:106D5000008918EB020849EB0309A94508BFA045C3
:106D600002D2CAE90A89D4E7013647F10007B8EB35
:106D7000040869EB0509F4E740420F00824206D996
:106D80008A420BD9884294BF002001207047884274
:106D900006D98A428CBF002001207047012070472D
:106DA000002070472DE9F047466896F839300746CD
:106DB000002B5BD1FFF768FF7D68D7F800A06B68F8
:106DC000002B49D0D5E90C89D3E90001894508BFDA
:106DD000804504D3DAF81430BDE8F0471847D5E908
:106DE0000623B0EB080861EB09094B4508BF424593
:106DF0002C6906D3AB681E4A934219D1444528BF7B
:106E000044462A6A336A1444EA681440A342E1D033
:106E1000DAF81030204698473B685B68984722466E
:106E20000146306AFFF7AAFF00B33B685B69D3E70E
:106E300095F83A205AB14046494608F075FC0C4A8C
:106E4000002309F031F9844228BF0446D9E7A3FBA7
:106E5000080103FB0911F2E73369306AF26818444C
:106E60001040DAF81030BDE8F0471847BDE8F08769
:106E700040420F002DE9F04F0368054685B01B68BE
:106E800098472B689B699847066804462EB92922C3
:106E90002F493048304EFFF7A9FC1F23012202FA88
:106EA00003F1B1425FFA83FB02D0013BF7D19B466D
:106EB000D4F804A0AAF104031C2B06D937222449D4
:106EC0002448FFF793FC4FF0200AAAF10403072798
:106ED00016F1FF3007FA03F71F4C4FF0000343F1A0
:106EE000FF313246C4FB070109F0DEF86C682A68FE
:106EF00000232360636052680393CDE9000190474B
:106F000020626C684FF000084FF000095246C4E957
:106F10000A89A66084F83AB00120002108F004FC38
:106F2000DDE90023C4E90623039B84F839300138E6
:106F30000123E06027612846C4E90C8984F83830D1
:106F4000FFF7A2FE284605B0BDE8F04FFFF72ABFC5
:106F50005E2C01080B2D010840420F0038B5436834
:106F600093F8383004460D460BB9FFF783FFFFF75F
:106F700053FE63681D60BDE83840FFF763BE70B51F
:106F80000446FFF749FE2368DB68984763680122DF
:106F900083F8392063685B68A3B12046FFF774FE6D
:106FA00065686E68D5E90C01D6E90023994208BFEF
:106FB000904207D3F3686B602B68002BEAD0B0686F
:106FC0009847E7E763680022204683F83920FFF7F7
:106FD000E9FEBDE87040FFF735BE2DE9F04180467F
:106FE0000C4616461F46069DFFF716FE4046FFF765
:106FF0004BFED8F80420A560C4E90067536800255B
:107000004BB9E36085B954604046FFF7CBFEBDE85D
:10701000F041FFF717BED3E900018F4208BF864257
:10702000EFD31D46DB68EBE7EC60F0E738B50546CB
:107030000C46FFF7F1FD6A685368A34209D1DB688B
:1070400053602846FFF7AEFEBDE83840FFF7FABDB3
:107050001346002BF8D0DA689442F9D1E268DA607E
:10706000F2E7436893F8383010B504460BB9FFF7E0
:1070700001FFFFF7D1FD2046FFF706FEFFF7E2FD17
:107080006368D3E90C0110BD08B5FFF7EAFF08BD3E
:1070900070B50E4600250446056045600F49304630
:1070A00002F05CF80644266023681A782F2A0ED175
:1070B0000133236025B9292209490A48FFF796FBC5
:1070C0002946304600F0D6F96060204670BD002A9F
:1070D000F0D0013301352360E6E700BFB02C010892
:1070E000B22C0108042D010800687047406808B5FB
:1070F00020B100F06FF9431E5842584108BD10B549
:107100000446FFF7F3FF10B1606800B1043810BD0A
:10711000406808B520B100F05DF9B0FA80F0400990
:1071200008BD10B50446FFF7F3FF10B1606800B169
:10713000043810BD4068003018BF0120704770B59A
:107140000446FFF78DF80646FFF79EFF05463046DA
:10715000FFF79AFF401BA042F9D370BD07EE100A5B
:10716000DFED047A67EE277AFDEEE77A17EE900AF4
:10717000FFF7E5BF002474494FF47A735843FFF7D3
:10718000DEBF00002DE9F0411B4C1C4E237836EA8F
:10719000200628BF0646012B8EB00F46904600D130
:1071A000FEE7174DFFF738FD01232370FFF74AFD77
:1071B0002B6800220133342101A82B6001F0FEFA74
:1071C0002B680196012BCDF80880039704D1342257
:1071D00001A90C4801F0DCF9342201A90A4801F0A8
:1071E000D7F90A4B1B680BB107489847002020705D
:1071F0000EB0BDE8F08100BF982E00200101FF8095
:10720000902E00209C2E0020D02E0020942E0020B6
:1072100073B5274C2168C1F34173032B0CBF4D425A
:107220008DB2C1F307432A4606462248FBF792FE79
:107230006FF498731D44072D09D8DFE805F0042387
:1072400026292C322F35A1681B48FBF783FE3046D8
:10725000FBF780FE61681948FBF77CFEA1681848BF
:10726000FBF778FEE3690193A369009304F10C0135
:107270000EC91448FBF76EFE134802B0BDE870401B
:10728000FBF768BEA1681148DFE7A1681048DCE79A
:10729000A1681048D9E7A1680F48D6E7A1680F4850
:1072A000D3E7A1680E48D0E7A1680E48CDE700BF3C
:1072B000D02E0020222D0108732D0108002E010878
:1072C000102E0108232E0108722E0108882D0108B6
:1072D000972D0108A52D0108B72D0108CA2D010819
:1072E000DD2D0108EB2D01080FB437B50C4D2978C1
:1072F000724679B90B48FFF745FF0B48FFF788FF47
:10730000012407A906982C700191FBF7F9FD20468E
:10731000FBF7FEFE03B0BDE8304004B0704700BF8D
:10732000982E00200001FF800D2D010810B50C469D
:1073300011467246FFF726FF68B92046FFF768FF3F
:10734000FFF763FC10B9FFF75AFC08B930BFFDE73F
:107350000120FBF7DDFE014810BD00BF0F01FF80DB
:1073600010B504460748FCF73FF8074B1B6803B10C
:107370009847064B1B680BB1204698470148FCF71D
:1073800033F810BD042F00206C0600206406002096
:1073900038B505460C48FCF727F80C4B1B681BB1A9
:1073A000984708B9FFF7DCFF094B1B6843B19847C2
:1073B000044605B12C600448FCF716F8204638BD99
:1073C0004FF0FF34F5E700BF042F002068060020CF
:1073D00070060020007B704738B504460A4B0360F6
:1073E000002343600D46A16002730848FBF7FCFFD1
:1073F00045B1074B1A6862601C600448FBF7F4FF54
:10740000204638BD6560F8E7942E0108102F002053
:107410000C2F002010B50F4B036004460E48FBF7FD
:10742000E3FFA3682BB10D4A13689C420CD163683B
:1074300013600948FBF7D8FF237B13B9201FFBF724
:10744000E9FF204610BD13465A689442FBD162689A
:107450005A60EEE7942E0108102F00200C2F002018
:1074600010B50446FFF7D6FF2046FBF7BAFF2046CB
:1074700010BD000070B506460C480D46FBF7B4FF82
:107480000B4B1C685CB1A06870B12A46314601F014
:1074900025FE48B9A06801F0B3FD854204D1034838
:1074A000FBF7A2FF204670BD6468EBE7102F0020B9
:1074B0000C2F00200020704770477047F8B5036814
:1074C0001B6D0E4604468F1898473546BD4207D0BF
:1074D000236815F8011B9B6C204698470130F5D1B5
:1074E000236820465B6D9847A81BF8BDF8B5036874
:1074F0001B6D0E4604468F1898473546BD4208D08E
:1075000023682046DB6C9847431C02D005F8010B2A
:10751000F4E7236820465B6D9847A81BF8BD002060
:1075200070477047002070470020704710B5054B2A
:1075300003605033044640F8043FFFF76BFF2046DA
:1075400010BD00BFA42E0108A0F10400EEE700BFAB
:1075500010B50446FFF7EAFF2046FBF742FF20463E
:1075600010BDA0F10400F3E7104B13B50022044650
:1075700040F8043BFFF730FF0D4B2360603363603E
:10758000002363610B492046FBF78EFF03466061D1
:1075900020B1FBF7C2FD204602B010BD00900246AC
:1075A00005490648FFF7C2FEF5E700BF04300108B1
:1075B0001C2F0108FC2E0108FF2E01081901018073
:1075C00010B5074B03F108026833044602604360BC
:1075D000406900F0D7F82046FFF7A8FF204610BD0D
:1075E000142F01080EB477B5036807AD044655F8AB
:1075F000046B1B6D98476069019500F091F9019A41
:107600006069314603F08AFB236805465B6D2046BE
:107610009847284603B0BDE8704003B070470000AB
:10762000EFF31083DB4372B6044A117829B9044999
:1076300003F001030B70012313707047192F002012
:10764000182F002008B5EFF31083DB0704D436228F
:1076500005490648FFF7CAF8054B00221A70054B8A
:107660001B7803B162B608BD842F0108E02F010822
:10767000192F0020182F0020036870B51B69012204
:10768000002104469847051E0DDB236802221B6972
:107690000021204698472368064629461B69002298
:1076A000204698473546284670BD0000014B1868B3
:1076B000704700BF7406002070B500294BD0064605
:1076C0000C4610B1836B002B48D0636ED80734D5BD
:1076D000B4F90C30002B3ED02146304600F05AF869
:1076E000E36A054633B1E169304698470028B8BFE0
:1076F0004FF0FF35A3891A063BD4216B41B104F149
:107700004003994202D0304608F0A2FE00232363D2
:10771000616C21B1304608F09BFE0023636400F0E9
:1077200029FA636E0022DB07A28127D5A06D00F045
:1077300023FE00F025FA284670BDA3899905CBD415
:10774000A06D00F01BFEB4F90C30002BC4D1656EA7
:1077500015F0010508D00025284670BD00F020F97D
:10776000636ED807B4D4E8E7A06D00F009FE2846A0
:1077700070BD2169304608F06BFEBEE7A06D00F0D9
:10778000FFFDD3E7024B01461868FFF795BF00BF26
:1077900074060020B1F90C202DE9F0410C461107C8
:1077A000804647D4636842F40062002BA2815EDD0C
:1077B000A56A002D58D00023D8F80060C8F8003022
:1077C00093B212F4805256D10123E1694046A84792
:1077D000431C67D0A389A56A5F0705D56368C01AF3
:1077E000236B0BB1E36BC01AE169024600234046EC
:1077F000A847411C41D1D8F80030002B3DD01D2BAB
:1078000001D0162B56D1A3892269226023F400638C
:1078100000216160A381216BC8F8006021B304F1ED
:107820004003994202D0404608F012FE0020206337
:10783000BDE8F0812669BEB193B2256826609A073B
:107840000CBF63690023AD1BA3600BE02B463246DF
:10785000E169676A4046B847B0F1000CA5EB0C053A
:10786000664417DD002DF1DC0020BDE8F081E36BFC
:10787000002B9DDCF8E7206DAEE7B4F90C302269EF
:10788000226023F40063A3810022DB046260C2D57E
:107890002065C0E7A38943F040034FF0FF30A38188
:1078A000BDE8F081D8F80030002B93D01D2B06D016
:1078B000162B04D0A38943F04003A381D5E7C8F871
:1078C0000060D1E738B50C46054608B1836BA3B11B
:1078D000B4F90C00B8B1636EDB0701D4810515D58E
:1078E00028462146FFF756FF636EDA07054602D4A5
:1078F000A3899B050ED5284638BD00F051F8B4F990
:107900000C000028E7D10546284638BDA06D00F0E0
:1079100035FDE5E7A06D00F033FD284638BD00BF1A
:1079200038B548B3184B1D6804460DB1AB6BBBB1FD
:10793000B4F90C0088B1636EDB0701D4810513D55F
:1079400028462146FFF726FF636EDA07054602D474
:10795000A3899B050CD5284638BD0546284638BD69
:10796000284600F01DF8E3E7A06D00F007FDE7E70B
:10797000A06D00F005FDEEE7044B05491868BDE871
:10798000384000F0AFBC00BF740600204C30010846
:10799000C5780008014900F0A5BC00BFB976000811
:1079A0002DE9F0478246394800F0E8FCDAF8384023
:1079B000002C66D1DAF80450354ACAF83C2003237B
:1079C000CAE9B843DFF8DC90DFF8DC80314F324E93
:1079D00004230AF53B72CAF8E8222146C5E90243AE
:1079E000C5E90044C5E904446C660822AC6105F1B0
:1079F0005C0000F0E3FEC5E90759C5E90987EE62BE
:107A000005F1580000F0B6FCDAF80850234BEB60A3
:107A10002146C5E90044C5E904446C66AC60AC612C
:107A2000082205F15C0000F0C9FEC5E90759C5E967
:107A30000987EE6205F1580000F09CFCDAF80C5062
:107A4000174BEB602146C5E90044C5E904446C6668
:107A5000AC60AC61082205F15C0000F0AFFE05F1FE
:107A60005800C5E90759C5E90A76C5F8248000F031
:107A700081FC0123CAF838300448BDE8F04700F023
:107A80007FBCBDE8F047014800F07ABC202F002001
:107A900095790008258C0008458C00080900010034
:107AA00012000200C18B0008E58B00082DE9F041AF
:107AB00007462D4800F062FC2C4B1E68B36B93B355
:107AC00006F538764FF00408D6E90134013B04D5B9
:107AD00025E05A1C04F1680421D0B4F90C50013B94
:107AE000002DF6D1224BE36004F15800656600F0EA
:107AF00041FC1D4800F044FCC4E90155C4E90455AB
:107B00002560A5610822294604F15C0000F056FEBC
:107B1000C4E90C55C4E911552046BDE8F08135682B
:107B20002DB12E46D0E73046FFF73AFFC8E74FF4B5
:107B3000D671384608F088FC044668B10560C0F884
:107B400004800C302946A06025464FF4D07200F026
:107B500035FE34602E46B7E70348346000F010FC71
:107B60000C233B60D8E700BF1C2F00204C300108DD
:107B70000100FFFF014800F001BC00BF1C2F0020E6
:107B8000014800F0FDBB00BF1C2F0020F0B51446DB
:107B900083B00D4601AA2146064604F05FFA50B3B1
:107BA00007463046FFF782FF044620B32946019A74
:107BB0004FF4DB73304600F053FE051E31DB636E7D
:107BC000DB0702D4A389980523D51B4B1B4AE5810B
:107BD000C4E907431A4BA781C4E90923F905194BE6
:107BE000E3620CD4636EDA0702D4A3899B0514D533
:107BF000204603B0F0BD0024204603B0F0BD0223B0
:107C000000222146304600F02BF8636EDA07EFD4ED
:107C1000EBE7A06D00F0B2FBD7E7A06D00F0B0FB82
:107C2000E6E70025FFF7A6FFA06DA58100F0A4FB05
:107C30002C46FFF7A5FFDBE7C18B0008E58B0008AA
:107C4000258C0008458C000810B4044C03460A46F5
:107C500020685DF8044B1946FFF798BF74060020B2
:107C600000F000B82DE9F04F0C4697B090461F4643
:107C7000064608B1836B3BB3636E13F0010FA38913
:107C800002D19D0540F1198103F48473B3F5847F1B
:107C900000F00081D4F82890B9F1000F00F06B815A
:107CA000012F5BD037F0020511D0636E1622D90781
:107CB000326003D4A3899A0540F11B814FF0FF3550
:107CC000284617B0BDE8F08FFFF76AFED4E72369B6
:107CD000AA46002B68D0B4F90C3040F61A021342C1
:107CE00099B207D14A057DD4A64A914561D043F4A3
:107CF0000063A38121463046FFF7E4FD002840F0F1
:107D00003581E1693B4642463046C847013000F0C4
:107D10002D81216B41B104F14003994202D03046DC
:107D200008F096FB00232363A3892269002123F432
:107D30000263C4E90021A381082204F15C0000F081
:107D40003DFD656E15F0010503D1A3899B0540F14A
:107D5000DC800025284617B0BDE8F08F214630466C
:107D6000FFF7B0FDA38913F4805240F09880E169D9
:107D70003B463046C847411C054600F0BE80A389FB
:107D80005F0740F190806268236BAD1A002B00F012
:107D9000AE80D4F83CC02369A5EB0C05A8444FF095
:107DA000010A0027002B96D12146304600F0EAFA5E
:107DB00091E7B4F90E10002999DB6A46304600F0CD
:107DC000E3F8002840F0B980019B03F47043B3F559
:107DD000004F40F0B280A38943F48063A3814FF445
:107DE0008063E364002F6DD1C346BAF1000F78D1F0
:107DF000A389DB0440F19880206D6268216B851AAD
:107E00001346002900F08980D4F83CC0A5EB0C058E
:107E1000A36B206915441B1AED1A6344AB4503DBC1
:107E2000EA185A4500F28C80E26CE169524202EA9B
:107E30000B0500232A463046C84701303FF45AAFAD
:107E40002369216B23600023636041B104F1400387
:107E5000994202D0304608F0FBFA00232363A3893D
:107E6000BBEB050B23F02003A38110D02146304645
:107E700000F03CFD00287FF43DAF63685B45FFF4F4
:107E800039AF2268A3EB0B035A44C4E9002308224C
:107E9000002152E721463046FFF714FDFAE65F075E
:107EA000256D3FF570AF180721D522682369002A98
:107EB0003FF474AFD21A154470E7A06D00F05EFA7B
:107EC000A389E1E6B4F90E106A46304600F05CF88A
:107ED00000287FF40FAF049B08EB030BBAF1000FEF
:107EE00086D0216BC1B16268D4F83CC090E72369A9
:107EF00054E7A06D00F044FAE0E6636EDA073FF560
:107F0000DDAEA3899B053FF5D9AEA06D00F038FA30
:107F1000284617B0BDE8F08F636822682069121AFE
:107F2000AD1A1344002179E7E16952460123304636
:107F3000C847451C7FF461AFDCE6B4F90C30D6E6E7
:107F4000ABEB050528445B1BC4E9000341B104F118
:107F50004003994202D0304608F07AFA00232363A6
:107F6000A38923F020030822A38191E7636ED90738
:107F70007FF5A0AEA2E6636E1D22D80732607FF5C2
:107F800099AE9BE6258C000870B50C46084D03465B
:107F90000026204611461C462E60FBF720FA431CA3
:107FA00000D070BD2B68002BFBD0236070BD00BFDC
:107FB000242F00209368002B00F085802DE9F04FDE
:107FC000B1F90C300C461907804683B0174698B2B9
:107FD00025D523691BB310F002033D682DD04FF067
:107FE000000ADFF8BCB25646B9465E4533465246F3
:107FF00028BF5B464046002E52D0E169676AB84709
:10800000002856DDD9F808301B1A8244361AC9F800
:108010000830002BE9D1002003B0BDE8F08F2146E5
:10802000404602F06FFF002840F03681B4F90C3072
:108030003D6898B210F00203D1D110F0010944D18B
:108040004E46009746B38205D4F808B040F18380CD
:10805000B3455A4600F2B28010F4906F40F0BF80F2
:1080600020680192494600F02DFBA368019AA3EB1A
:108070000B012368A1601344B24623600026009BD5
:108080009868A0EB0A00D14498600028C3D0B4F9E6
:108090000C0080B2002ED6D1D5E900960835D1E784
:1080A000D5E900A60835A0E721464046FFF70AFCBF
:1080B00080B3B4F90C3043F040034FF0FF30A3819C
:1080C00003B0BDE8F08F002070471E46AA469946CF
:1080D00018461D46009756B388B34A46D4E90413A0
:1080E0002068B24228BF3246884205D9A16803EB16
:1080F000010B5A4500F3A680934263DCE169676A8D
:108100002A464046B847B0F1000BD2DDB9EB0B0967
:10811000CAD00120009A9368A3EB0B035D44A6EB41
:108120000B069360002B3FF476AF002ED4D10AF1FA
:10813000080353E902569A460833002EF9D0324616
:108140000A21284600F0D4F9002800F09C80013074
:10815000A0EB0509C1E720682369984216D8636936
:10816000B34213D86FF00042B24228BF3246E169F1
:1081700092FBF3F2676A02FB03F340464A46B847B4
:10818000B0F1000A95DDA6EB0A0678E7B345DA46BA
:1081900028BFB2465246494600F094FAA3682268C6
:1081A000A3EB0A035244A3602260002BEBD12146CB
:1081B0004046FFF787FB0028E5D07AE72068B34602
:1081C00032464EE72946019200F07CFA019AA368F4
:1081D0009B1AA360236813442360934696E72368A1
:1081E0002169A3EB010B636903EB430A0AEBDA7A1B
:1081F0000BF101034FEA6A0A33445345524684BFE8
:108200009A46524643052CD51146404608F01CF9C3
:1082100000283BD05A462169019000F0B9F9A289A3
:10822000019B22F4906242F08002A28103EB0B00DA
:108230002361AAEB0B03C4F814A0A3602060B3462B
:1082400032460EE729465A4600F03CFA23685B4462
:10825000236021464046FFF735FB00283FF456AF28
:1082600027E7404608F0F2F803460028DED12169EE
:10827000404608F0EDF8B4F90C300C2223F08003EE
:10828000C8F8002017E7721C914627E70C22B4F9C2
:108290000C30C8F800200EE74FF0FF30BCE600BFFE
:1082A00000FCFF7F2DE9F041884600F53877002675
:1082B000D7E90154013D0FD4A389012B05F1FF3506
:1082C00006D9B4F90E300133204601D0C047064329
:1082D0006B1C04F16804EFD13F68002FE8D13046F1
:1082E000BDE8F0812DE9F8430746884600F5387669
:1082F0004FF00009D6E90154013D11D4A389012BA7
:1083000005F1FF3508D9B4F90E300133214603D009
:108310003846C04749EA00096B1C04F16804EDD1F6
:108320003668002EE6D14846BDE8F88370B50D4E9C
:108330000D4D761BB61006D0002455F8043B0134D1
:108340009847A642F9D1094E094D761B08F0C4FEA4
:10835000B61006D0002455F8043B01349847A642D5
:10836000F9D170BD1C1000201C100020401000200E
:108370001C100020704700BF704700BF704700BF4F
:10838000704700BF2DE9F0418B890C46990796B0E4
:1083900008D504F143030122C4E90432236016B076
:1083A000BDE8F081B4F90E100029064627DB6A46C5
:1083B000FFF7EAFD002821DB019D05F47045A5F5D6
:1083C0000055B5FA85F54FF480686D094FF40067E4
:1083D0004146304608F038F8B4F90C30F0B1204A84
:1083E000F26343F08003C4F81480A381206020610D
:1083F00035BB3B43A38116B0BDE8F081A38913F0E0
:10840000800519D04FF040084146304608F01CF86E
:108410000025B4F90C302F460028E0D19A05BED4CF
:1084200023F0030304F1430243F002030121C4E9F2
:108430000421A3812260B2E74FF480682F46C7E78A
:10844000B4F90E10304603F04BFE10B9B4F90C30FD
:10845000CFE7A38923F0030343F001031BB2C8E76E
:108460009579000870B50C46B1F90E10002996B048
:1084700015461E4614DB6A46FFF786FD00280FDB13
:10848000019A02F47042A2F50052B2FA82F24FF45D
:10849000806352094FF4006032602B6016B070BDEB
:1084A000B4F90C10002311F08000336004D0402296
:1084B00018462A6016B070BD4FF480632B6016B06A
:1084C00070BD00BF024B0146186807F0BDBF00BF7A
:1084D00074060020024B0146186807F0B9BF00BFC0
:1084E00074060020000000000000000000000000F2
:1084F00001F0FF01102A2BDB10F0070F08D010F855
:10850000013B013A8B422DD010F0070F42B3F6D158
:10851000F0B441EA012141EA014122F007047FF071
:1085200000070023F0E80256083C85EA010586EAC8
:10853000010685FA47F5A3FA87F586FA47F6A5FA04
:1085400087F68EB9EED1F0BC01F0FF0102F0070210
:1085500032B110F8013B013A83EA010313B1F8D1BB
:108560000020704701387047002D06BF354603389C
:10857000073815F0010F07D1013015F4807F02BFD5
:10858000013015F4C03F0130F0BC0138704700BF26
:10859000844641EA000313F003036DD1403A41D30E
:1085A00051F8043B40F8043B51F8043B40F8043BCD
:1085B00051F8043B40F8043B51F8043B40F8043BBD
:1085C00051F8043B40F8043B51F8043B40F8043BAD
:1085D00051F8043B40F8043B51F8043B40F8043B9D
:1085E00051F8043B40F8043B51F8043B40F8043B8D
:1085F00051F8043B40F8043B51F8043B40F8043B7D
:1086000051F8043B40F8043B51F8043B40F8043B6C
:1086100051F8043B40F8043B51F8043B40F8043B5C
:10862000403ABDD2303211D351F8043B40F8043BFC
:1086300051F8043B40F8043B51F8043B40F8043B3C
:1086400051F8043B40F8043B103AEDD20C3205D30C
:1086500051F8043B40F8043B043AF9D2043208D004
:10866000D2071CBF11F8013B00F8013B01D30B8876
:1086700003806046704700BF082A13D38B078DD054
:1086800010F003038AD0C3F10403D21ADB071CBF26
:1086900011F8013B00F8013B80D331F8023B20F890
:1086A000023B7BE7043AD9D3013A11F8013B00F8C9
:1086B000013BF9D20B7803704B7843708B78837051
:1086C0006046704788420DD98B1883420AD900EB67
:1086D000020CBAB1624613F801CD02F801CD9942FD
:1086E000F9D170470F2A0ED8034602F1FF3C4AB178
:1086F0000CF1010C013B8C4411F8012B03F8012F04
:108700006145F9D1704740EA01039B0750D1A2F1BE
:10871000100370B501F1200C23F00F0501F1100ECC
:1087200000F11004AC441B095EF8105C44F8105CC6
:108730005EF80C5C44F80C5C5EF8085C44F8085C7D
:108740005EF8045C44F8045C0EF1100EE64504F19A
:108750001004E9D1013312F00C0F01EB031102F008
:108760000F0400EB031327D0043C24F003064FEA68
:10877000940C1E441C1F8E465EF8045B44F8045F94
:10878000B442F9D10CF1010402F0030203EB8403BB
:1087900001EB840102F1FF3C4AB10CF1010C013BF9
:1087A0008C4411F8012B03F8012F6145F9D170BDFC
:1087B00002F1FF3C03469BE72246EBE7830730B517
:1087C00048D0541E002A3FD0CAB2034601E0013C03
:1087D0003AD303F8012B9D07F9D1032C2DD9CDB243
:1087E00045EA05250F2C45EA054536D9A4F11002C6
:1087F00022F00F0C03F1200EE6444FEA121C03F1A5
:10880000100242E9045542E9025510327245F8D18E
:108810000CF1010214F00C0F03EB021204F00F0C28
:1088200013D0ACF1040323F003030433134442F8E0
:10883000045B9342FBD10CF003042CB1CAB21C447C
:1088400003F8012B9C42FBD130BD64461346002C3B
:10885000F4D1F9E703461446BFE71A46A446E0E719
:1088600038B50C46084D8446114620461A4600236A
:108870002B606446FAF782FE431C00D038BD2B689B
:10888000002BFBD0236038BD242F0020024B1B6837
:108890000022C3E92A027047740600200B4A0C49E3
:1088A00010B414680B4AD4E92A0300FB02F201FB5E
:1088B0000322A0FB0101431C42EB0100C4E92A3062
:1088C00020F000405DF8044B704700BF74060020A4
:1088D0002D7F954C2DF45158838903F00903092B02
:1088E00001D000207047FFF71BB800BFF8B50C4659
:1088F000054610B1836B002B41D0B4F90C309F04B6
:108900009AB207D4626E43F4005322F400526266B6
:10891000A3819AB200219606616062D450071BD4ED
:10892000D10661D512073ED443F00403A381236925
:10893000002B44D0B4F90C60B307B7B222D122693E
:10894000266A6369E16922602846B04700286060B2
:10895000C8BF002038DDF8BD216B0029E7D004F145
:108960004003994202D0284607F072FDE36B636032
:1089700000202063002BDAD0A36B2360F8BDFFF743
:108980000FF8BAE70123A3811B4B1C49186807F0B5
:108990000907FFF787FC092FA681D0D12146284679
:1089A000FEF7F8FECBE721462846FEF78BFFC0B95D
:1089B000B4F90C30A06023F00803A061B4E72146AD
:1089C0002846FFF7DFFCB5E7A38905D143F0200374
:1089D0004FF0FF30A381F8BD002243F040036260F6
:1089E000A3814FF0FF30F8BD092243F040032A6015
:1089F0004FF0FF30A381F8BD4C300108D988000842
:108A000000294FF480630CBF0222002200F000B85E
:108A10002DE9F043694CD4F8008083B004460E463B
:108A200017461D46B8F1000F03D0D8F83830002B98
:108A300077D0022F05D0012F00F2AC80002DC0F2BC
:108A4000A980636EDA0752D521464046FEF73AFF09
:108A5000216B41B104F14003994202D0404607F036
:108A6000F7FC00232363B4F90CC000231CF0800F33
:108A7000A361636064D12CF44A6C2CF0030C022FC8
:108A8000A4F80CC06AD001AB6A4621464046FFF705
:108A9000E9FCA3891843A081002D2FD0002E2ED0F1
:108AA000D8F83830002B38D0009B2660AB42B4F9A0
:108AB0000C301CBF43F40063A381012F04BF43F0BB
:108AC0000103A3819AB213F00803C4E904652CD012
:108AD000D1075DD56D42A561656E002315F00105D6
:108AE000A36027D00025284603B0BDE8F083A38902
:108AF0009B05A9D4A06DFFF741FCA5E7009D284682
:108B0000FFF7E0FC0646002847D0A38943F0800326
:108B1000A381D8F83830002BC6D14046FEF740FF7D
:108B2000C2E74046FEF73CFF83E7A360656E15F0A1
:108B30000105D7D1930524D5284603B0BDE8F083BD
:108B40002169404607F084FCB4F90CC02CF44A6C4F
:108B50002CF0030C022FA4F80CC094D100250022A5
:108B600004F14303A2600122C4E904322360636E6E
:108B70004CF0020CD807A4F80CC0DDD41CF4007F24
:108B8000DAD1A06DFFF7FCFB284603B0BDE8F08307
:108B9000A560CBE74FF0FF35CEE7DDF80090A945A3
:108BA00004D04846FFF78EFC064620B9B4F90CC045
:108BB0004FF0FF35D3E74D46A7E700BF740600200E
:108BC00010B50C46B1F90E1003F084FE002803DB4B
:108BD000236D0344236510BDA38923F48053A3812F
:108BE00010BD00BF2DE9F0410C46B1F90C101F4635
:108BF000CB05054616460BD421F48051A1813B4696
:108C0000B4F90E1032462846BDE8F04102F064B9CE
:108C1000B4F90E100223002203F07EFAB4F90C100E
:108C2000EAE700BF10B50C46B1F90E1003F074FA74
:108C3000A389421C0EBF23F4805343F48053206564
:108C4000A38110BDB1F90E1002F0C6B900000000FA
:108C50000000000000000000000000000000000014
:108C6000A2EB0300704700BF02780B78012A28BFEF
:108C70009A42F5D16DE9044540EA0104CDE9026765
:108C80006FF0000C4FEA447212B380EA010414F052
:108C9000070F6AD100F0070420F0070004F0030575
:108CA00021F007014FEAC505F0E8042314F0040F92
:108CB000F1E804670CFA05F462EA040266EA0406C5
:108CC0000AD063EA0403624667EA0407664603E0E3
:108CD000F0E80423F1E8046782FA4CF582EA06041E
:108CE000A4FA8CF46CBB83FA4CF583EA0705A5FA69
:108CF0008CF595B950E9022351E9026782FA4CF5E7
:108D000082EA0604A4FA8CF483FA4CF583EA070598
:108D1000A5FA8CF52543DBD09CB92DBAB5FA85F4BC
:108D200024F0070427FA04F1DDE9026723FA04F3CB
:108D300003F0FF0001F0FF01FDE80445A0EB010096
:108D4000704724BAB4FA84F424F0070426FA04F134
:108D5000DDE9026722FA04F202F0FF0001F0FF01F0
:108D6000FDE80445A0EB0100704714F0030F3CD16F
:108D700010F0030428D150F8082B51F8083B82FA70
:108D80004CF582EA0305A5FA8CF55DB950F8042C80
:108D900051F8043C82FA4CF582EA0305A5FA8CF5F9
:108DA000002DE8D02DBAB5FA85F424F0070423FA93
:108DB00004F122FA04F202F0FF0001F0FF01FDE8E5
:108DC0000445A0EB010070474FEAC40420F0030003
:108DD00050F8082B21F0030151F8083B0CFA04F479
:108DE00062EA040263EA0403C9E710F003041AD03C
:108DF000A1EB040120F00300E40750F8042B06D097
:108E00000FD28B785FFAA2F4E41A06D12BB1CB789B
:108E10005FFAB2F4E41A00D11BB920465DF8104B9A
:108E2000704701F1040150F8042BCC0721F0030135
:108E300051F8043B48D824D222F07F4482FA4CF502
:108E400094EA1325A5FA8CF50AD165B951F8043BCB
:108E500084EA0204B4EB036F0ED150F8042BEBE765
:108E60004FEA132355E035F07F454DD10878FDE8F2
:108E70000445C0F1000070474FEA126203F0FF039F
:108E800047E002EA1C4482FA4CF594EA1345A5FA3D
:108E90008CF50AD165B951F8043B84EA0204B4EBBD
:108EA000034F0CD150F8042BEBE74FEA134330E0AB
:108EB00015EA1C4528D10B884FEA124229E04FEAF7
:108EC000124203EA1C4324E002F0FF0482FA4CF54C
:108ED00094EA1365A5FA8CF50AD165B951F8043BFB
:108EE00084EA0204B4EB032F09D150F8042BEBE71A
:108EF0004FEA13630DE015F0FF0F05D10B684FEA41
:108F0000122223F07F4304E04FF00000FDE8044507
:108F1000704712BA1BBA82FA4CF482EA0304A4FA2C
:108F20008CF5B5FA85F402FA04F203FA04F34FEA79
:108F30001260FDE80445A0EB1360704780EA01026F
:108F4000844612F0030F4FD111F0030F32D14DF8C8
:108F5000044D11F0040F51F8043B0BD0A3F1013282
:108F60009A4312F0803F04BF4CF8043B51F8043B95
:108F700016D100BF51F8044BA3F101329A4312F00D
:108F8000803FA4F101320BD14CF8043BA24312F014
:108F9000803F04BF51F8043B4CF8044BEAD0234611
:108FA0000CF8013B13F0FF0F4FEA3323F8D15DF8C3
:108FB000044B704711F0010F06D011F8012B0CF88B
:108FC000012B002A08BF704711F0020FBFD031F803
:108FD000022B12F0FF0F16BF2CF8022B8CF800208A
:108FE00012F47F4FB3D1704711F8012B0CF8012B0D
:108FF000002AF9D1704700BF000000000000000007
:1090000090F800F06DE9024520F007016FF0000CC8
:1090100010F0070491F820F040F049804FF0000470
:109020006FF00700D1E9002391F840F000F108004B
:1090300082FA4CF2A4FA8CF283FA4CF3A2FA8CF383
:109040004BBBD1E9022382FA4CF200F10800A4FAEA
:109050008CF283FA4CF3A2FA8CF3E3B9D1E904233E
:1090600082FA4CF200F10800A4FA8CF283FA4CF375
:10907000A2FA8CF37BB9D1E9062301F1200182FA2F
:109080004CF200F10800A4FA8CF283FA4CF3A2FA35
:109090008CF3002BC6D0002A04BF04301A4612BA43
:1090A000B2FA82F2FDE8024500EBD2007047D1E946
:1090B000002304F00305C4F100004FEAC50514F0D5
:1090C000040F91F840F00CFA05F562EA05021CBFA6
:1090D00063EA050362464FF00004A9E7A2B330B586
:1090E00040EA0104A40784460B462AD09CF80000FD
:1090F0000C7884422FD1012A0DD0E64660B11EF8CB
:10910000010F11F8014F6FEA0E03A042134422D160
:109110001CEB0303F2D1002030BD0468194653F85C
:10912000045BA4F1013EAC4284462EEA040E00F139
:1091300004000BD1043A84461946ECD01EF0803F5F
:10914000E9D1032AE9D8D1E7104670479CF800001E
:109150000C78A042D1D0001B30BD00BF30B40478E1
:1091600094B10D7884465DB10A462B4602E012F8B0
:10917000013F2BB1A342FAD11CF8014F002CF2D1D0
:10918000ACEB000030BC70472046FBE7000000005D
:109190002DE9F04F2DED0A8BD3B01C4609EE101AC5
:1091A000914609EE900A054602F0B2FF0368179354
:1091B00018460D94FFF724FF16901DB1AB6B002BE2
:1091C00000F0488219EE102A536EDB0740F1478108
:1091D000B2F90C309AB2960409D419EE101A43F47D
:1091E00000538B819AB24B6E23F400534B661507E4
:1091F00040F1CC8019EE103A1B69002B00F0C680BC
:1092000002F01A030A2B00F0D2804D469FED9C7BA2
:109210002B78002429AACDE92744CDE91944CDE9CA
:109220001B448DED147B19EE909A12942692904671
:1092300018940A94002B00F0B081AB4604E01BF8B0
:10924000013F002B00F0CD80252BF8D1BBEB0506AC
:1092500040F0CB809BF80030002B00F09E81002373
:109260004FF0FF329BF801708DF87B3009930BF1C2
:10927000010B08929A462B2420210BF1010BA7F138
:1092800020035A2B00F20081DFE813F00A03FE00EE
:10929000FE000503FE00FE00FE006A00FE00FE0068
:1092A00076029E02FE008102A802FE00A3025B007D
:1092B0005B005B005B005B005B005B005B005B00D6
:1092C000FE00FE00FE00FE00FE00FE00FE008E011D
:1092D000FE001602ED018E018E018E01FE00FE00E1
:1092E000FE00FE000003FE00FE004502FE00FE0040
:1092F000FE002002FE00C202FE00FE009A07FE00F1
:10930000FE00FE00FE00FE00FE00FE00FE008E01DC
:10931000FE001602EF018E018E018E01E602EF01C2
:10932000E801FE00F302FE0086024702D402E801D3
:10933000FE0020027D007607FE00FE007A07FE0098
:109340007D00A7F1300300221BF8017B02EB8202B3
:1093500003EB4202A7F13003092BF5D909928EE7FE
:10936000484602F0D5FE43681B931846FFF748FEB7
:109370001C900646484602F0CBFE836819932021D4
:10938000002E40F0EA869BF8007076E719EE101A7E
:1093900019EE900A19EE105A01F0B4FD002841F0C0
:1093A0002483AA8902F01A030A2B7FF42EAF19EE48
:1093B000101AB1F90E30002BFFF627AF4B6ED9070C
:1093C00002D4920541F1568119EE101A19EE900A55
:1093D00023464A4653B0BDEC0A8BBDE8F04F01F07E
:1093E000ABBCBBEB050600F0D880289B3344289328
:1093F000279B0133072BC8E90056279305DC08F1AA
:1094000008080A9B33440A9324E719EE101A26AA87
:10941000484605F081F890B90DF1A408F1E719EE7E
:10942000101A26AA484605F077F8002800F0A68012
:109430000C9B23B119EE900A194607F009F819EEB2
:10944000102A536ED80740F1FA8093895A0601F129
:10945000D5820A9853B0BDEC0A8BBDE8F08FB2F903
:109460000C309F059AB23FF5B6AE19EE105AA86DB2
:10947000FEF784FFB5F90C309AB2ACE6AFF300808A
:109480000000000000000000002F00F08680002394
:109490008DF8E4708DF87B300122CDE90B23079223
:1094A000089310931393119339AD1AF002020E92A0
:1094B00002D0079A023207921AF084020F9205D165
:1094C000099A0799561A002E00F36883289C8BB1DD
:1094D000279B0DF17B0201330134C8F80020072BD4
:1094E0004FF0010228942793C8F8042000F39F83CB
:1094F00008F108080E9B83B1279B1FAA0133023491
:10950000C8F80020072B4FF0020228942793C8F8D0
:10951000042000F3998308F108080F9B802B00F0CA
:109520006A82089B0B9A9E1A002E00F3AB821AF4F3
:10953000807F40F006820B9BC8F804301C44279BB8
:10954000C8F800500133072B2894279300F31983A0
:1095500008F108081AF0040F05D0099B079A9D1A14
:10956000002D00F38583DDE9092307998A42ACBF0A
:109570009B185B180A93002C7FF451AF00232793AC
:109580000C9B1BB10C99484606F062FF0DF1A40834
:109590005D462B78002B7FF450AE289B002B41F0CA
:1095A0001882002327934AE70D9B073323F0070314
:1095B000B3EC027B8DED147BDDE914120D9322F0E8
:1095C00000430AEE101A0AEE903A4FF0FF32B0EE66
:1095D0004A8AF0EE6A8AB74B51EC180B06F006FD8A
:1095E000002840F0E884B34B51EC180B4FF0FF32E9
:1095F00006F0DEFC002840F0DE84DDE914010022E4
:10960000002306F0CBFC002840F067879DF87B30F4
:10961000A94DAA4A2AF0800A0321472FC8BF154640
:1096200000220C9207910B910892109213921192C2
:10963000002B3FF43AAF079A0132079235E793893E
:1096400099053FF503AF19EE104A906DFEF798FEAD
:10965000A389FBE62846FEF7A3F9B3E59BF8007063
:109660004AF0200A09E64AF0100A1AF0200F0D9B72
:1096700000F04084073323F007031A465B6852F872
:10968000084B0D921E46002BC0F24384089B013309
:1096900000F0BC822AF08003079354EA060340F0EE
:1096A000B782089B002B40F0B882DDF81CA0002395
:1096B00008930B9352AD1FE10D9A002352F8041B3F
:1096C0008DF87B308DF8E4100D92E5E60D9C54F892
:1096D000045B00268DF87B60002D00F09085089BD0
:1096E0005A1C00F051861A4631462846FEF700FF04
:1096F0000C90002801F02C810C9B0896591B0B91B3
:1097000021EAE1719DF87B300D9407910C9610963B
:10971000139611968CE74AF0100A1AF0200600F012
:10972000C9830D9B073323F007035E6853F8084B8A
:109730000D932AF480630793002300228DF87B2089
:10974000089A551C00F0C080079921F0800A54EA5D
:10975000060140F0B780002A40F00786002BA6D112
:10976000079B13F001030B9300F0148430238DF852
:1097700047310DF24715BFE00D9B53F8042B0992BA
:10978000002A80F2D583099A0D93524209929BF8E0
:1097900000704AF0040A70E51AF0200F40F0D284FD
:1097A0001AF0100F40F0E7851AF0400F40F0A9863C
:1097B0001AF4007F00F0DF850D9B0A9953F8042B03
:1097C0000D9311705D46E4E69BF800708DF87B40C8
:1097D00053E59BF800704AF0800A4EE55A4612F8AD
:1097E000017B2A2F01F06D82A7F13003092B9346EC
:1097F00098BF002201F2E9801BF8017B02EB820294
:1098000003EB4202A7F13003092BF5D9089236E5A4
:109810004AF010030793079B13F0200600F05983CA
:109820000D9B073323F007035E6853F8084B0D9335
:10983000012382E70D9B53F8044B0D9330234AF02C
:10984000020278278DF87C301D4B189307928DF813
:109850007D700026022370E79BF80070682F03BF1D
:109860009BF801704AF4007A0BF1010B4AF0400AB0
:1098700003E59BF800706C2F03BF9BF801704AF062
:10988000200A0BF1010B4AF0100AF6E49BF8007075
:109890004AF0080AF1E49BF800704AF0010AECE48F
:1098A0009DF87B30002B7FF46EAD9BF800708DF837
:1098B0007B10E2E4FFFFEF7F5030010854300108D5
:1098C00060300108CDF81CA0012B00F0A181022B13
:1098D00052AD20D1189A04F00F032409D35C05F887
:1098E000013D44EA0674360954EA0603F3D152AB4B
:1098F0005B1BDDF81CA00B9308990B989DF87B303F
:1099000081424FF00002B8BF01460C9207911092BD
:10991000139211928CE604F00703E40844EA4674BB
:10992000F608303354EA06012A4605F8013DF2D123
:109930000799CC0700F1758252AB5B1B8A460B93EB
:10994000DAE7652F40F3D780DDE914010022002318
:1099500006F01AFB002800F0C681279BC14AC8F810
:109960000020013301340122072B28942793C8F8E3
:10997000042000F3DE8408F10808209B129A934229
:1099800080F2D182169B179A1C44C8E90023279BBA
:1099900028940133072B279300F3238408F1080848
:1099A000129B5D1E002D7FF7D5AD102D279B41F337
:1099B0006781AD4F0E972246102619EE104A05E03A
:1099C00008F10808103D102D40F3C1840133103216
:1099D000072BC8E90076CDE92732F1DD26AA21461A
:1099E000484604F099FD00287FF422ADDDE92732D6
:1099F0000DF1A408E6E7099B079A9E1A002E7FF74F
:109A000090AD102E279B41F33C8097490F9522463D
:109A100019EE105A0E910C4604E0103E102E08F17B
:109A2000080819DD013310321021072BCDE9273248
:109A3000C8F80040C8F80410EFDD26AA29464846B9
:109A40000DF1A40804F068FD00287FF4F1AC103E8D
:109A5000102EDDE92732E5DC0F9D144601330E9A06
:109A6000C8F800203444072BCDE92734C8F8046037
:109A700000F3A983089B0B9A9E1A002E08F1080890
:109A80007FF755AD102E279B40F30F8576480E903B
:109A90004246214619EE108A044604E0103E102E7C
:109AA00002F1080216DD013310311020072BCDE939
:109AB000273114605060F1DD26AA4146484604F083
:109AC0002BFD00287FF4B4AC103E102EDDE92731C9
:109AD00029AAE8DC90460C4601330E9AC8F800200B
:109AE0003444072BCDE92734C8F8046000F3D4814F
:109AF00008F108081BE5129B012B40F37381279E98
:109B0000C8F80050013601340123072E2894279607
:109B1000C8F8043000F3968308F10808169B179ADA
:109B200001361C44072EC8E90023CDE9276400F361
:109B3000978308F10808DDE914010022002306F0EC
:109B400023FA002840F07B81129B0136013B01354E
:109B50001C44072EC8F800502796C8F804302894F3
:109B600000F3518108F108081A9BC8F80430013647
:109B70001C44072E22ABCDE92764C8F800307FF7DC
:109B8000E7AC19EE101A26AA484604F0C5FC0028D6
:109B90007FF44EAC289C0DF1A408DBE4102EDDE927
:109BA000273222DD1D95102419EE105A04E0103ED4
:109BB000102E08F1080817DD01332C491032072B4D
:109BC000C8E90014CDE92732F1DD26AA2946484626
:109BD0000DF1A40804F0A0FC00287FF429AC103E8D
:109BE000102EDDE92732E7DC1D9DC8F80460013343
:109BF000B418072B1D4AC8F80020CDE9273400F31C
:109C00007D839DF87B3008F1080860E4CDF81CA046
:109C10000A2C76F1000380F0318330340123DDF823
:109C20001CA08DF847410B930DF2471564E619EE21
:109C3000101A26AA484604F06FFC00287FF4F8ABFF
:109C4000289C0DF1A40855E419EE101A26AA4846DE
:109C500004F062FC00287FF4EBAB289C0DF1A40813
:109C60005BE400BF90300108A43001089430010883
:109C7000102D279B20DD19EE107A102604E0103DF0
:109C8000102D08F1080817DD0133AC4A1034072BFA
:109C9000C8E90026CDE92734F1DD26AA3946484631
:109CA0000DF1A40804F038FC00287FF4C1AB103D8E
:109CB000102DDDE92734E7DC0133A04AC8F8045051
:109CC0002C44072BCDE92734C8F800207FF74BAC94
:109CD00019EE101A26AA484604F01EFC00287FF44C
:109CE000A7AB289C3FE4209A002A40F32B81DDE9B2
:109CF00011739F42A8BF1F46002F0BDD279B013326
:109D00003C44072BC8E900572894279300F3D185DA
:109D100008F10808119E002FA8BFF61B002E00F3C3
:109D20004483119B1AF4806F2B440B9340F0DF8423
:109D3000209B129A934203DB1AF0010F00F0D283AA
:109D4000169A17991444C8E90012279A28940132E8
:109D5000072A279200F3BB8508F10808129A0B998D
:109D6000AE18761AD51AAE42A8BF2E46002E0DDDCB
:109D7000279BC8F8001001333444072BC8F804604F
:109D80002894279300F3068608F10808002EA8BF40
:109D9000AD1B002D7FF7DEAB102D279B40F37087A6
:109DA000674F0E972246102619EE104A05E008F17B
:109DB0000808103D102D40F3CA8201331032072BE2
:109DC000C8E90076CDE92732F1DD26AA21464846CA
:109DD00004F0A2FB00287FF42BABDDE927320DF164
:109DE000A408E6E71AF0010F7FF489AE279EC8F8B1
:109DF0000050013601340123072E28942796C8F815
:109E000004307FF7AFAE19EE101A26AA484604F0C8
:109E100083FB00287FF40CABDDE927640DF1A40877
:109E2000A2E6302B3FF463AD3023023A05F8013C43
:109E300052AB9B1ADDF81CA00B9315465CE5129BF8
:109E40005D1E002D7FF790AE102D40F31F873C4A1A
:109E5000CDF820A0234619EE10AA0E921027144622
:109E600005E008F10808103D102D40F3E3820136AB
:109E70001033072EC8E90047CDE92763F1DD26AA94
:109E80005146484604F048FB00287FF4D1AADDE99A
:109E900027630DF1A408E6E719EE101A26AA484632
:109EA00004F03AFB00287FF4C3AA289C0DF1A40813
:109EB000FFF73DBB1AF0100340F03E811AF040025C
:109EC00000F0C8820D9A52F8044B0D921E46A4B2BF
:109ED0002FE4079B13F0100366D1079A12F040029B
:109EE00000F0C6820D9A52F8044B0D921E46A4B2A1
:109EF000012322E453F8044B0D931AF0100F4FD1B5
:109F00001AF0400F48D044F3C036334624B2FFF76E
:109F1000BABB2D2364428DF87B3066EB4606CDF844
:109F20001CA001230CE41AF0010F3FF413AB29E548
:109F30009BF800700D93FFF7A0B900BF94300108A3
:109F4000A4300108279BB649C8F80010013301343A
:109F50000121072B28942793C8F8041000F380846C
:109F600008F10808002A40F04682129A0AF001031C
:109F700013433FF4EFAA169B179A1C44C8E9002329
:109F8000279B28940133072B279300F3648308F160
:109F9000080841E252ADAFE41AF4007F40F0AB8212
:109FA000E6173346FFF76FBB0D9B53F8044B0D9339
:109FB0000123FFF7C2BBDDE9140102460B4606F0A0
:109FC00015F8002840F02C86612F00F07D85412F88
:109FD00000F0A082089B013327F02003079300F0D4
:109FE000C285472B00F0A985DDE914014AF480728F
:109FF00000290B924FF00003C0F2418441EC1B0B8F
:10A000000E930C93079B462B00F07084452B00F0B9
:10A010002285089B019324AB049321AB039320ABCF
:10A02000029302230093484653EC1B2B01F07CF86B
:10A03000079B472B054640F05B861AF0010F5646FA
:10A04000DDF82CA040F0DF84249B5B1B1293079B60
:10A05000472B00F01683079B462B00F08584209B3E
:10A060001193119B079A013B412A209300F0E6854A
:10A07000FAB20021002BB8BF119B8DF88820BABF1F
:10A08000C3F101032D222B22092B8DF8892040F3E7
:10A090006E850DF19704DFF898C1224610468CFBBF
:10A0A0000321DA17C2EBA10202EB8201A3EB41010B
:10A0B000303100F8011C19466329134600F1FF32C4
:10A0C000ECDC3033D9B2831E9C4202F8011C40F212
:10A0D0000B8613460DF18A0201E013F8011B02F80A
:10A0E000011B9C42F9D10DF199030DF18A021B1A53
:10A0F000134422AA9B1A1A93129B1A9A012B1A44F0
:10A100000B9240F3AF850B9B169A13440B930B9A5B
:10A11000002326F4806622EAE27246F4807A1093E5
:10A120000792139311930E9B002B40F0D982089352
:10A130009DF87B30FFF77CBA0D9B53F8044B0D93D1
:10A14000FFF7F7BA0D9B0A9853F8041B0D93C2173B
:10A15000C1E900025D46FFF71CBA199B002B3FF4D2
:10A1600012A9199B1B78002B3FF40DA99BF80070D6
:10A170004AF4806AFFF781B8CDF81CA0FFF74BBB0B
:10A18000284B18931AF0200654D00D9B073323F068
:10A1900007035E6853F8084B0D931AF0010F09D0BE
:10A1A00054EA060306D030238DF87D704AF0020A87
:10A1B0008DF87C302AF4806307930223FFF7BDBA41
:10A1C000194B1893DEE719EE101A26AA484604F038
:10A1D000A3F900287FF42CA9289C0DF1A408FFF70F
:10A1E000A0B919EE101A26AA484604F095F90028DD
:10A1F0007FF41EA9289C0DF1A408FFF7D1BB089A93
:10A200000C95062A294628BF062208952B46079258
:10A21000064D0D940B92109113911191FFF708BA0E
:10A22000903001086030010874300108883001085E
:10A23000676666661AF0100370D00D9B53F8044BE6
:10A240000D93AAE719EE101A26AA484604F064F9FD
:10A2500000287FF4EDA8DDE927640DF1A4085DE492
:10A2600019EE101A26AA484604F056F900287FF481
:10A27000DFA8DDE927640DF1A4085CE4079B002258
:10A2800003F48063CDE90B7808EE109A0DF5A47AFB
:10A29000DDF86490174698460CE0002320463146CE
:10A2A0000A2205F001FF0A2C76F100031CD30446B4
:10A2B0000E46AA4620460A220023314605F0F4FE47
:10A2C00030320AF1FF3501370AF8012CB8F1000FDE
:10A2D000E3D099F800309F42DFD1FF2FDDD00A2C68
:10A2E00076F1000380F0E580CDF864901297DDF8F8
:10A2F00030800B9F18EE109AFFF7F9BA19EE101A7A
:10A3000026AA484604F008F900287FF491A89DF891
:10A310007B30289C0DF1A408FFF7D9B81AF0400251
:10A3200000F0B6800D9A52F8044B0D921E46A4B26E
:10A3300033E719EE101A26AA484604F0EDF8002873
:10A340007FF476A8289C0DF1A408FFF716BB1446ED
:10A3500001330E9AC8F800202C44072BC8F804508B
:10A36000CDE927347FF7F4A80BE4012BCDF81CA02E
:10A370007FF4ADAA51E40D9B0A9953F8042B5D4676
:10A3800011600D93FFF705B9284608960D94FEF766
:10A3900037FE20EAE0719DF87B300B9007910C9618
:10A3A000109613961196FFF743B9102E279B40F392
:10A3B0009484BA480E904246214619EE108A10271E
:10A3C000044604E00832103E102E40F33782013379
:10A3D0001031072BC2E90047CDE92731F2DD26AA6B
:10A3E0004146484604F098F800287FF421A8DDE9AA
:10A3F000273129AAE7E7169B17991C44C8E90013DF
:10A40000279B28940133072B279300F3248108F11D
:10A410000808002AC0F2FA82129AC8F800500133E4
:10A420001444072BCDE92734C8F804207FF790A8FF
:10A43000FFF7A7BBDDF820A01C4601360E9BC8F82D
:10A4400000302C44072ECDE92764C8F804507FF76C
:10A4500089ABD8E40D9B1AF4007614BF53F8044B73
:10A4600053F8044B0D931CBF1646E4B2FFF761B9D5
:10A47000079B13F400760D9B14BF53F8044B53F85D
:10A48000044B0D931CBF1646E4B20123FFF755B9E8
:10A490000D9B1AF4007614BF53F8044B53F8044B89
:10A4A0000D931CBF1646E4B277E67C4A0E92FFF786
:10A4B00013BB1C9B1B99ED1A1A46284602F058FA4A
:10A4C00099F801300BB109F10109204631460A2201
:10A4D0000023002705F0E8FDE9E62D238DF87B3009
:10A4E000FFF796B8129A0B99AE18761AD51AAE42A3
:10A4F000A8BF2E464AE444F3C016334664B2FFF7C1
:10A50000C2B80D9B0A9953F8042B0D9311805D4638
:10A51000FFF73FB830238DF87C3058238DF87D301D
:10A52000089B632B4AF0020400F3D38200230C93B0
:10A5300039ADDDE914124AF481730B93002A27F038
:10A540002003A2460793C0F29B81002342EC1B1B11
:10A550000E93612F00F04C83412F7FF453AD20AA5E
:10A5600051EC1B0B02F0CCF900224FF07F5305F0A9
:10A57000A3FA02460B4643EC182B0022002305F0F9
:10A5800003FD08B101232093454B0F93089B1D95B4
:10A59000CDE9107BCDE912A80CEE109ADDF83CB0A5
:10A5A00059EC188B5E1E2C4605E000220023013E6C
:10A5B00005F0EAFCE0B93B4B00224046494605F075
:10A5C0007BFA8946804605F027FD054605F00AFA24
:10A5D0000B4602464946404605F0B6F81BF80530E2
:10A5E000A24604F8013B731C374680468946DCD1FD
:10A5F00049EC188B2C4BDDF84C8051EC180B0022E9
:10A600003E461CEE109ADDE9107BCDF840A0119576
:10A61000DDF848A01D9D05F0DFFC002840F03882E1
:10A6200051EC180B204B002205F0AEFC18B1119B29
:10A63000D90700F12D82002E334606DB0133234477
:10A64000302204F8012BA342FBD1631B5646129320
:10A65000DDF82CA0FBE419EE101A26AA484603F0F8
:10A660005BFF00287EF4E4AEDDE92734209A0DF18B
:10A67000A408CEE619EE103A986DFDF781FEFEF7BC
:10A68000A3BE209B1193DA1C02DB089A93420DDDD6
:10A69000023F27F020030793E3E400BFA430010842
:10A6A00074300108000030400000E03FDDE9113265
:10A6B0009342C0F28081F00740F19782169A1344CA
:10A6C0000B93710503D5119B002B00F360820B9B4C
:10A6D00023EAE3730793672700231093139322E57C
:10A6E0002D2300228DF87B300892FEF7A4BF129B29
:10A6F000CDF838B0DDF84CB00B9E199FCDF82CA0EA
:10A70000EB1808934246DDF870A0109B0F9519EEE8
:10A71000108AA446BBF1000F30D0002B71D1013F4D
:10A720000BF1FF3B1B9BC2E9003A279B0133D4444A
:10A73000072BCDF8A0C0279367DC0832089B387838
:10A740009B1B8342A8BF0346002B1C460BDD2798AA
:10A7500001309C440728C2E90063CDF8A0C02790CF
:10A760005FDC38780832002CACBF051B0546002D95
:10A7700017DC0644109BBBF1000FCED1002B40D15B
:10A780000F9D129BDDF82CA0DDF838B01997EB185F
:10A790009E429046324628BF1A4664460B92FFF707
:10A7A000C7BA102D27981FDD1024634604E0103D22
:10A7B000102D02F1080216DD0130B44910330728CC
:10A7C000C2E90014CDE92703F1DD26AA4146484637
:10A7D00003F0A2FE00287EF42BAE103D102DDDE923
:10A7E000270329AAE8DC9C460130A84B5560AC44FD
:10A7F0000728CDE9270C13604DDC38780832064471
:10A80000B8E7109B013B10938CE726AA41464846C7
:10A8100003F082FE00287EF40BAEDDF8A0C029AA6A
:10A820008CE726AA4146484603F076FE00287EF4CF
:10A83000FFAD3878DDF8A0C029AA94E790460C4611
:10A8400001330E9AC8F800203444072BCDE9273491
:10A85000C8F8046000F3638108F10808FFF761BAE3
:10A8600019EE101A26AA484603F056FE00287EF478
:10A87000DFAD209A289C0DF1A408FFF773BB0C9361
:10A88000DDE9141202F100430BEE903A2D230BEE9A
:10A89000101A0E935DE626AA4146484603F03CFE98
:10A8A00000287EF4C5AD3878DDF8A0C029AA06449A
:10A8B00060E719EE101A26AA484603F02DFE00287C
:10A8C0007EF4B6AD289C0DF1A408FFF723BA19EE6B
:10A8D000101A26AA484603F01FFE00287EF4A8ADF1
:10A8E000209B289C0DF1A408FFF738BA089B019320
:10A8F00024AB049321AB039320AB02930323009377
:10A90000484653EC1B2B00F00FFC0378302B054618
:10A9100000F09A81209B089A56461344DDF82CA03B
:10A92000EC1851EC1B0B0022002305F02DFB10B19D
:10A930002346FFF78ABB249BA342BFF486AB30219A
:10A940005A1C24921970249B9C42F9D8FFF77DBBB6
:10A95000089B07930B930D949DF87B300890109003
:10A9600013901190FEF764BE209A1192002A40F3D2
:10A970009181089906F001030B4340F03081119B4F
:10A980000B936627730500F103810B9B23EAE373A6
:10A990000793A1E619EE101A26AA484603F0BCFD5B
:10A9A00000287EF445AD209D129B289C5D1B0DF177
:10A9B000A408FFF7EBB9129B169A9A18119B0B92F9
:10A9C000002B40F354816727DCE700230893FEF750
:10A9D00056BC19EE101A19EE900A26AA03F09CFD37
:10A9E00000283EF4DEADFEF72ABD6B6EDC0705D411
:10A9F000AB89980502D4A86DFDF7C2FC4FF0FF3378
:10AA00000A93FEF726BD089BEC188AE756421032DF
:10AA100080F270811D480E904246214619EE108A40
:10AA20001027044603E00832103E102E5BDD013390
:10AA30001031072BC2E90047CDE92731F3DD26AA03
:10AA40004146484603F068FD00287EF4F1ACDDE99C
:10AA5000273129AAE8E7089B5C1C24AB049321ABAF
:10AA6000039320AB029302230093019453EC1B2B1E
:10AA7000484600F059FB054656462C44DDF82CA00C
:10AA80004FE7024A0E92FEF7E9BF00BFA43001086B
:10AA9000109B24930F9B14F8012CD97B8A422346E8
:10AAA00009D1302003F8010C249B5A1E249213F87C
:10AAB000012C9142F6D0392A0BBF0F9A0132927ABB
:10AAC000D2B203F8012CC0E530238DF87C30782316
:10AAD00024E5591C484605F0B7FC0546002800F05F
:10AAE0000C810C9025E590460C4601330E9AC8F86F
:10AAF00000203444072BCDE92734C8F804607FF7E1
:10AB000046AA19EE101A26AA484603F005FD0028A9
:10AB10007EF48EACDDE927340DF1A4087CE419EE57
:10AB2000101A26AA484603F0F7FC00287EF480ACF1
:10AB3000289C0DF1A408FFF7F4B8089B002B08BF70
:10AB400001230893159B4AF48072002B0B92C0F2EC
:10AB50009B809DED147B0E900C90B0EE47BAF0EE0A
:10AB600067BAFFF756BA06230893FFF73DBA0029E4
:10AB700040F0A48030228DF88A200DF18B02303312
:10AB800002F8013B22ABD31A1A93FFF7B5BA672735
:10AB900019990B78FF2B00F0A3800024119A20460E
:10ABA00003E001300131FF2B08D0934206DAD21ABC
:10ABB0004B78002BF5D10B780134F4E71991119201
:10ABC00013901094109A139B1C9913440B9A01FB39
:10ABD00003230B9323EAE3730793FFF7A4BA169BAF
:10ABE000D31819440B916627CCE6119B0B9368E5AB
:10ABF00020AA51EC1B0B01F083FE00224FF07F5383
:10AC000004F05AFF02460B4643EC182B00220023A7
:10AC100005F0BAF908B1012320933C4B0F93B5E43A
:10AC2000159B3B4D3B4A002BB6BF2D239DF87B3037
:10AC30008DF87B302AF0800AFEF7EEBC07F10F0298
:10AC4000D2B20121FFF716BA51EC1B0B00220023F0
:10AC500005F09AF900287FF45DAE089BC3F101036B
:10AC6000209358E6F4077FF552AAFFF74CBAC3F1D8
:10AC700001031A4422EAE2730B92079367272BE53C
:10AC8000254A0E92FFF764BB0C90F9E5224B0E9318
:10AC9000FFF7D3BB089A06F0010656EA020304D177
:10ACA0000123079366270B9316E5169B01331A447D
:10ACB00022EAE2730B92079366270DE50DF18A02F3
:10ACC0005DE70D9B9BF80170934653F8042B0D93A1
:10ACD00042EAE2720892FEF7D0BA0F4A0E92AFE54E
:10ACE0000023109313936DE702231A93FFF704BA1E
:10ACF000089CC1E6084A0E92F7E619EE102A9389DD
:10AD000043F040039381FEF79ABB00BF6030010817
:10AD1000583001085C300108A430010810B4054C1B
:10AD20008446134620685DF8044B0A466146FEF7E8
:10AD30002FBA00BF7406002070B50C468989ADF5A6
:10AD40008E6D21F00201ADF81410616E1B91E18946
:10AD5000ADF81610E1690991616A0B911CA9029185
:10AD600006914FF4806106460491079118A80021CE
:10AD7000CDE900320891FDF7FDFADDE9003202A9C4
:10AD80003046FEF705FA051E07DB02A93046FCF740
:10AD900099FD002818BF4FF0FF35BDF814305B0651
:10ADA00003D5A38943F04003A3811898FDF7E4FA83
:10ADB00028460DF58E6D70BD10B51A4C002924681B
:10ADC0009AB02ADB009004904FF40270ADF80C00AA
:10ADD00013D001394FF6FF7002910591ADF80E00C6
:10ADE0006946204601F0F8FD421C01DA8B232360FE
:10ADF000009B00221A701AB010BD4FF6FF7002912E
:10AE00000591ADF80E006946204601F0E5FD431CB2
:10AE100001DA8B2323601AB010BD8B2323604FF01F
:10AE2000FF30F8E774060020F8B50D4614460646D4
:10AE300010B1836B002B43D0B4F90C20A369A3603D
:10AE4000170790B21BD52369CBB1EDB281042F4611
:10AE500022D522686169D31A994229DD0133A1689C
:10AE60000139A160511C2160157062699A422AD093
:10AE7000A389DB0701D50A2D25D03846F8BD214628
:10AE8000304600F03FF820BBB4F90C20236990B2A3
:10AE9000EDB281042F46DCD442F40052A281626EEE
:10AEA000616922F4005262662268D31A9942D5DCA5
:10AEB00021463046FCF706FD58B922680123CEE74B
:10AEC000FCF76EFDB8E721463046FCF7FBFC002896
:10AED000D3D04FF0FF37D0E738B50C46084D844645
:10AEE000114620461A4600232B606446F8F7CEF937
:10AEF000431C00D038BD2B68002BFBD0236038BD2D
:10AF0000242F002038B5334B1B6805460C460BB187
:10AF10009A6B12B3B4F90C3018079AB225D521698F
:10AF200000292DD012F0010007D00020A060606938
:10AF30004042A06139B1002038BD950758BF606913
:10AF4000A0600029F7D1120658BF0846F4D543F097
:10AF50004003A3814FF0FF3038BD1846FCF720FDB9
:10AF6000B4F90C3018079AB2D9D4D1062AD55207B1
:10AF700014D4216943F00803A3819AB20029D1D1E6
:10AF800002F42070B0F5007FCCD021462846FDF7B2
:10AF9000F9F9B4F90C3021699AB2C3E7216B51B1C8
:10AFA00004F14002914204D0284605F051FAB4F968
:10AFB0000C300022226321690022C4E9001223F030
:10AFC0002403D7E7092243F040032A604FF0FF3003
:10AFD000A38138BD7406002038B5074D0022044611
:10AFE00008462A60F8F736F9431C00D038BD2B68B4
:10AFF000002BFBD0236038BD242F00202DE9F04F1B
:10B0000003690C69A34283B0C0F28780013C01F15F
:10B010001405A30000F11408009355F8243058F8E3
:10B020002420013381469A4208EB840005EB840713
:10B030000190B2FBF3F63BD30023AE4640469B465D
:10B040005EF804AB02681FFA8AFC06FB0C334FEA79
:10B05000134C4FEA1A4A06FB0ACA1FFA83FCABEBF1
:10B060000C0C1FFA8AF31CFA82FCC3EB124202EBAF
:10B070002C421FFA8CFC4CEA0243774540F8043B13
:10B080004FEA224B4FEA1A43DAD2009B58F80330BA
:10B0900073B9019B043B984504D307E0984504F13C
:10B0A000FF3403D253F80429002AF7D0C9F810401E
:10B0B000484601F0E5FA00282BDB01364046002324
:10B0C00055F8041BD0F800C08AB29A1A0B0C12FA79
:10B0D0008CF2C3EB1C4303EB224392B242EA0342DD
:10B0E000AF4240F8042B4FEA2343E9D258F824201A
:10B0F00008EB84036AB9043B984504D307E09845FC
:10B1000004F1FF3403D253F80429002AF7D0C9F818
:10B110001040304603B0BDE8F08F002003B0BDE81A
:10B12000F08F00BF000000002DE9F04F2DED068BE1
:10B13000016C95B090469946CDE90489279D044657
:10B1400041B1426C4A60012393408B6001F036F8B4
:10B1500000232364B9F1000AB4BF012300232B604C
:10B160007B4BBCBF2AF0004ACDF814A033EA0A0397
:10B1700000F0B2809DED047B002251EC170BB0EE85
:10B18000479AF0EE679A002304F0FEFE074680B16E
:10B19000269A01231360289B002B00F0DA826D4869
:10B1A0001860431E0393039815B0BDEC068BBDE8F1
:10B1B000F08F12AB019313AB0093204653EC192B85
:10B1C000B0EE498AF0EE698A01F022FB5FEA1A5676
:10B1D000054640F09980DDE912763E4406F23240A1
:10B1E000202840F3AA83C0F140000AFA00FA06F2D0
:10B1F000124028FA00F04AEA000004F0E3FB0123C1
:10B20000013E0D93A1F1F871534B002204F09CFA1A
:10B2100049A3D3E9002304F04FFC49A3D3E9002359
:10B2200004F094FA80463046894604F0DBFB46A3DE
:10B23000D3E9002304F040FC02460B464046494651
:10B2400004F084FA8046894604F0E6FE0022834634
:10B2500000234046494604F0A1FE002840F06C82DD
:10B26000BBF1160F00F25B823C4B03EBCB03D3E93F
:10B27000002351EC190B04F091FE002874D0002338
:10B28000BE1B0C93731E0BF1FF3B069300F14E8225
:10B2900000230993BBF1000F6DDA099BCDF81CB0B8
:10B2A000A3EB0B030993CBF100030B93249B092B16
:10B2B0004FF0000B68D8052B40F33D83043B2493EB
:10B2C0000026249B023B032B00F29886DFE813F054
:10B2D0004D044A0441042404269A42F20F73CAF32F
:10B2E000130A13605AEA08031DD1289B002B00F0B3
:10B2F0007C861B4B03930833289A0398136015B080
:10B30000BDEC068BBDE8F08F18EE903AC3F3130343
:10B3100051EC190B43F07F510D97A6F2FF36129FA7
:10B3200041F4401170E7289B002B40F0D9830D4B6E
:10B33000039338E7AFF3008061436F63A787D23F81
:10B34000B3C8608B288AC63FFB799F501344D33F14
:10B350000000F07F913001080000F83F1833010829
:10B36000BC310108B8310108BE1B731E069300F101
:10B370009A840C900990069B5B44CDE9063B002320
:10B380000B93249B092B96D90023CDE92433012666
:10B390004FF0FF330A960893089B0F9300216164D6
:10B3A000204600F0E5FE0390002800F02F86039B66
:10B3B0002364089B0E2B00F2F980002E00F0F6802B
:10B3C0000799002940F37184BD4B01F00F0203EB94
:10B3D000C2034FEA2118C905D3E9006740F103848D
:10B3E000B84B51EC190BD3E9082304F08FFC41EC66
:10B3F000180B08F00F084FF0030AB8F1000F13D034
:10B40000DFF8C09218F0010F09D030463946D9E96B
:10B41000002304F051FB0AF1010A06460F465FEAD9
:10B42000680809F10809EDD151EC180B32463B468A
:10B4300004F06CFC41EC1A0B0C9B5BB157EC1A6BE3
:10B44000A14B1AEE100A0022394604F0A7FD00288D
:10B4500040F05285504604F0C5FA53EC1A2B04F024
:10B460002BFB9A4B002204F071F9089B8046A1F156
:10B470005079002B00F0F383079B1093089B0E93E9
:10B480000A9B002B00F0C0840E9A8D4B9049DDF88A
:10B490000CA003EBC20353E90223002004F036FCA6
:10B4A00042464B4604F050F959EC1A8B41EC180B0C
:10B4B00049461AEE100A04F0AFFD074604F092FA6E
:10B4C00002460B461AEE100A494604F03DF93037A1
:10B4D0000AF8017B53EC182B06460F4604F05EFD7C
:10B4E000002840F055854FF000080AEE105ACDF8BC
:10B4F00044B055465BEC18AB08EE104A44462AE0CF
:10B500000E9B01349C424BDA724B50465946002246
:10B5100004F0D2FA6F4B002282468B463046394601
:10B5200004F0CAFA8946804604F076FD074604F026
:10B5300059FA02460B464046494604F005F93037B1
:10B5400005F8017B52465B4606460F4604F026FD91
:10B55000002840F0188532463B465B49002004F045
:10B56000F3F852465B4604F019FD0028C8D0109B42
:10B57000039A0793AA4618EE104A1AEE105A02E0F0
:10B58000924500F0EA84D1461AF8013D392BF7D0F4
:10B590000133DBB28AF80030079B01330793ABE13C
:10B5A000DDF844B01AEE105A18EE104A139B002B27
:10B5B000C0F29480079A0E2A00F39080404B03EB70
:10B5C000C203D3E90089259B002B1BDA089B002BC3
:10B5D00018DC40F05D83404B00224046494604F0B1
:10B5E0006BFA02460B4651EC190B04F0E1FCDDF856
:10B5F00020A05646002800F0D082259BDDF80C8064
:10B60000DF43D2E242464B4651EC190B04F07EFB7D
:10B6100004F002FD0646834604F0E4F942464B4638
:10B6200004F04AFA0B46024651EC190B04F08CF870
:10B63000DDF80CA0334630330AF8013B089B012BA0
:10B6400000F08E834FF0010B08EE105A08EE904A7E
:10B650001D465446DA461DE042464B4630463946C2
:10B6600004F054FB04F0D8FC834604F0BBF94246D6
:10B670004B4604F021FA0AF1010A0B46024639460C
:10B68000304604F061F80BF13003AA4504F8013BA1
:10B6900000F061830F4B002204F00EFA0022002319
:10B6A00006460F4604F070FC0028D5D0A24618EEDE
:10B6B000105A18EE904A079B01330793D1461BE1BD
:10B6C00018330108F03201080000F03F00001C4070
:10B6D0000000E03F00002440000014400A9A002AC5
:10B6E0003FD0249A012A40F39C82089B03F1FF3843
:10B6F0000B9B4345C0F26E82A3EB0808089B002B0E
:10B70000C0F26683069A1A440692099A17461A44AA
:10B7100009920121204600F0FFFD064625E00123A5
:10B72000BE1B0C93731E06937FF5B2ADC6F10103E9
:10B73000099300230693ADE5584604F053F94246B9
:10B740004B4604F021FC00287FF48AAD0BF1FF3B4F
:10B7500086E5874B0393039815B0BDEC068BBDE8D7
:10B76000F08FDDE90976DDF82C80002F0CDD069ADC
:10B77000002A09DD0999BA421346A8BF3B46C91AF7
:10B78000FF1AD31A099106930B9BDBB10A9B002B7E
:10B7900000F08282B8F1000F0FDD314642462046AC
:10B7A00000F096FE2A4601460646204600F0E2FDDD
:10B7B00029460546204600F001FD0B9BB3EB08022D
:10B7C00040F000830121204600F0A6FDBBF1000FF0
:10B7D000824600F3B780249B012B40F385814FF014
:10B7E00000090120BBF1000F40F0B880069A104418
:10B7F00010F01F0000F09680C0F12003042B40F3EE
:10B80000F883099BC0F11C000344024409930744D8
:10B810000692099B002B05DD29461A46204600F0BA
:10B82000B7FE0546069B002B05DD51461A4620460D
:10B8300000F0AEFE82460C9B002B40F03681089B48
:10B84000002B40F31D810A9B002B40F0A080079B3A
:10B8500001330793DDF80C80DDF82090012707E025
:10B86000294600230A22204600F0B2FC0137054693
:10B8700051462846FFF7C2FB4F4500F1300008F85B
:10B88000010BEDDB089A002AC8BF9346039AD8BF84
:10B890004FF0010B0346934400272946012220461E
:10B8A000049300F075FE5146054600F0E9FE0028BD
:10B8B00040F3A5811BF8013C039A0BF1FF3B04E028
:10B8C0005A4500F0A7811BF8013D392B0BF1010906
:10B8D000F6D001338BF800305146204600F06EFC64
:10B8E00056B12FB1B74203D03946204600F066FC6E
:10B8F0003146204600F062FC2946204600F05EFCFE
:10B90000002389F80030269B079A1A60289B002B99
:10B910003FF449AC0398C3F8009015B0BDEC068B1A
:10B92000BDE8F08F1C20099B03440993069B034448
:10B93000074406936DE70126C3E4C0F1200008FA2E
:10B9400000F05AE401465A46204600F0C1FD249B0F
:10B95000012B824640F3D5814FF00009DAF8103010
:10B960000AEB8303186900F087FCC0F120003DE773
:10B9700090300108314600230A22204600F028FCBE
:10B980000F9B002B064640F32383CDE90783002F4E
:10B9900000F31981B9F1000F40F0FD81B046049B1E
:10B9A000039F089903F001027B1E1944249B0B920C
:10B9B000134309910A9351462846FFF71FFB31466E
:10B9C0008346284600F05CFE4246514681462046AA
:10B9D00000F078FEC26801460BF13003002A42D124
:10B9E00006902846089300F04BFE069904902046E6
:10B9F00000F0E4FB049A089B1AB90A99002900F0A8
:10BA0000D782B9F1000FC0F28881249949EA01096F
:10BA10000B9951EA090100F08081002A00F3E881C6
:10BA2000099A3B7007F101099742CB4600F0E68185
:10BA3000294600230A22204600F0CAFB4645054657
:10BA400031464FF000034FF00A02204612D000F0BA
:10BA5000BFFB4146064600230A22204600F0B8FB01
:10BA60004F468046A7E72046049300F0A7FB049BBF
:10BA70000122C6E700F0ACFB4F46064680469AE737
:10BA8000249B022B78DC0A9B002B80D1079B51461C
:10BA9000013328460793FFF7B1FADDF80CB000F147
:10BAA00030030BF8013B0027F7E65146284600F02B
:10BAB000E7FD0028BFF6C3AE294600230A22204630
:10BAC00000F086FB079B03F1FF380A9B0546002B1D
:10BAD0007FF450AF0F9B002B40F371820893B9E6BF
:10BAE000BD4B0393033307E4DDE9041200297FF41F
:10BAF00076AEC2F31303002B7FF471AEB74B134045
:10BB0000002B00F03E82099B01330993069B013311
:10BB100006934FF0010964E601230A93259B079AD7
:10BB200013440F930133012B1F460893B8BF01271D
:10BB30000021172F61647FF733AC012204235B00DF
:10BB400003F11400B842114602F10102F7D9616411
:10BB500026E401230A93259B002B4BDD0F930893CA
:10BB60001F46E5E700230A93D8E700230A93F2E78C
:10BB70000F9BCDF81C800893089B002B7FF43DADF4
:10BB800051460522204600F023FB01468246284606
:10BB900000F076FD00287FF730AD0398079F312332
:10BBA000804600F8013B013703905146204600F0E3
:10BBB00005FB7B1CDDF80C900793CDF80C80002E64
:10BBC0007FF496AE98E631463A46204600F0E0FC17
:10BBD0000646DFE60B9BCDF82C80A8EB03039B44C5
:10BBE0004FF000088AE54FF0020AB0EE498AF0EE05
:10BBF000698A02E4012325930893FFF7CDBB03D1A3
:10BC0000049BDB073FF556AED9461BF8013D302BB0
:10BC1000FAD061E6079B039A01330793312313702F
:10BC20005AE60D9A002A00F0638103F23343069A24
:10BC3000DDF82C801A440692099A17461A44099294
:10BC400067E5504603F0CEFE53EC1A2B03F034FFA9
:10BC5000634B002203F07AFD8046A1F15079614BDD
:10BC6000002251EC1A0B03F06FFD42464B4606468C
:10BC70000F4604F0B1F9002840F07F813046394684
:10BC8000424609F1004304F089F900283FF48EACE4
:10BC90004FF0000A5646B0E429460B9A204600F0C1
:10BCA00017FC05468EE50C9040E500F04E81079AA2
:10BCB0004D4B564206F00F0203EBC203D3E90023BB
:10BCC00051EC190B03F0F8FE361141EC1A0B00F0A1
:10BCD0008881464F00234FF0020AF20706D5D7E9C4
:10BCE000002303F0E9FE0AF1010A0123761007F1AF
:10BCF0000807F2D1002B3FF49FAB41EC1A0BFFF782
:10BD00009BBB049B002B7FF427AEDDE90412C2F33A
:10BD10001303002B3FF4F2AE1EE6002A12DD294683
:10BD200001222046049300F033FC5146054600F002
:10BD3000A7FC0028049B40F33581392B00F01381C8
:10BD40000BF13103B94609F8013B079B0133374634
:10BD500007934646C0E5A24618EE105A18EE904AE0
:10BD600002460B4603F0F2FC42464B4606460F469F
:10BD700004F032F960B942464B463046394604F089
:10BD800003F900283FF497AC5FEACB717FF593ACE1
:10BD9000039AFFF7F8BB7168204600F0E9F90746FF
:10BDA000002800F03A81336902339A0006F10C0151
:10BDB0000C30FCF7EDFB39460122204600F0E8FB91
:10BDC0008046ECE52946204600F082FB0546F9E472
:10BDD000DDE908239F1A9CE4B83101080000F07FD8
:10BDE00000001C400000144018330108F032010824
:10BDF000392B00F0B880B9460133A4E7079A013225
:10BE000037460792464648E50E988D4901EBC0013A
:10BE100042464B4651E9020103F04EFE5AEC1A9B92
:10BE200041EC180B51461AEE100A04F0F5F80746DB
:10BE300003F0D8FD02460B461AEE100A514603F0F5
:10BE400083FC06460E98DDF80C803037012808F890
:10BE5000017B0F4600F0BA800E9B039ACDF838B0F4
:10BE600013449B46C246774B00223046394603F0C6
:10BE700023FE8946804604F0CFF8074603F0B2FD62
:10BE8000303702460B464046494603F05DFC0AF84F
:10BE9000017BDA4506460F46E5D1DA46DDF838B0D3
:10BEA000694B59EC188B002218EE100A494603F032
:10BEB0004DFC32463B4604F071F800286DD118EE77
:10BEC000102A4B466049002003F03EFC32463B46B8
:10BED00004F082F800283FF469ABD1460AF1FF3A3A
:10BEE00019F8013C302BF8D0109B0133079303E580
:10BEF000129BC3F136039AE6089B002B3FF4A1AED8
:10BF00000F9B002B7FF752AB079A0E93013A4D4BD4
:10BF100010921AEE100A3946002203F0CDFD0246B7
:10BF200016460F460AF1010003F05CFD32463B461F
:10BF300003F0C2FD454B002203F008FC47EC1A6BEE
:10BF40008046A1F15079FFF79BBA4FF0020AB0EE9C
:10BF500049AAF0EE69AAFFF76FBA079B013307936E
:10BF60003123FFF717BB079BBB46013307933923E8
:10BF700037460BF8013B46469EE44FF0000A564612
:10BF80000BE699462DE4AA4618EE104A1AEE105A0E
:10BF9000109B01330793D146AEE4109B039A07939D
:10BFA000FFF7F1BA7FF4CEAEDA077FF5CBAEC4E689
:10BFB000392BD8D0B9F1000F3FF7C2AEC2E6249BAF
:10BFC000022B3FF7D5ADCDF81C805FE5C24667E791
:10BFD000249B022B3FF7CCAD0F9BCDF81C80089320
:10BFE000D5E44FF0020AFFF727BA194B0393FFF786
:10BFF000DAB83FF40EACC0F13C0094E4002666646D
:10C000003146204600F0B4F8039068B9114B12484D
:10C0100000224FF4D57103F0D7F90E4B0E483A4683
:10C0200040F2EA2103F0D0F9039B236401224FF090
:10C03000FF3325960F930A920893FFF7B7BA00BF14
:10C0400018330108000024400000E03F00001C40BD
:10C05000BC310108C8310108DC31010800B50B789A
:10C06000722B38D0772B06D0612B2DD0162303608E
:10C0700000205DF804FB4FF4C06E4FF0010C082067
:10C080004B7801312BB90EE02B2B14D011F8013F66
:10C090004BB1622B0CD0782BF6D111F8013F4CF448
:10C0A000006C002BF5D14EEA0C0313605DF804FB25
:10C0B0004CF4803CEAE720F01C002CF0030C40F02C
:10C0C00010004CF0020CE1E74FF4027E4FF0010C3F
:10C0D0004FF48470D4E74FF0000EF4460420CFE70D
:10C0E00038B5074D0022044608462A60F7F73BF9A9
:10C0F000431C00D038BD2B68002BFBD0236038BD1B
:10C10000242F0020014B93F828017047A00A00203B
:10C1100000487047900B002038B50C46084D844607
:10C12000114620461A4600232B606446F7F737F97C
:10C13000431C00D038BD2B68002BFBD0236038BDDA
:10C14000242F002082B049B15AB16BB113780B6033
:10C150001278101E18BF012002B0704701A9002AF2
:10C16000F3D1104602B070476FF00100F4E700BF52
:10C17000C36C70B505460C464BB153F8240080B132
:10C18000026843F824200023C0E9033370BD212254
:10C19000042104F05FF90346E8640028EDD1002093
:10C1A00070BD012101FA04F6721D9200284604F0C8
:10C1B00051F90028F3D0C0E90146E4E731B1C36C7E
:10C1C0004A6853F82200086043F82210704700BF05
:10C1D000F0B50C69064683B00D4601F1140E00203F
:10C1E000DEF800101FFA81FC02FB0C334FEA134CFF
:10C1F000090C02FB01CC01309BB203EB0C438442DF
:10C200004EF8043B4FEA1C43EADC3BB1AA68A24269
:10C2100007DD05EB8402013453612C61284603B02D
:10C22000F0BD6968019301313046FFF7A1FF019B22
:10C230000746B8B12A690193023205F10C01920058
:10C240000C30FCF7A5F9F26C6968019B52F82100EB
:10C25000286042F821503D4605EB840201345361C9
:10C260002C61DBE7024B03483A46B52103F0ACF8FA
:10C27000C83101086C320108030C1B04D3B9000457
:10C28000102310F07F4F04BF0002083310F0704FEE
:10C2900004BF0001043310F0404F04BF800002339C
:10C2A000002805DB10F0804F03F1010308BF2023B5
:10C2B000184670470023E4E7036813F007020146BD
:10C2C00007D0DA071FD4980721D55B080B6001203F
:10C2D000704798B2A0B11046DAB20AB908301B0A0A
:10C2E0001A0704BF1B0904309A0704BF9B080230D9
:10C2F000DA0703D45B0800F1010006D00B60704739
:10C300001B0C1020E8E700207047202070479B0896
:10C310000B600220704700BF38B5C36C04460D4661
:10C320004BB15868B0B102685A6000220123C0E9DD
:10C330000435C26038BD2122042104F08BF8034685
:10C34000E0640028EDD1094B094800224FF4A071A8
:10C3500003F03AF81C220121204604F07BF8002863
:10C36000F1D001220223C0E90123DEE7C831010830
:10C370006C3201082DE9F04F0E691569AE4285B0A7
:10C380008846144605DB2A46234635460C461646A3
:10C390009846A3686168AF19BB42B8BF0131FFF787
:10C3A000E7FE0190002800F08780019B03F114094B
:10C3B00009EB870AD14505D24B46002243F8042BEE
:10C3C0009A45FBD808F1140808EB860B04F1140316
:10C3D000D8451A4603EB85055FD22B1B153B23F08E
:10C3E000030304331534A54238BF0423CDE902A763
:10C3F000AC461F46924605E0000C29D1C34509F121
:10C40000040948D958F8040B85B2002DF4D05646DB
:10C410004C46002356F8040B216882B21FFA81FEB5
:10C4200005FB02EE000C0A0C734405FB002202EB34
:10C4300013429BB243EA0243B44544F8043B4FEA3B
:10C440001243E7D849F8073058F8040C000CD5D04F
:10C45000D9F80030544619464D4600222688090C6A
:10C4600000FB06110A449BB243EA024345F8043B31
:10C4700054F8046B2968360C8BB200FB063303EBCF
:10C480001243A4454FEA1342E8D8C34549F80730A0
:10C4900009F10409B6D8DDE902A7002F02DC05E0A6
:10C4A000013F03D05AF8043D002BF9D0019B1846F8
:10C4B0001F6105B0BDE8F08F034B0448019A40F2BC
:10C4C0005D1102F081FF00BFC83101086C32010824
:10C4D00012F003032DE9F0411446064632D10D4611
:10C4E000A41020D0D6F84880B8F1000F33D0E3076D
:10C4F0004FF0000707D4641015D0D8F80000A8B199
:10C500008046E307F7D5424629463046FFF732FF1B
:10C51000B5B16968F36C641053F821202A6043F8C0
:10C5200021500546E9D12846BDE8F0814246414602
:10C530003046FFF71FFFC8F8000007608046E0E7BD
:10C540000546D8E7013B0F4A52F823200023FFF7A6
:10C550003FFE0546C4E701213046FFF709FE80464D
:10C5600040B1012340F27122C0E904320023B064DB
:10C570000360BCE7044B054842464FF4A07102F04B
:10C5800023FF00BFE0330108C83101086C32010805
:10C590002DE9F0470C4690462669A368496806EBEA
:10C5A0006216751C9D4207464FEA621904DD5B0066
:10C5B0009D4201F10101FADC3846FFF7D9FD8446BE
:10C5C000002851D0B9F1000F00F114000EDD09F17F
:10C5D00005024FEA820E03460CEB8202002143F86B
:10C5E000041B9342FBD1AEF114031844216904F1FA
:10C5F000140318F01F0803EB81012DD0C8F12009A6
:10C6000086464FF0000A1A6802FA08F242EA0A0265
:10C610004EF8042B53F8042B994222FA09FAF2D867
:10C620000B1B153B23F00303043304F11502914265
:10C6300038BF0423BAF1000F18BF2E4640F803A0FC
:10C64000FB6C6268CCF8106053F8221021606046E1
:10C6500043F82240BDE8F087043853F8042B40F833
:10C66000042F9942F9D8EBE7034B0448624640F2A5
:10C67000D91102F0A9FE00BFC83101086C320108CF
:10C680000B6984460069C01A16D10CF1140C1431E0
:10C690000CEB830210B401EB830301E0944508D254
:10C6A00052F8044D53F8041D8C42F7D005D24FF0D8
:10C6B000FF305DF8044B7047704701205DF8044B74
:10C6C000704700BF2DE9F84F0F691369FF1A002F5B
:10C6D0000E4690467AD101F11405143202EB830222
:10C6E00005EB830301E09D4273D253F8041D52F819
:10C6F000044DA142F7D064D37168FFF739FD81463C
:10C70000002872D03569D8F81020C76008F1140EDF
:10C7100006F1140009F1140A06F1100C0EEB820266
:10C7200000EB8507564600215EF8044B5CF804BF19
:10C73000A3B211FA8BF1CB1A210CC1EB1B4101EB17
:10C7400023419BB243EA0143724546F8043B4FEA5A
:10C750002141E9D8A2EB0804153C08F1150842452F
:10C7600024F0030606F1040638BF0426304424F002
:10C77000030238BF002287425244B24416D95646BB
:10C78000044654F8043B11FA83F10A1402EB1342F5
:10C7900089B241EA0243A74246F8043B4FEA2241EC
:10C7A000EFD87A1E101A20F00302524423B952F82F
:10C7B000043D013D002BFAD0C9F810504846BDE8B1
:10C7C000F88F334601274646984695E7F9DB002760
:10C7D00092E70021FFF7CCFC814668B101220023DB
:10C7E000C9E904234846BDE8F88F074B07484A4685
:10C7F0004FF4107102F0E8FD034B04484A4640F242
:10C80000322102F0E1FD00BFC83101086C3201089D
:10C81000F0B5012183B016461F46FFF7A9FC054677
:10C8200000284CD0C7F30A54C7F313030CB143F4E8
:10C830008013002E019323D068460096FFF73CFD3D
:10C840000346002837D0019AC0F1200102FA01F115
:10C85000C2400098019201436961002A14BF02217D
:10C860000121AA612961B4B1089AA4F233441C449D
:10C870001460099AC3F135032846136003B0F0BD74
:10C8800001A8FFF719FD019B0121C5E9041300F17F
:10C890002003002CE8D105EB8102A3F2324310699A
:10C8A000089A1360FFF7E8FC099BC0EB4110186081
:10C8B000284603B0F0BDDDE900126961CDE7034B06
:10C8C00003482A4640F20A3102F07EFDC8310108D1
:10C8D0006C32010838B50C46084D84461146204696
:10C8E0001A4600232B606446F6F7FCFC431C00D07C
:10C8F00038BD2B68002BFBD0236038BD242F0020CF
:10C90000DFF864C0F8B521F0004300276345044612
:10C910000D461646176022DC844653EA0C0C1ED0E6
:10C92000DFF848C001EA0C0C0A46BCF1000F09D13F
:10C930000C4B002203F0C0F86FF0350704460A469E
:10C9400021F0004322F0FF421B1522F4E002A3F283
:10C95000FE3342F07F553B4445F4001533602046DA
:10C960002946F8BD00005043FFFFEF7F0000F07F35
:10C9700030B540EA0104A30701D1032A0FD8844649
:10C9800001F1FF3E07E01EF8011F03F8011B541ED2
:10C99000C1B19C4622466346002AF4D130BD0B4605
:10C9A0008446194653F8045BA5F1013424EA0504D2
:10C9B00014F0803FE4D1043A032A4CF8045B194692
:10C9C000EFD8DDE76244002CE8D003F8011B934266
:10C9D000FBD130BD000000002DE9F04F2DED0A8B9A
:10C9E000D3B00C46914609EE101A0D9309EE900A49
:10C9F000FFF78EFB036817931846FCF701FBA3892A
:10CA000016901A0603D52369002B00F0A1874D4626
:10CA10009FEDA57B2B78002429AACDE92744CDE9F9
:10CA20001944CDE91B448DED147B19EE909A1294B4
:10CA30002692904618940994002B00F0EC81AB46A6
:10CA400004E01BF8013F002B00F01A81252BF8D1E0
:10CA5000BBEB050640F018819BF80030002B00F07E
:10CA6000DA8100234FF0FF329BF801708DF87B30A4
:10CA70000A930BF1010B08929A462B2420210BF10B
:10CA8000010BA7F120035A2B00F23C81DFE813F0E1
:10CA9000D5023A013A01D0023A013A013A016A005C
:10CAA0003A013A016502FE023A017002E4023A01DB
:10CAB000DF025B005B005B005B005B005B005B0018
:10CAC0005B005B003A013A013A013A013A013A014E
:10CAD0003A01D2013A0136028500D201D201D201D7
:10CAE0003A013A013A013A01CB023A013A01C60051
:10CAF0003A013A013A0140023A0175023A013A011B
:10CB000050073A013A013A013A013A013A013A0131
:10CB10003A01D2013A0136028700D201D201D20194
:10CB2000BE02870080003A01B1023A019902C800B2
:10CB3000870280003A0140027D002B073A013A014A
:10CB40002F073A017D00A7F1300300221BF8017B7B
:10CB500002EB820203EB4202A7F13003092BF5D965
:10CB60000A928EE74846FFF7D3FA43681B931846AC
:10CB7000FCF746FA1C9006464846FFF7C9FA836858
:10CB800019932021002E40F0C2859BF8007076E7B3
:10CB90009BF800704AF0200A71E74AF0100A1AF078
:10CBA000200F0D9B00F09A81073323F007031A46EC
:10CBB0005B6852F8084B0D921E46002BC0F26B8545
:10CBC000089B013301F03A802AF08003079354EA6E
:10CBD000060300F0E7840A2C76F1000380F09187C9
:10CBE00030340123DDF81CA08DF847410B930DF282
:10CBF000471508990B989DF87B3081424FF0000251
:10CC0000B8BF01460C920791109213921192002B1B
:10CC100000F08980079A0132079284E04AF0100AF6
:10CC20001AF0200600F04B810D9B073323F0070319
:10CC30005E6853F8084B0D932AF480630793002332
:10CC400000228DF87B20089A551C00F02682079957
:10CC500021F0800A54EA060140F01D82002A41F0CA
:10CC60002980002B40F0A484079B13F001030B9351
:10CC700000F0428530238DF847310DF24715B8E7B3
:10CC8000BBEB050600F0C780289B33442893279B05
:10CC90000133072BC8E90056279309DC08F108087F
:10CCA000099B33440993D7E6000000000000000010
:10CCB00019EE101A26AA484602F042FC90B90DF16E
:10CCC000A408EDE719EE101A26AA484602F038FC2F
:10CCD000002800F091800C9B23B10C9919EE900A6A
:10CCE00003F0B6FB19EE103A9B8913F0400F099B35
:10CCF00018BF4FF0FF330993099853B0BDEC0A8B6E
:10CD0000BDE8F08F002F00F0868000238DF8E470DE
:10CD10008DF87B300122CDE90B2307920893109305
:10CD20001393119339AD1AF002020E9202D0079AB2
:10CD3000023207921AF084020F9205D10A9A0799DB
:10CD4000561A002E00F30D83289C8BB1279B0DF102
:10CD50007B0201330134C8F80020072B4FF0010299
:10CD600028942793C8F8042000F3338308F10808B7
:10CD70000E9B83B1279B1FAA01330234C8F8002001
:10CD8000072B4FF0020228942793C8F8042000F3E1
:10CD90002D8308F108080F9B802B00F00F82089B61
:10CDA0000B9A9E1A002E00F350821AF4807F40F0F6
:10CDB000AB810B9BC8F804301C44279BC8F800507B
:10CDC0000133072B2894279300F3BE8208F108084B
:10CDD0001AF0040F05D00A9B079A9D1A002D00F344
:10CDE0001283DDE9093207998A42ACBF9B185B18B0
:10CDF0000993002C7FF466AF002327930C9B1BB193
:10CE00000C99484603F024FB0DF1A4085D462B78ED
:10CE1000002B7FF414AE289B002B3FF463AF19EE78
:10CE2000104A19EE101A19EE900A26AA02F088FB91
:10CE3000A3895AE70D9B073323F00703B3EC027B6A
:10CE40008DED147BDDE914120D9322F000430AEE00
:10CE5000101A0AEE903A4FF0FF32B0EE4A8AF0EE26
:10CE60006A8AA54B51EC180B03F0C0F8002840F07B
:10CE70006784A14B51EC180B4FF0FF3203F098F888
:10CE8000002840F05D84DDE914010022002303F056
:10CE900085F8002840F0A5879DF87B30974D984A8B
:10CEA0002AF0800A0321472FC8BF154600220C92A2
:10CEB00007910B910892109213921192A7E61AF023
:10CEC000100340F033841AF0400200F05B870D9AA3
:10CED00052F8044B0D921E46A4B2ADE653F8044B33
:10CEE0000D931AF0100F40F00E841AF0400F00F06E
:10CEF000068444F3C036334624B25EE60D9A00231E
:10CF000052F8041B8DF87B308DF8E4100D9201E788
:10CF10000D9C54F8045B00268DF87B60002D00F01A
:10CF2000D986089B5A1C00F047851A463146284688
:10CF3000FBF7DEFA0C90002801F07B800C9B089632
:10CF4000591B0B9121EAE1719DF87B300D940791FB
:10CF50000C9610961396119659E60D9B53F8042BD8
:10CF60000A92002A80F2C3830A9A0D9352420A92CF
:10CF70009BF800704AF0040A81E54AF01003079319
:10CF8000079B13F0200600F073830D9B073323F0FB
:10CF900007035E6853F8084B0D93012350E60D9B81
:10CFA00053F8044B0D9330234AF0020278278DF892
:10CFB0007C30544B189307928DF87D700026022325
:10CFC0003EE61AF0200F40F083841AF0100F40F074
:10CFD00078861AF0400F40F04C871AF4007F00F07A
:10CFE00070860D9B099953F8042B0D9311705D46C3
:10CFF0000DE79BF800706C2F03BF9BF801704AF09F
:10D00000200A0BF1010B4AF0100A38E59BF800707A
:10D01000682F03BF9BF801704AF4007A0BF1010BF3
:10D020004AF0400A2BE59BF800704AF0080A26E512
:10D030009BF800704AF0010A21E59DF87B30002B37
:10D040007FF4A3AD9BF800708DF87B1017E59BF87B
:10D0500000704AF0800A12E55A4612F8017B2A2F26
:10D0600001F0F081A7F13003092B934698BF00220D
:10D0700000F2F5871BF8017B02EB820203EB420210
:10D08000A7F13003092BF5D90892FAE49BF8007058
:10D090008DF87B40F3E4CDF81CA0012B3FF49BAD51
:10D0A000022B52AD12D1189A04F00F032409D35C5D
:10D0B00005F8013D44EA0674360954EA0603F3D143
:10D0C00052AB5B1BDDF81CA00B9392E504F0070349
:10D0D000E40844EA4674F608303354EA06012A4666
:10D0E00005F8013DF2D10799C80700F14C8252AB17
:10D0F0005B1B8A460B937CE5FFFFEF7F50300108F6
:10D100005430010860300108652F40F3D780DDE915
:10D1100014010022002302F037FF002800F0B48140
:10D12000279BBC4AC8F80020013301340122072B99
:10D1300028942793C8F8042000F3848508F1080890
:10D14000209B129A934280F2CD82169B179A1C4420
:10D15000C8E90023279B28940133072B279300F36A
:10D16000EA8308F10808129B5D1E002D7FF730AEA0
:10D17000102D279B41F34481A74F0E97224610267E
:10D1800019EE104A05E008F10808103D102D40F393
:10D19000678501331032072BC8E90076CDE92732C5
:10D1A000F1DD26AA2146484602F0CAF900287FF49C
:10D1B00092ADDDE927320DF1A408E6E70A9B079A54
:10D1C0009E1A002E7FF7EBAD102E279B41F34C806B
:10D1D00091490F95224619EE105A0E910C4604E023
:10D1E000103E102E08F1080819DD0133103210210D
:10D1F000072BCDE92732C8F80040C8F80410EFDD4E
:10D2000026AA294648460DF1A40802F099F90028FB
:10D210007FF461AD103E102EDDE92732E5DC0F9D75
:10D22000144601330E9AC8F800203444072BCDE988
:10D230002734C8F8046000F32F85089B0B9A9E1AC8
:10D24000002E08F108087FF7B0AD102E279B40F3A1
:10D25000C48571480E904246214619EE108A044654
:10D2600004E0103E102E02F1080216DD01331031E9
:10D270001020072BCDE9273114605060F1DD26AA7C
:10D280004146484602F05CF900287FF424AD103E88
:10D29000102EDDE9273129AAE8DC90460C4601333F
:10D2A0000E9AC8F800203444072BCDE92734C8F87B
:10D2B000046000F3CF8108F1080876E5129B012B8A
:10D2C00040F37C81279EC8F80050013601340123C9
:10D2D000072E28942796C8F8043000F3E78108F158
:10D2E0000808169B179A01361C44072EC8E900232C
:10D2F000CDE9276400F3E88108F10808DDE91401AD
:10D300000022002302F040FE002840F07681129BAC
:10D310000136013B01351C44072EC8F80050279602
:10D32000C8F80430289400F35A8108F108081A9BC1
:10D33000C8F8043001361C44072E22ABCDE927641F
:10D34000C8F800307FF742AD19EE101A26AA4846F9
:10D3500002F0F6F800287FF4BEAC289C0DF1A4087A
:10D3600036E5102EDDE9273222DD1D95102419EE59
:10D37000105A04E0103E102E08F1080817DD0133A2
:10D3800026491032072BC8E90014CDE92732F1DD18
:10D3900026AA294648460DF1A40802F0D1F8002833
:10D3A0007FF499AC103E102EDDE92732E7DC1D9D9D
:10D3B000C8F804600133B418072B184AC8F80020D5
:10D3C000CDE9273400F3E2839DF87B3008F10808AB
:10D3D000BBE419EE101A26AA484602F0B1F800285C
:10D3E0007FF479AC289C0DF1A408C1E419EE101A61
:10D3F00026AA484602F0A4F800287FF46CAC289CCA
:10D400000DF1A408C7E4102D279B26DD19EE107A34
:10D4100010260AE090300108FC330108EC330108C3
:10D42000103D102D08F1080817DD0133C24A1034F1
:10D43000072BC8E90026CDE92734F1DD26AA3946B5
:10D4400048460DF1A40802F07BF800287FF443ACB5
:10D45000103D102DDDE92734E7DC0133B64AC8F86A
:10D4600004502C44072BCDE92734C8F800207FF75F
:10D47000B8AC19EE101A26AA484602F061F8002846
:10D480007FF429AC289CACE4209A002A40F39683D0
:10D49000DDE911739F42A8BF1F46002F0BDD279BBC
:10D4A00001333C44072BC8E900572894279300F325
:10D4B0005C8508F10808119E002FA8BFF61B002EFE
:10D4C00000F35482119B1AF4806F2B440B9340F0AD
:10D4D0008482209B129A934203DB1AF0010F00F022
:10D4E000B884169A17991444C8E90012279A289408
:10D4F0000132072A279200F3778508F10808129A6B
:10D500000B99AE18761AD51AAE42A8BF2E46002E39
:10D510000DDD279BC8F8001001333444072BC8F8F1
:10D5200004602894279300F39E8508F10808002ED4
:10D53000A8BFAD1B002D7FF74BAC102D279B40F3F0
:10D540005F877E4F0E972246102619EE104A05E09F
:10D5500008F10808103D102D40F38283013310328A
:10D56000072BC8E90076CDE92732F1DD26AA21464E
:10D57000484601F0E5FF00287FF4ADABDDE9273236
:10D580000DF1A408E6E7302B3FF49AAD3023023AC0
:10D5900005F8013C52AB9B1ADDF81CA00B93154615
:10D5A000FFF727BB089B002B7FF41AABDDF81CA00C
:10D5B000002308930B9352ADFFF71BBB1AF0010F2A
:10D5C0007FF480AE279EC8F8005001360134012355
:10D5D000072E28942796C8F804307FF7A6AE19EED8
:10D5E000101A26AA484601F0ABFF00287FF473AB5F
:10D5F000DDE927640DF1A40899E6129B5D1E002D5C
:10D600007FF795AE102D40F312874C4ACDF820A03D
:10D61000234619EE10AA0E921027144605E008F1D1
:10D620000808103D102D40F39D8301361033072E5E
:10D63000C8E90047CDE92763F1DD26AA51464846EF
:10D6400001F07EFF00287FF446ABDDE927630DF192
:10D65000A408E6E719EE101A26AA484601F070FF62
:10D6600000287FF438AB289C0DF1A408FFF79DBB80
:10D67000079B13F0100340F02481079A12F0400238
:10D6800000F09B830D9A52F8044B0D921E46A4B2F3
:10D690000123FFF7D5BA2D2364428DF87B3066EB6A
:10D6A0004606CDF81CA00123FFF7CDBA19EE101ADB
:10D6B00026AA484601F044FF00287FF40CABDDE9C0
:10D6C00027640DF1A4080CE619EE101A26AA4846A4
:10D6D00001F036FF00287FF4FEAADDE927640DF192
:10D6E000A4080BE61AF0010F3FF472AB2DE59BF88E
:10D6F00000700D93FFF7C3B952ADFFF77ABA1AF471
:10D70000007F40F0B083E6173346FFF756BA199B07
:10D71000002B3FF43AAA199B1B78002B3FF435AA43
:10D720009BF800704AF4806AFFF7A9B90D9B53F883
:10D73000044B0D93FFF780BAEC330108FC3301086A
:10D74000DDE9140102460B4602F050FC002840F0CF
:10D75000C485612F00F08385412F00F09584089BDC
:10D76000013327F02003079300F0B083472B00F02C
:10D770007F85DDE914014AF4807200290B924FF095
:10D780000003C0F2218541EC1B0B0E930C93079B09
:10D79000462B00F0F883452B00F04B85089B019346
:10D7A00024AB049321AB039320AB02930223009399
:10D7B000484653EC1B2BFDF7B7FC079B472B054650
:10D7C00040F065861AF0010F5646DDF82CA040F0B7
:10D7D0000785249B5B1B1293079B472B00F08A83D2
:10D7E000079B462B00F00F84209B1193119B079AF7
:10D7F000013B412A209300F0D385FAB20021002B8F
:10D80000B8BF119B8DF88820BABFC3F101032D2248
:10D810002B22092B8DF8892040F3B3850DF1970455
:10D82000DFF894C3224610468CFB0321DA17C2EBC3
:10D83000A10202EB8201A3EB4101303100F8011C8F
:10D8400019466329134600F1FF32ECDC3033D9B2BC
:10D85000831E9C4202F8011C40F2008613460DF123
:10D860008A0201E013F8011B02F8011B9C42F9D166
:10D870000DF199030DF18A021B1A134422AA9B1A77
:10D880001A93129B1A9A012B1A440B9240F3B385F8
:10D890000B9B169A13440B930B9A002326F4806675
:10D8A00022EAE27246F4807A10930792139311935E
:10D8B0000E9B002B40F0448308939DF87B30FFF7CC
:10D8C000A6B90D9B53F8044B0D930123FFF7B8B98C
:10D8D0000D9B099853F8041B0D93C217C1E9000270
:10D8E0005D46FFF794BACDF81CA0FFF749BBAF4BDC
:10D8F00018931AF0200600F0EF800D9B073323F0F9
:10D9000007035E6853F8084B0D931AF0010F09D016
:10D9100054EA060306D030238DF87D704AF0020ADF
:10D920008DF87C302AF4806307930223FFF788B9CF
:10D930009F4B1893DDE719EE101A26AA484601F00E
:10D94000FFFD00287FF4C7A9289C0DF1A4080AE474
:10D9500019EE900A402102F077FD20602061002836
:10D9600000F0808540236361FFF751B8102E279B9C
:10D9700040F365858F480E904246214619EE108A85
:10D980001027044604E00832103E102E40F32E8289
:10D9900001331031072BC2E90047CDE92731F2DD11
:10D9A00026AA4146484601F0CBFD00287FF493A902
:10D9B000DDE9273129AAE7E7284608960D94FBF709
:10D9C0001FFB20EAE0719DF87B300B9007910C96CD
:10D9D000109613961196FFF71AB9129BCDF838B02E
:10D9E000DDF84CB00B9E199FCDF82CA0EB180893D6
:10D9F0004246DDF870A0109B0F9519EE108AA446E0
:10DA0000BBF1000F30D093BB013F0BF1FF3B1B9BE1
:10DA1000C2E9003A279B0133D444072BCDF8A0C0BC
:10DA2000279362DC0832089B38789B1B8342A8BF8F
:10DA30000346002B1C460CDD279801309C44072828
:10DA4000C2E90063CDF8A0C0279000F318813878B0
:10DA50000832002CACBF051B0546002D0BDC06442C
:10DA6000109BBBF1000FCED1002B00F03282109B37
:10DA7000013B1093CBE7102D27981FDD1024634640
:10DA800004E0103D102D02F1080216DD0130494975
:10DA900010330728C2E90014CDE92703F1DD26AAD7
:10DAA0004146484601F04CFD00287FF414A9103D82
:10DAB000102DDDE9270329AAE8DC9C4601303D4B07
:10DAC0005560AC440728CDE9270C136000F33F8272
:10DAD000387808320644C3E71AF0100300F0A38038
:10DAE0000D9B53F8044B0D930FE726AA4146484679
:10DAF00001F026FD00287FF4EEA8DDF8A0C029AAD9
:10DB000091E7079B0B9703F48063002208EE109ABD
:10DB1000CDF83080DDF864900DF5A47A174698466C
:10DB20000CE00023204631460A2202F0BDFA0A2CFE
:10DB300076F100031CD304460E46AA4620460A226C
:10DB40000023314602F0B0FA30320AF1FF350137D6
:10DB50000AF8012CB8F1000FE3D099F800309F4289
:10DB6000DFD1FF2FDDD00A2C76F1000380F04F814A
:10DB700052AB5B1BCDF86490129718EE109ADDE95A
:10DB80000B78DDF81CA00B93FFF733B819EE101AD1
:10DB900026AA484601F0D4FC00287FF49CA89DF8F2
:10DBA0007B30289C0DF1A408FFF7CFB86030010846
:10DBB00074300108FC33010867666666279BC0491C
:10DBC000C8F80010013301340121072B2894279352
:10DBD000C8F8041000F32F8108F10808002A40F06B
:10DBE0008A80129A0AF0010313433FF4F1A8169BAE
:10DBF000179A1C44C8E90023279B28940133072B5C
:10DC0000279300F33F8108F10808129AC8F80050E2
:10DC100001331444072BCDE92734C8F804207FF7DB
:10DC2000D5A8FFF791BB1AF0400200F0B9800D9A19
:10DC300052F8044B0D921E46A4B266E6CDF81CA025
:10DC4000FEF7C9BF19EE101A26AA484601F078FC63
:10DC500000287FF440A8289C0DF1A408FFF770BAB3
:10DC6000144601330E9AC8F800202C44072BC8F83C
:10DC70000450CDE927347FF7A9A8FFF765BB26AA92
:10DC80004146484601F05CFC00287FF424A838781F
:10DC9000DDF8A0C029AADCE619EE101A26AA48462B
:10DCA00001F04EFC00287FF416A8289C0DF1A40872
:10DCB000FFF775B8012BCDF81CA07FF4F1A9FEF792
:10DCC0008FBF0D9B099953F8042B5D4611600D938E
:10DCD000FFF79DB8089A0C95062A294628BF062208
:10DCE00008952B460792774D0D940B921091139146
:10DCF0001191FEF78CBF169B17991C44C8E90013BD
:10DD0000279B28940133072B279300F3BB8008F14E
:10DD10000808002ABFF679AF5642103280F2AB8372
:10DD200069480E9021464246102719EE108A044693
:10DD300004E00832103E102E40F3B082013310315F
:10DD4000072BC2E90047CDE92731F2DD26AA41467B
:10DD5000484601F0F5FB00287EF4BDAFDDE9273130
:10DD600029AAE7E7DDF820A01C4601360E9BC8F87B
:10DD700000302C44072ECDE92764C8F804507FF703
:10DD8000D4AA2CE40D9B1AF4007614BF53F8044B6C
:10DD900053F8044B0D931CBF1646E4B2FEF74CBF7C
:10DDA0000D9B1AF4007614BF53F8044B53F8044B40
:10DDB0000D931CBF1646E4B2A7E5079B13F400764B
:10DDC0000D9B14BF53F8044B53F8044B0D931CBF29
:10DDD0001646E4B20123FEF733BF3B4A0E92FFF72B
:10DDE0005EBA2D238DF87B30FFF758B890460C466D
:10DDF00001330E9AC8F800203444072BCDE92734AC
:10DE0000C8F804604DDC08F10808FFF75BBB1C9BF9
:10DE10001B99ED1A1A462846FEF7AAFD99F801301B
:10DE20000BB109F10109204631460A2200230027DF
:10DE300002F03AF97FE619EE101A26AA484601F0D8
:10DE40007FFB00287EF447AF209A289C0DF1A408A0
:10DE5000C4E6129A0B99AE18761AD51AAE42A8BF2C
:10DE60002E46FFF764BB44F3C016334664B2FEF798
:10DE7000A4BE0D9B099953F8042B0D9311805D46A8
:10DE8000FEF7C5BF19EE101A26AA484601F058FB46
:10DE900000287EF420AFDDE92734209A0DF1A40894
:10DEA00037E719EE101A26AA484601F049FB002868
:10DEB0007EF411AF289C0DF1A408FFF703BB00BF4F
:10DEC0009030010888300108FC33010806230893CC
:10DED0004FE40F9D129BDDF82CA0DDF838B01997A8
:10DEE000EB189E429046324628BF1A4664460B9273
:10DEF000FFF7EFBA209B1193DA1C02DB089A9342DA
:10DF000004DD023F27F0200307936FE4DDE91132BF
:10DF10009342C0F29A80F00740F1DC81169A1344D4
:10DF20000B93710503D5119B002B00F3FC810B9B18
:10DF300023EAE37307936727002310931393B7E44F
:10DF40002D2300228DF87B300892FEF763BE26AAAF
:10DF50004146484601F0F4FA00287EF4BCAE387819
:10DF6000DDF8A0C029AA06447AE519EE101A26AAFF
:10DF7000484601F0E5FA00287EF4ADAE289C0DF18C
:10DF8000A408FFF798BA089B019324AB049321AB34
:10DF9000039320AB029303230093484653EC1B2BBF
:10DFA000FDF7C2F80378302B054600F0FF81209B77
:10DFB000089A56461344DDF82CA0EC1851EC1B0BC4
:10DFC0000022002301F0E0FF08B1234602E4249B75
:10DFD000A342BFF4FFAB30215A1C24921970249B3A
:10DFE0009C42F9D8FFF7F6BB19EE101A26AA48464C
:10DFF00001F0A6FA00287EF46EAE209B289C0DF15D
:10E00000A408FFF77CBA209A1192002A40F3FB8102
:10E01000089906F001030B4340F0AD81119B0B936F
:10E020006627730500F180810B9B23EAE373079356
:10E0300082E7089B07930B930D949DF87B30089023
:10E04000109013901190FEF7E2BD129B169A9A1849
:10E05000119B0B92002B40F3C5816727E1E700235A
:10E060000893FEF70EBD19EE101A26AA484601F0D5
:10E0700067FA00287EF42FAE209D129B289C5D1B22
:10E080000DF1A408FFF753BA30238DF87C305823E4
:10E090008DF87D30089B632B4AF0020400F3A380C7
:10E0A00000230C9339ADDDE914124AF481730B930C
:10E0B000002A27F02003A2460793C0F2868000239F
:10E0C00042EC1B1B0E93612F00F01581412F7FF452
:10E0D0005EAB20AA51EC1B0BFEF712FC00224FF0A6
:10E0E0007F5301F0E9FC02460B4643EC182B00225B
:10E0F000002301F049FF08B101232093B24B0F9395
:10E10000089B1D95CDE910B7CDE912A80CEE109A29
:10E11000DDF83CB059EC188B5E1E2C4605E0002261
:10E120000023013E01F030FFE0B9A84B0022404639
:10E13000494601F0C1FC8946804601F06DFF054665
:10E1400001F050FC0B4602464946404601F0FCFAFD
:10E150001BF80530A24604F8013B731C3746804685
:10E160008946DCD149EC188B994BDDF840B0DDF8DD
:10E170004C80CDF840A051EC180B00223E46DDF853
:10E1800048A0119F11951CEE109A1D9D01F024FFCF
:10E1900098BB51EC180B8E4B002201F0F5FE10B12C
:10E1A000119BD90729D4002E334606DB01332344C3
:10E1B000302204F8012BA342FBD1631B5646129375
:10E1C000DDF82CA0FFF708BB0C93DDE9141202F177
:10E1D00000430BEE903A2D230BEE101A0E9372E7CC
:10E1E000089BEC18EAE6591C484602F02DF9054652
:10E1F000002800F043810C9055E7109B24930F9B5F
:10E2000014F8012CD97B8A42234609D1302003F827
:10E21000010C249B5A1E249213F8012C9142F6D033
:10E22000392A0BBF0F9A0132927AD2B203F8012C2D
:10E23000C3E7089B5C1C24AB049321AB039320AB86
:10E24000029302230093019453EC1B2B4846FCF7E6
:10E250006BFF054656462C44DDF82CA0AEE6302375
:10E260008DF87C30782313E75A4A0E92FEF7D9BF17
:10E27000089B002B08BF01230893159B4AF480726A
:10E28000002B0B92C0F2D9809DED147B0C900E9068
:10E29000B0EE47BAF0EE67BAFFF780BA0C46904688
:10E2A00001330E9AC8F800203444072BCDE92734F7
:10E2B000C8F804607FF7A7AC19EE101A26AA4846E2
:10E2C00001F03EF900287EF406ADDDE927340DF1BA
:10E2D000A4089AE4119B0B9323E6159B3E4D3F4AFD
:10E2E000002BB6BF2D239DF87B308DF87B302AF0B4
:10E2F000800AFEF7D7BD20AA51EC1B0BFEF700FBEE
:10E3000000224FF07F5301F0D7FB02460B4643EC4F
:10E31000182B0022002301F037FE08B101232093BF
:10E320002F4B0F93ECE6672719990B78FF2B00F022
:10E33000B0800024119A204603E001300131FF2B08
:10E3400008D0934206DAD21A4B78002BF5D10B781D
:10E350000134F4E71991119213901094109A139BC1
:10E360001C9913440B9A01FB03230B9323EAE373D9
:10E370000793FFF79DBA169BD31819440B91662794
:10E380004FE6002956D130228DF88A200DF18B02FC
:10E39000303302F8013B22ABD31A1A93FFF771BA5C
:10E3A00007F10F02D2B20121FFF729BA51EC1B0B82
:10E3B0000022002301F0E8FD00287FF4F8AD089B5F
:10E3C000C3F101032093F3E57430010800003040ED
:10E3D0000000E03FFC330108583001085C300108C0
:10E3E00060300108C3F101031A4422EAE2730B9280
:10E3F00007936727A0E5F4077FF54EAAFFF748BA11
:10E40000264A0E922DE4089A06F0010656EA020307
:10E4100004D10123079366270B938DE5169B0133E7
:10E420001A4422EAE2730B920793662784E51B4B9A
:10E430000E939AE40DF18A02AAE70C90C5E6174AFA
:10E440000E92D5E40D9B9BF80170934653F8042B74
:10E450000D9342EAE2720892FEF711BB02231A936F
:10E46000FFF70FBA19EE902A0C2313604FF0FF3319
:10E470000993FEF741BC094A0E9211E719EE101AF2
:10E480008B8943F0400213468A81FEF72EBC089C1C
:10E49000E0E600231093139360E700BFFC3301080C
:10E4A0002DE9F84F4B6E9C0490462DD59368126869
:10E4B00043B38B46064602F1080959E9025A5FEA5E
:10E4C0009A0715D0043D002401E0A7420ED055F86C
:10E4D000041F5A46304600F0FFFF431C04F10104BC
:10E4E000F3D10023C8E90133BDE8F88FD8F808302C
:10E4F0002AF0030AA3EB0A03C8F8083009F1080957
:10E50000002BDAD10020ECE7F9F754FD0023C8E92D
:10E510000133BDE8F88F00BF10B494681CB15DF8FA
:10E52000044BFFF7BDBF204654605DF8044B7047B5
:10E530002DE9F04F2DED028BBBB008EE101A08EE5E
:10E54000900A1C461746039318B1836B002B00F00A
:10E550009C8218EE102A536EDE0740F19E81B2F9BC
:10E560000C108AB2900409D441F4005218EE101A2B
:10E570004B6E8A8123F4005392B24B66110740F12F
:10E58000F88018EE103A1B69002B00F0F28002F0C0
:10E590001A030A2B00F0FE8011AB0E930023CDE985
:10E5A0000F33CDE9083306930DF144090793029325
:10E5B0003B78002B00F05B813C4604E014F8013FFF
:10E5C000002B00F03481252BF8D1E51B40F0318180
:10E5D0002378002B00F04B814FF0000300258DF8CD
:10E5E0003330671C637801954FF0FF3B2B240137D4
:10E5F000A3F120025A2A00F26181DFE812F0AB0297
:10E600005F015F01A7025F015F015F016A005F01B7
:10E610005F0149027E025F015402B9025F01B50247
:10E620005B005B005B005B005B005B005B005B0012
:10E630005B005F015F015F015F015F015F015F01DF
:10E640005F015F01360284005F015F015F015F01CE
:10E650005F015F015F015F015F015F01E5005F0135
:10E660005F015F011A025F016C025F015F014C05EF
:10E670005F015F015F015F015F015F015F015F019A
:10E680005F015F01360286005F015F015F01620288
:10E69000860080005F0158025F019402E700820259
:10E6A00080005F011A027E006C055F015F016E054C
:10E6B0005F017E00A3F13002002117F8013B01EB5E
:10E6C000810102EB4101A3F13002092AF5D9019140
:10E6D0008EE718EE900AFDF71BFD43680893184675
:10E6E000FAF78EFC0990064618EE900AFDF710FD29
:10E6F00083680793002E40F0A9843B7877E73B7846
:10E7000045F0200573E745F01005AC06039E40F187
:10E710008281073626F007063246736852F8086B86
:10E7200003929846002BC0F25984BBF1FF3F00F0E2
:10E730003E8556EA080325F0800A00F034840A2E4C
:10E7400078F1000380F0EB84303601238DF8E76028
:10E75000554600930DF1E704009A9DF833305A4571
:10E76000B8BF5A469046002B00F0B78002F101086E
:10E77000B3E018EE101A18EE900A18EE105AFCF7D3
:10E78000C1FB002840F0AC85AA8902F01A030A2BCD
:10E790007FF402AF18EE101AB1F90E30002BFFF61D
:10E7A000FBAE4B6EDE0702D4950540F1778518EE7F
:10E7B000101A18EE900A23463A463BB0BDEC028B85
:10E7C000BDE8F04F00F0B2BD45F0100515F020088F
:10E7D00000F01281039E073626F007063346D6F86E
:10E7E000048053F8086B039325F4806A00234FF0EC
:10E7F00000028DF83320BBF1FF3F00F0D38156EAD1
:10E8000008022AF0800540F0CC81BBF1000F40F0F7
:10E81000D184002B40F0CC831AF00103009300F068
:10E82000FC8330238DF8E7300DF1E70494E7E51B16
:10E830001DD00F9B109A01332A44072BC9E900759C
:10E8400010920F9305DC09F10809029B2B440293F7
:10E85000BEE6002A00F0A38318EE101A18EE900A04
:10E860000EAAFFF71DFE40B90DF14409EDE7109B1C
:10E87000002B40F0248500230F9318EE102A536ECE
:10E88000D90740F1AE8093895B0600F1328502988A
:10E890003BB0BDEC028BBDE8F08FB2F90C108D05DA
:10E8A00018EE103A8AB23FF55DAE18EE105A986D28
:10E8B000F9F764FDB5F90C108AB253E6002BD6D0F7
:10E8C0008DF884304FF001084FF000038DF833309D
:10E8D000CDF8008021AC4FF0000B15F0020304933B
:10E8E00018BF08F1020815F08403059305D1019BB8
:10E8F000A3EB0806002E00F37F82DDE90F21501CF8
:10E900009DF833608EB10DF133020131C9F800205A
:10E9100007284FF00102CDE90F01C9F8042000F3E8
:10E920004C82024609F108090130049BEBB10DABA2
:10E930000231C9F8003007284FF00203CDE90F017A
:10E94000C9F8043040F35382002900F0238318EE05
:10E95000101A18EE900A0EAAFFF7A2FD00288CD11B
:10E96000DDE90F210DF14409501C059B802B00F0BF
:10E970005A81009BABEB0306002E00F3BD81009B88
:10E98000C9F8004019440728CDE90F01C9F804303F
:10E9900040F34681002900F0898218EE101A18EE23
:10E9A000900A0EAAFFF77CFD00287FF466AF10994D
:10E9B0000DF14409680705D5019BA3EB0804002C61
:10E9C00000F37E82DDE901234245ACBF9B1843443E
:10E9D0000293002940F0E08100230F930DF14409D8
:10E9E000E6E593899A053FF54FAF18EE104AA06D02
:10E9F000F9F7C6FCA38947E715F0100340F03E8302
:10EA000015F0400200F0FD83039A52F8046B039264
:10EA10009846B6B2E8E656F8043B0396E80600F1DD
:10EA20000883690640F1028343F3C0381EB24346AF
:10EA300078E6039E56F8044B4FF000038DF8333010
:10EA4000002C00F0C583BBF1FF3F00F049835A461C
:10EA500000212046F9F74CFD002800F02484031B18
:10EA6000009303964FF0000B76E6039E4FF00003F1
:10EA70008DF833304FF0010856F8043B8DF88430A0
:10EA80000396CDF8008021AC25E7F8F789FF60E513
:10EA9000039B53F8042B0192002A80F2BA82019A58
:10EAA0000393524201923B7845F004059FE53B7881
:10EAB0006C2B03BF7B7845F02005013745F010052E
:10EAC00095E53B78682B03BF7B7845F400750137EB
:10EAD00045F040058BE545F0100A1AF0200800F0DB
:10EAE0006E82039E073626F007063346D6F804806A
:10EAF00053F8086B0393012379E63B788DF8334094
:10EB000075E5039B53F8046B039330238DF8343081
:10EB100078238DF83530C24B069345F0020A4FF04A
:10EB20000008022363E6AE0600F19E82EC0600F1C7
:10EB30004783680600F1A483A90540F14183039E41
:10EB4000029A56F8043B03961A7031E53B7845F07B
:10EB500001054CE59DF83330002B7FF4CEAD20232A
:10EB60008DF833303B7842E53B7845F080053EE553
:10EB7000394611F8013B2A2B00F0C483A3F130027F
:10EB8000092A0F464FF0000B3FF632AD17F8013B54
:10EB90000BEB8B0B02EB4B0BA3F13002092AF5D9DF
:10EBA00026E5AA46012B3FF4CAAD022B3AAC12D19E
:10EBB000069A06F00F033609D35C04F8013D46EAD5
:10EBC00008764FEA181856EA0803F2D13AAB1B1B35
:10EBD00055460093C0E506F00703F60846EA487676
:10EBE0004FEAD808303356EA0801224604F8013DBE
:10EBF000F1D11AF0010FE9D0302BE7D03023023ADF
:10EC000004F8013C3AAB9B1A554600931446A3E521
:10EC1000009911940123129110910F930DF1440961
:10EC200009F10809C6E6019BA3EB0806002E7FF751
:10EC3000A0AE102E40F36283DFF8E8A15346CDE981
:10EC40000445BA4618EE904A18EE105A0846964601
:10EC50001F4607E00EF1020C09F108099646103E26
:10EC6000102E1FDD0EF1010210301023072ACDE90E
:10EC70000F20C9F80070C9F80430EBDD0EAA002897
:10EC800000F09580294620460DF14409FFF708FC65
:10EC900000287FF4F2ADDDE90FE0103E102E0EF1FA
:10ECA000010CDFDCDDE904453B46014657469A4648
:10ECB0003144BCF1070FCDE90FC1C9F800A0C9F874
:10ECC000046040F3AD81002900F0CA8218EE101AEA
:10ECD00018EE900A0EAAFFF7E3FB00287FF4CDADF3
:10ECE000009BDDE90F21ABEB0306002E02F10100D2
:10ECF0000DF144097FF743AE102EDFF828A137DD70
:10ED00005346CDE90445BA4618EE904A18EE105A1B
:10ED10004FF0100B084694461F4607E00CF1020E18
:10ED200009F108099446103E102E1ADD0CF101027B
:10ED30001030072AC9E9007BCDE90F20EEDD0EAACD
:10ED400020B3294620460DF14409FFF7A9FB00280E
:10ED50007FF493ADDDE90FC0103E102E0CF1010ED3
:10ED6000E4DCDDE904453B460146574670469A46D9
:10ED700031440728CDE90F01C9F800A0C9F80460A3
:10ED800000F3F28009F108090130F8E54FF0010EB7
:10ED900084460DF14409C6E718EE101A18EE900AE1
:10EDA0000EAAFFF77DFB00283FF416AE65E54FF095
:10EDB000010C86460DF1440951E7002900F0E78077
:10EDC00018EE101A18EE900A0EAAFFF769FB002839
:10EDD0007FF453ADDDE90F210DF14409501CA4E58A
:10EDE00002210DAB1291119301200DF1440902464D
:10EDF00009F10809501CB8E5102E40F35A82DDE9EC
:10EE00000FC1DFF824A0CDF828B00B95A34618EE6B
:10EE1000105A5446102318EE90AA08460EE000BF80
:10EE2000603001081C3401080C3401080CF1020E9A
:10EE300009F108099446103E102E1CDD0CF1010268
:10EE40001030072AC9E90043CDE90F20EEDD0EAAF4
:10EE500030B3294650460DF14409FFF721FB002845
:10EE60007FF40BADDDE90FC0103E102E0CF1010E4A
:10EE70004FF01003E2DCA2460B9D5C46DDF828B0A3
:10EE8000014672463144072ACDE90F21C9F800A096
:10EE9000C9F8046000F3AB8009F10809501C2FE5A4
:10EEA00084464FF0010E0DF14409C4E76C070F9141
:10EEB00052D5019BA3EB0804002C4DDD0DF1440954
:10EEC000102C40F30882DFF85CA40F9A0B46BB4677
:10EED0004946574618EE109A18EE90AA102505E0FC
:10EEE000901C08313246103C102C18DD561C103393
:10EEF000072EC1E90075CDE90F63F1DD0EAA3BB322
:10EF000049465046FFF7CCFA00287FF4B6ACDDE95D
:10EF10000F23103C102C02F1010011A9E6DC8946F8
:10EF2000BA4619465F4621440728C9E900A4CDE93D
:10EF30000F017FF747AD79B118EE101A18EE900A5D
:10EF40000EAAFFF7ADFA00287FF497AC109939E5C7
:10EF500001201A4611A9C6E7DDE901234245ACBFED
:10EF60009B184344029337E500293FF451AE18EE55
:10EF7000101A18EE900A0EAAFFF792FA00287FF4F2
:10EF80007CAC0F98109901300DF14409F7E4049B13
:10EF9000002B79D101200A460DF14409E5E40F92D6
:10EFA0000DF1440951E4BBF1000F7FF4CDAB5546A0
:10EFB0004FF0000BCDF800B03AACFFF7CDBB1AF024
:10EFC00010033CD11AF0400200F00C81039A52F871
:10EFD000046B03929846B6B2012308E42D237642CF
:10EFE0008DF8333068EB4808AA46012303E4002972
:10EFF0007FD018EE101A18EE900A0EAAFFF750FAFA
:10F0000000287FF43AACDDE90F210DF14409501CD2
:10F0100076E403933B78FFF7EABA3AACFFF79CBB80
:10F0200009F108090CF101006246A2E4AA0500F109
:10F030002F814FEAE3781E464346FFF773BB039BDD
:10F0400053F8046B03930123FFF7D1BB079B002BFD
:10F050003FF453AB079B1B78002B3FF44EAB3B7840
:10F0600045F48065FFF7C3BADDE9021656F8042BB4
:10F070000396CB17C2E90013FFF79ABA039B53F824
:10F08000046B0393FFF7B0BB02210DAB12911193F8
:10F090000DF14409ACE6A04A069215F0200836D0DE
:10F0A000039E073626F007063246D6F8048052F84B
:10F0B000086B0392EA0709D556EA080206D08DF8D4
:10F0C0003530302345F002058DF8343025F4806A60
:10F0D0000223FFF78CBBAA46FFE4904A0692DCE7C6
:10F0E00020460396F9F78CFF4FF0000B0090FFF7D6
:10F0F00033BB9DF83320002A00F0B88001200DF1C9
:10F100003302129011920DF14409014609E415F001
:10F11000100242D0039A52F8046B0392CAE70AF431
:10F120008063CDF800B0CDF81090BB46DDF81C90A0
:10F1300000253AAC1F4609E03046414600F0B4FFD6
:10F140000A2E78F100031BD3064688463046414616
:10F150000A22002300F0A8FF1146303104F8011CF8
:10F160000A220023013C0135002FE5D099F8001058
:10F17000A942E1D1FF2DDFD00A2E78F100035BD246
:10F180003AAB1B1BCDF81C905F46DDF81090DDF804
:10F1900000B000935546FFF7DFBA15F040013ED0AE
:10F1A000039951F8046B03919046B6B282E7AA46E0
:10F1B000FFF7C5BA012BAA467FF4F7ACFFF7C4BA34
:10F1C000039E029A56F8043B1A600396FFF7F0B9C3
:10F1D0005B46062B28BF0623514C009303969846A6
:10F1E000FFF779BB039B1AF4007814BF53F8046B44
:10F1F00053F8046B03931CBF9046F6B20123FFF74C
:10F20000F6BA039B15F4007814BF53F8046B53F857
:10F21000046B03931CBF9046F6B2FFF7E5BA039A5E
:10F2200015F4007814BF52F8046B52F8046B039283
:10F230001CBF8846F6B23DE7099B0899E41A1A46B6
:10F240002046FDF795FB99F801300BB109F1010952
:10F25000304641460A220023002500F025FF73E7CF
:10F2600001200A460DF14409FFF783BB049B002BE4
:10F270007FF4B6AD0A4601200DF14409FFF779BBD2
:10F28000039E029A56F8043B03961A80FFF790B942
:10F2900043F3C0185EB24346FFF744BA886DF9F7EE
:10F2A0006FF8FFF784BACDF800B003968346FFF7F6
:10F2B00053BA0F9A1099DFF86CA00132E2E518EE0C
:10F2C000101A18EE900A0EAAFFF7EAF800283FF489
:10F2D000D2AAFFF7D2BA0F98DFF848A0013022E691
:10F2E0006B6EDB0705D4AB899F0502D4A86DF9F7D7
:10F2F00047F84FF0FF330293FFF7C9BADFF828A0B1
:10F300008446D5E4039A7B780F4652F8041B039297
:10F3100041EAE17BFFF76BB9743001086030010806
:10F32000883001080C3401081C34010870B50C4603
:10F330008989ADF58E6D21F00201ADF81410616E72
:10F340001B91E189ADF81610E1690991616A0B9191
:10F350001CA9029106914FF4806106460491079121
:10F3600018A80021CDE900320891F9F703F8DDE98A
:10F37000003202A93046FFF7DBF8051E07DB02A9C1
:10F380003046F8F79FFA002818BF4FF0FF35BDF858
:10F3900014305B0603D5A38943F04003A38118987A
:10F3A000F8F7EAFF28460DF58E6D70BD49B1FF2ACA
:10F3B00002D80A70012070478A2303604FF0FF30A3
:10F3C00070470846704700BF00B50B4C25681446CF
:10F3D000EE681A4685B003460D464CB107490095C4
:10F3E000CDE901143046064900F00EF800F042F96C
:10F3F00004490C46F3E700BF740600202C340108D2
:10F400003C340108383401080EB410B583B005ABA4
:10F41000064C53F8042B019301462068FFF788F847
:10F4200003B0BDE8104003B0704700BF7406002071
:10F430002DE9F04782B0824688461446FCF762FE0A
:10F44000012803D108F1FF33FE2B36D9424604F1DF
:10F450005C0301A9504600F0EFF8421C064632D08A
:10F4600030B39DF804C00DF10509002509E02368BB
:10F470005A1C226083F800C00135B54218D219F831
:10F4800001CBA368013B002BA360F0DAA769BB4264
:10F4900061462246504602DBBCF10A0FE7D1FBF77A
:10F4A000C3FC431CE8D10646304602B0BDE8F087F5
:10F4B0004646304602B0BDE8F0875FFA88FC8DF81A
:10F4C00004C00646CFE7A389304643F04003A3813A
:10F4D00002B0BDE8F08700BF30B5536E13F0010FE6
:10F4E000B2F90C30144683B005469AB201D19805A2
:10F4F0001CD5900406D4626E43F4005342F40052CB
:10F50000A381626622462846FFF792FF636EDA0700
:10F51000054602D4A3899B0502D5284603B030BD19
:10F52000A06DF8F72DFF284603B030BDA06D019106
:10F53000F8F724FFB4F90C3001999AB2D9E700BF6B
:10F540002DE9F04F936883B09146002B6ED0176879
:10F550008D6880460C460868083744E0A38913F498
:10F56000906F2ED0D4E90415A0EB010A05EB4505F8
:10F5700005EBD5750AEB06006D100130A8422A464E
:10F5800084BF05462A465B0537D51146404600F044
:10F590005BFF00283BD0524621690190F8F7F8FF45
:10F5A000A289019B22F4906242F08002A281A5EB25
:10F5B0000A0203EB0A006561A26023612060354600
:10F5C000B24659465246F9F77DF8A068D9F80810B6
:10F5D0002368451B8E1B03EB0A00A5602060C9F859
:10F5E00008601EB3083757E902B6002EFAD0B542BC
:10F5F000AA46B3D93546B246E3E7404600F026FFB7
:10F6000003460028D3D12169404600F021FF0C2396
:10F61000C8F80030A389002243F040034FF0FF30C8
:10F62000A381C9E9012203B0BDE8F08F0020C9F829
:10F63000040003B0BDE8F08F70B5054684B01C46E9
:10F6400039B10B4ED6F8E060B047431C09D004B086
:10F6500070BD0A460649D1F8E06001A9B047431CD5
:10F66000F5D100228A2322602B6004B070BD00BF58
:10F67000A00A002008B5062000F004F80120F3F7E6
:10F6800033FD00BF38B5154B1F281D6820D8D5F8AD
:10F69000DC22044662B152F820304BB1012B15D068
:10F6A000591C0FD0002542F820509847284638BDF5
:10F6B000284600F02BF8224601462846BDE838408F
:10F6C00000F00EB816232B60012038BD002038BD95
:10F6D00016232B604FF0FF3038BD00BF74060020AA
:10F6E00070B50C46084D03460026204611461C46C0
:10F6F0002E6000F0A1FE431C00D070BD2B68002BD3
:10F70000FBD0236070BD00BF242F002000F08CBE12
:10F71000D0400B00D1409C46203AD340184352427F
:10F7200063469340184370479140030090409C46C5
:10F73000203A9340194352426346D34019437047DD
:10F7400081F0004102E000BF83F0004330B54FEA92
:10F7500041044FEA430594EA050F08BF90EA020FFF
:10F760001FBF54EA000C55EA020C7FEA645C7FEA92
:10F77000655C00F0E2804FEA5454D4EB5555B8BFB5
:10F780006D420CDD2C4480EA020281EA030382EA26
:10F79000000083EA010180EA020281EA0303362DB8
:10F7A00088BF30BD11F0004F4FEA01314FF4801C8B
:10F7B0004CEA113102D0404261EB410113F0004F9D
:10F7C0004FEA03334CEA133302D0524263EB430354
:10F7D00094EA050F00F0A780A4F10104D5F1200EF2
:10F7E0000DDB02FA0EFC22FA05F2801841F100014D
:10F7F00003FA0EF2801843FA05F359410EE0A5F121
:10F8000020050EF1200E012A03FA0EFC28BF4CF051
:10F81000020C43FA05F3C01851EBE37101F0004507
:10F8200007D54FF0000EDCF1000C7EEB00006EEB14
:10F830000101B1F5801F1BD3B1F5001F0CD349089E
:10F840005FEA30004FEA3C0C04F101044FEA4452F5
:10F8500012F5800F80F09A80BCF1004F08BF5FEA7C
:10F86000500C50F1000041EB045141EA050130BD5C
:10F870005FEA4C0C404141EB0101013C28BFB1F56E
:10F88000801FE9D291F0000F04BF01460020B1FAB9
:10F8900081F308BF2033A3F10B03B3F120020CDA8C
:10F8A0000C3208DD02F1140CC2F10C0201FA0CF06A
:10F8B00021FA02F10CE002F11402D8BFC2F1200CCF
:10F8C00001FA02F120FA0CFCDCBF41EA0C01904085
:10F8D000E41AA2BF01EB0451294330BD6FEA0404CE
:10F8E0001F3C1CDA0C340EDC04F11404C4F12002B9
:10F8F00020FA04F001FA02F340EA030021FA04F3CB
:10F9000045EA030130BDC4F10C04C4F1200220FA21
:10F9100002F001FA04F340EA0300294630BD21FA5F
:10F9200004F0294630BD94F0000F83F4801306BF25
:10F9300081F480110134013D4EE77FEA645C18BF19
:10F940007FEA655C29D094EA050F08BF90EA020FB0
:10F9500005D054EA000C04BF1946104630BD91EAA8
:10F96000030F1EBF0021002030BD5FEA545C05D1AB
:10F970004000494128BF41F0004130BD14F58004EA
:10F980003CBF01F5801130BD01F0004545F0FE415E
:10F9900041F470014FF0000030BD7FEA645C1ABF93
:10F9A000194610467FEA655C1CBF0B46024650EACA
:10F9B000013406BF52EA033591EA030F41F40021F6
:10F9C00030BD00BF90F0000F04BF0021704730B57C
:10F9D0004FF4806404F132044FF000054FF0000151
:10F9E00050E700BF90F0000F04BF0021704730B512
:10F9F0004FF4806404F1320410F0004548BF4042E7
:10FA00004FF000013EE700BF42004FEAE2014FEA3B
:10FA100031014FEA02701FBF12F07F4393F07F4F16
:10FA200081F06051704732F07F4208BF704793F019
:10FA30007F4F04BF41F40021704730B54FF460742C
:10FA400001F0004521F000411CE700BF50EA01022F
:10FA500008BF704730B54FF000050AE050EA0102D8
:10FA600008BF704730B511F0004502D5404261EB48
:10FA700041014FF4806404F132045FEA915C3FF489
:10FA8000D8AE4FF003025FEADC0C18BF03325FEA26
:10FA9000DC0C18BF033202EBDC02C2F1200300FAD7
:10FAA00003FC20FA02F001FA03FE40EA0E0021FAFC
:10FAB00002F11444BDE600BF70B54FF0FF0C4CF4EA
:10FAC000E06C1CEA11541DBF1CEA135594EA0C0F9C
:10FAD00095EA0C0F00F0DEF82C4481EA030621EAD7
:10FAE0004C5123EA4C5350EA013518BF52EA033512
:10FAF00041F4801143F4801338D0A0FB02CE4FF0C4
:10FB00000005E1FB02E506F00042E0FB03E54FF0F3
:10FB10000006E1FB03569CF0000F18BF4EF0010EEB
:10FB2000A4F1FF04B6F5007F64F5407404D25FEAE7
:10FB30004E0E6D4146EB060642EAC62141EA55519A
:10FB40004FEAC52040EA5E504FEACE2EB4F1FD0CDC
:10FB500088BFBCF5E06F1ED8BEF1004F08BF5FEA5A
:10FB6000500E50F1000041EB045170BD06F000460C
:10FB700046EA010140EA020081EA0301B4EB5C04B9
:10FB8000C2BFD4EB0C0541EA045170BD41F48011B1
:10FB90004FF0000E013C00F3AB8014F1360FDEBFD6
:10FBA000002001F0004170BDC4F10004203C35DAB2
:10FBB0000C341BDC04F11404C4F1200500FA05F335
:10FBC00020FA04F001FA05F240EA020001F00042D6
:10FBD00021F0004110EBD37021FA04F642EB06014C
:10FBE0005EEA430E08BF20EAD37070BDC4F10C0476
:10FBF000C4F1200500FA04F320FA05F001FA04F23A
:10FC000040EA020001F0004110EBD37041F1000125
:10FC10005EEA430E08BF20EAD37070BDC4F1200530
:10FC200000FA05F24EEA020E20FA04F301FA05F298
:10FC300043EA020321FA04F001F0004121FA04F240
:10FC400020EA020000EBD3705EEA430E08BF20EA10
:10FC5000D37070BD94F0000F0FD101F0004640004A
:10FC600041EB010111F4801F08BF013CF7D041EACC
:10FC7000060195F0000F18BF704703F000465200D0
:10FC800043EB030313F4801F08BF013DF7D043EAA1
:10FC90000603704794EA0C0F0CEA135518BF95EA57
:10FCA0000C0F0CD050EA410618BF52EA4306D1D1DE
:10FCB00081EA030101F000414FF0000070BD50EAFD
:10FCC000410606BF1046194652EA430619D094EA87
:10FCD0000C0F02D150EA013613D195EA0C0F05D171
:10FCE00052EA03361CBF104619460AD181EA0301C5
:10FCF00001F0004141F0FE4141F470014FF000007D
:10FD000070BD41F0FE4141F4780170BD70B54FF017
:10FD1000FF0C4CF4E06C1CEA11541DBF1CEA135597
:10FD200094EA0C0F95EA0C0F00F0A7F8A4EB050479
:10FD300081EA030E52EA03354FEA013100F0888070
:10FD40004FEA03334FF0805545EA131343EA126339
:10FD50004FEA022245EA111545EA10654FEA0026EE
:10FD60000EF000419D4208BF964244F1FD0404F5A7
:10FD7000407402D25B084FEA3202B61A65EB030503
:10FD80005B084FEA32024FF480104FF4002CB6EBC0
:10FD9000020E75EB030E22BFB61A754640EA0C0040
:10FDA0005B084FEA3202B6EB020E75EB030E22BF80
:10FDB000B61A754640EA5C005B084FEA3202B6EBC1
:10FDC000020E75EB030E22BFB61A754640EA9C0080
:10FDD0005B084FEA3202B6EB020E75EB030E22BF50
:10FDE000B61A754640EADC0055EA060E18D04FEA0E
:10FDF000051545EA16754FEA06164FEAC30343EAAE
:10FE000052734FEAC2025FEA1C1CC0D111F4801F7A
:10FE10000BD141EA00014FF000004FF0004CB6E773
:10FE200011F4801F04BF01430020B4F1FD0C88BF12
:10FE3000BCF5E06F3FF6AFAEB5EB030C04BFB6EB1D
:10FE4000020C5FEA500C50F1000041EB045170BD10
:10FE50000EF0004E4EEA113114EB5C04C2BFD4EB3D
:10FE60000C0541EA045170BD41F480114FF0000EC1
:10FE7000013C90E645EA060E8DE60CEA135594EA3D
:10FE80000C0F08BF95EA0C0F3FF43BAF94EA0C0F40
:10FE90000AD150EA01347FF434AF95EA0C0F7FF4B5
:10FEA00025AF104619462CE795EA0C0F06D152EA09
:10FEB00003353FF4FDAE1046194622E750EA4106ED
:10FEC00018BF52EA43067FF4C5AE50EA41047FF4FE
:10FED0000DAF52EA43057FF4EBAE12E74FF0FF3C63
:10FEE00006E000BF4FF0010C02E000BF4FF0010C34
:10FEF0004DF804CD4FEA410C7FEA6C5C4FEA430CAD
:10FF000018BF7FEA6C5C1BD001B050EA410C0CBFFB
:10FF100052EA430C91EA030F02BF90EA020F00205D
:10FF2000704710F1000F91EA030F58BF994208BFC4
:10FF300090422CBFD8176FEAE37040F00100704781
:10FF40004FEA410C7FEA6C5C02D150EA013C07D1D8
:10FF50004FEA430C7FEA6C5CD6D152EA033CD3D023
:10FF60005DF8040B704700BF8446104662468C461D
:10FF70001946634600E000BF01B5FFF7B7FF002850
:10FF800048BF10F1000F01BD4DF808EDFFF7F4FF79
:10FF90000CBF012000205DF808FB00BF4DF808ED04
:10FFA000FFF7EAFF34BF012000205DF808FB00BF27
:10FFB0004DF808EDFFF7E0FF94BF012000205DF849
:10FFC00008FB00BF4DF808EDFFF7CEFF94BF0120FE
:10FFD00000205DF808FB00BF4DF808EDFFF7C4FFF7
:10FFE00034BF012000205DF808FB00BF4FEA410C40
:10FFF0007FEA6C5C02D150EA013C0AD14FEA430C23
:020000040801F1
:100000007FEA6C5C02D152EA033C02D14FF000005F
:1000100070474FF0010070474FEA410212F500129D
:1000200015D211D56FF47873B3EB625212D94FEA3F
:10003000C12343F0004343EA505311F0004F23FA29
:1000400002F018BF404270474FF00000704750EA7E
:10005000013005D111F0004008BF6FF0004070473B
:100060004FF00000704700BF4A0011D212F5001295
:1000700011D20DD56FF47873B3EB62520ED44FEA00
:10008000C12343F0004343EA505323FA02F0704780
:100090004FF00000704750EA013002D14FF0FF30BE
:1000A00070474FF00000704753B94AB9002908BFA4
:1000B00000281CBF4FF0FF314FF0FF3000F0B2B905
:1000C000ADF1080C6DE904CE00F044F8DDF804E071
:1000D000DDE9022304B07047D0B5FFF795FC0C4B67
:1000E000002206460F46FFF7E7FCFFF7BDFF044678
:1000F000FFF768FC074B0022FFF7DEFC02460B46C9
:1001000030463946FFF720FBFFF7AEFF2146D0BD52
:100110000000F03D0000F041D0B50C4B0022064637
:100120000F46FFF7C9FCFFF79FFF0446FFF74AFCA5
:10013000074B0022FFF7C0FC02460B46304639460B
:10014000FFF702FBFFF790FF2146D0BD0000F03D16
:100150000000F0412DE9F047089D04468E46002B33
:100160004DD18A42944669D9B2FA82F252B101FA6B
:1001700002F3C2F1200120FA01F10CFA02FC41EA7B
:10018000030E94404FEA1C48210CBEFBF8F61FFA00
:100190008CF708FB16E341EA034306FB07F199429B
:1001A0000AD91CEB030306F1FF3080F01F8199424E
:1001B00040F21C81023E63445B1AA4B2B3FBF8F028
:1001C00008FB103344EA034400FB07F7A7420AD9AF
:1001D0001CEB040400F1FF3380F00A81A74240F2D7
:1001E00007816444023840EA0640E41B00261DB142
:1001F000D4400023C5E900433146BDE8F0878B4277
:1002000009D9002D00F0EF800026C5E90001304635
:100210003146BDE8F087B3FA83F6002E4AD18B420F
:1002200002D3824200F2F980841A61EB03030120B9
:100230009E46002DE0D0C5E9004EDDE702B9FFDEA5
:10024000B2FA82F2002A40F09280A1EB0C014FEA50
:100250001C471FFA8CFE0126200CB1FBF7F307FBAD
:10026000131140EA01410EFB03F0884208D91CEB50
:10027000010103F1FF3802D2884200F2CB804346ED
:10028000091AA4B2B1FBF7F007FB101144EA0144CC
:100290000EFB00FEA64508D91CEB040400F1FF315B
:1002A00002D2A64500F2BB800846A4EB0E0440EA49
:1002B00003409CE7C6F12007B34022FA07FC4CEA52
:1002C000030C20FA07F401FA06F31C43F9404FEA45
:1002D0001C4900FA06F3B1FBF9F8200C1FFA8CFE5A
:1002E00009FB181140EA014108FB0EF0884202FAAE
:1002F00006F20BD91CEB010108F1FF3A80F088806F
:10030000884240F28580A8F102086144091AA4B22B
:10031000B1FBF9F009FB101144EA014100FB0EFEAC
:100320008E4508D91CEB010100F1FF346CD28E45DB
:100330006AD90238614440EA0840A0FB0294A1EB6C
:100340000E01A142C846A64656D353D05DB1B3EBC9
:10035000080261EB0E0101FA07F722FA06F3F140F9
:100360001F43C5E9007100263146BDE8F087C2F1A0
:100370002003D8400CFA02FC21FA03F39140014318
:100380004FEA1C471FFA8CFEB3FBF7F007FB103651
:100390000B0C43EA064300FB0EF69E4204FA02F4FD
:1003A00008D91CEB030300F1FF382FD29E422DD950
:1003B000023863449B1B89B2B3FBF7F607FB163385
:1003C00041EA034106FB0EF38B4208D91CEB010105
:1003D00006F1FF3816D28B4214D9023E6144C91A85
:1003E00046EA004638E72E46284605E70646E3E695
:1003F0001846F8E64B45A9D2B9EB020864EB0C0E9F
:100400000138A3E74646EAE7204694E74046D1E7AD
:10041000D0467BE7023B614432E7304609E764445B
:10042000023842E7704700BF024B58221A604FF073
:10043000FF307047242F0020024B58221A604FF0E3
:10044000FF307047242F002000F098B900F046BC20
:1004500000F08EB800F000B838B5A1FB02148CBBD8
:10046000FFF7F2FF0546E0B150F8042C22F003023A
:10047000043A242A17D8132A1AD91B2AC0E900449F
:100480001DD9242A14BF00F1100200F118024FF008
:100490000003C0E9024404BF04614461C2E90033BF
:1004A0009360284638BD2146F8F788F9284638BDBC
:1004B00002460023C2E900339360284638BD00F1AC
:1004C0000802F6E7F7F7F2F80C2300250360E8E7E7
:1004D000F8B5244F0C460646F2F724FEBA68556874
:1004E000C4F57E630F3325F003052B4423F47F63AB
:1004F00023F00F03A3F58054B4F5805F07DB0021E0
:10050000304600F0D7FDBB682B44984204D03046FB
:10051000F2F70CFE0020F8BD6142304600F0CAFD43
:1005200001300DD0104ABB682D1B45F001055D6000
:10053000136830461B1B1360F2F7F8FD0120F8BD6D
:100540000021304600F0B6FDBA68831A0F2BDEDDBD
:1005500043F001035360054B03491B68C01A086050
:10056000D5E700BF0C0C0020282F0020141000201D
:10057000002961D0F8B50C460646F2F7D3FD54F8D1
:10058000042C7B4FA4F1080522F0010105EB010CBE
:10059000B868DCF80430604523F0030300F08B807A
:1005A000D207CCF8043032D454F8082CAD1A1144D8
:1005B000AA6807F1080082426AD00CEB0304D4F861
:1005C00004E0EC68D4601EF0010FA26000F0978098
:1005D00041F001036B60CCF80010B1F5007F35D21B
:1005E0007A68CB08480901210133814011437960C1
:1005F00007EBC30257F83310083AC5E9021247F86F
:100600003350CD603046BDE8F840F2F78FBD0CEBBB
:1006100003025268D00710D4194407F10800DCF82F
:100620000830834273D0DCF80C20DA60936041F02C
:1006300001036B606950D0E7704741F00103B1F5E9
:10064000007F44F8043CCCF80010C9D3B1F5206F0A
:100650004FEA512348D28B0903F1390003F13802E4
:10066000C300F818FB580838984259D05A6822F04D
:1006700003028A4202D99B689842F7D1D868C5E93B
:1006800002308560DD603046BDE8F840F2F74EBDCF
:100690000CEB03025268D20763D40B44DCE902126C
:1006A000CA60916043F001026A603046EB50BDE8D9
:1006B000F840F2F73BBD0B44D10707D454F8082C9F
:1006C000AD1A1344D5E90212CA60916043F00102E9
:1006D0006A60284ABD6012689A4293D8264B304619
:1006E0001968FFF7F5FE8DE7142B0AD9542B1FD894
:1006F0000B0B03F16F0003F16E02C300B1E7194465
:100700008DE703F15C0003F15B02C300A9E741F050
:100710000103C7E90455C5E902006B60695071E740
:1007200079689210012404FA02F20A437A60A6E77B
:10073000B3F5AA7F06D8CB0B03F1780003F177025B
:10074000C3008EE740F25452934206D88B0C03F15B
:100750007D0003F17C02C30083E74FF47E737E22A9
:100760007FE741F001036B60CCF800104AE700BF5F
:100770000C0C002018100020582F00202DE9F04FFD
:1007800001F10B06162E83B0044624D8102900F27E
:10079000BA80F2F7C7FC102618220220B54F3A445F
:1007A000A2F1080153688B4200F0BA805A68D968F8
:1007B00022F003021A449D68E9608D60516841F09F
:1007C00001012046516003F10805F2F7AFFC28460D
:1007D00003B0BDE8F08F36F0070600F19480B14217
:1007E00000F29180F2F79EFCB6F5FC7FC0F09A8192
:1007F000730A00F08F80042B00F26F81B30903F1BC
:10080000390003F1380CC3009A4F3B44A3F10805AB
:100810005B689D4206D10CE0002980F22781DB68ED
:100820009D4206D05A6822F00302911B0F29F3DD86
:1008300060463D69DFF850C265457CD06A6822F0A9
:100840000302931B0F2B00F37B81002BC7E904CC21
:1008500080F26C81B2F5007F80F01A81D30879684C
:1008600001334FEA521E012202FA0EF20A4357F8F0
:1008700033E0C5F808E007EBC3010839E9607A60A6
:1008800047F83350CEF80C50831001219940914223
:1008900057D8114206D120F003004900114200F15F
:1008A0000400FAD007EBC0094D468646D5F80C8007
:1008B000454508D11DE1002B80F22481D8F80C8039
:1008C000454500F01681D8F8042022F00302931B5E
:1008D0000F2BF0DD2046D8E9025408EB060146F064
:1008E0000106C8F80460EC60A56043F00104C7E9A4
:1008F0000411C1E902CC4C6048F80230F2F716FC52
:1009000008F1080502E00C2323600025284603B007
:10091000BDE8F08F4FF4007340204FF03F0C73E7B9
:10092000D3689A4208BF02307FF440AF3D69DFF8D8
:1009300058C1654582D17A6883100121994091425E
:10094000A7D9BD686B6823F003094E4503D8A9EB0E
:1009500006030F2B7ADCDFF834B1474BDBF80020BD
:100960001B680132334405EB090A00F0338103F5BB
:1009700080530F3323F47F6828F00F084146204648
:1009800000F098FB411C024600F0F380824500F223
:10099000EE803A4B196841441960084600F04E81D8
:1009A000DBF80010019301311BBFA2EB0A0A50448F
:1009B000CBF80020186012F0070B00F01781CBF184
:1009C00008010A44CBF5805190440831A1EB08019D
:1009D000C1F30B0A51462046009200F06BFB421C0B
:1009E000DDE9002300F04F81801A00EB0A08196846
:1009F000BA6048F001005144BD425060196000F0F7
:100A00002981B9F10F0F40F227816868A9F10C0C18
:100A10002CF0070C00F0010040EA0C0068604FF079
:100A2000050E05EB0C00BCF10F0FC0E901EE00F262
:100A3000328150681546124B1A688A4238BF1960D5
:100A4000104B1A688A4238BF196094E0AA1943F023
:100A5000010346F001066E602046BA605360F2F76B
:100A600065FB0835284603B0BDE8F08FD9681A4405
:100A7000A1E600BF0C0C0020582F0020282F0020DA
:100A8000502F0020542F0020140C002014100020A0
:100A9000B2F5206F4FEA522363D3142B00F2B780D4
:100AA00003F15C01C9005B3307EB010E7958AEF12D
:100AB000080E8E4500F091804B6823F003039342AB
:100AC00002D989688E45F7D1D1F80CE07A68C5E97A
:100AD000021ECEF80850CD60D6E6142B59D9542BFF
:100AE00000F29D80330B03F16F0003F16E0CC30025
:100AF0008AE60EF1010E1EF0030F05F108057FF4E2
:100B0000D5AE51E0424445465368D8F80C1043F046
:100B10000103536055F8083F2046D9608B60F2F717
:100B200005FBF3E6F00806F1080237E62A44204602
:100B3000536843F0010353600835F2F7F7FAE5E62E
:100B4000A919204646F0010643F001046E60C7E98A
:100B50000411C1E902CC4C60AB50F2F7E7FA08355A
:100B6000D4E6930903F13901C90038339CE7BD424B
:100B70005FD0BD68686820F003084645A8EB06030F
:100B800002D80F2B3FF762AF2046F2F7CFFA0025CD
:100B9000BCE603F15C0003F15B0CC30034E659F8DA
:100BA00008394B4540F0968010F0030F00F1FF30FC
:100BB000F5D17B6823EA01037B60490099423FF647
:100BC000C0AE19B9BDE649000EF1040E1942FAD0C3
:100BD000704667E603F11008D0E69A104FF001085E
:100BE0007B6808FA02F21A437A6070E702EB0801A8
:100BF0004942C1F30B0A51462046009200F05AFACE
:100C0000431CDDE900237FF4EFAEDA46EFE6542B18
:100C100025D8130B03F16F01C9006E3344E7B3F518
:100C2000AA7F25D8F30B03F1780003F1770CC300FA
:100C3000EAE5294B186840441860B1E6CAF30B0C8A
:100C4000BCF1000F7FF4ACAEBD68C84448F00100B1
:100C50006860F0E61546EEE60123536094E7B3F5CD
:100C6000AA7F23D8D30B03F17801C90077331BE7A0
:100C700040F25452934223D8B30C03F17D0003F1A8
:100C80007C0CC300C0E5ABF1080BD844A8EB02080C
:100C90004FF0000AABE605F1080120460093FFF78C
:100CA000D7FBBD68009B68681968C4E640F25451E0
:100CB0008B420BD8930C03F17D01C9007C33F3E622
:100CC0004FF47E737F204FF07E0C9DE54FF47E71D4
:100CD0007E23E9E67B6870E7282F00202DE9F84F96
:100CE0001746002900F0988007F10B0580460C4656
:100CF000F2F718FA162D5DD810252A46AF425ED8B5
:100D000054F8041C21F003069642A4F1080962DAA3
:100D1000BC4BD3F808C009EB0600844500F097806F
:100D2000D0F804C02CF0010303445B68DB0768D4EF
:100D30002CF0030C06EB0C03934247DACB0710D4DC
:100D400054F8083CA9EB030ADAF8043023F0030155
:100D50008C44B444944580F211817318934280F21C
:100D6000E88039464046FFF76FFB0746E0B154F88C
:100D7000043C23F001034B44A0F10802934200F02D
:100D8000D280321F242A00F2F580132A00F2AC80B0
:100D900003462246116819605168596092689A604A
:100DA00021464046FFF754FB4046F2F7BFF938466C
:100DB000BDE8F88F25F00705002D2A469EDA0C23A2
:100DC000C8F8003000273846BDE8F88F1E46D0E945
:100DD0000223D3609A60731B0F2B22D8D9F80430FA
:100DE00003F0010333434E44C9F80430736843F001
:100DF0000103736040462746F2F798F93846BDE88C
:100E0000F88FC907ADD454F8083CA9EB030ADAF807
:100E1000041021F00301A0E7BDE8F84F1146FFF7E9
:100E200013BBD9F8041001F001012943C9F80410DB
:100E300009EB05014E4443F001034B60736843F036
:100E40000103083173604046FFF702FBD2E7DCF88C
:100E5000040020F0030B06EB0B0C05F11000844599
:100E60004DDAC9073FF57DAF54F8081CA9EB010A1C
:100E7000DAF8041021F003018B44B34458453FF7DE
:100E80006CAF5746DAF80C1057F8080F321F242AB7
:100E9000C160886000F2DB80132A40F2D6802168AE
:100EA000CAF808106168CAF80C101B2A00F2DF802B
:100EB00008340AF110022168116061685160A1686C
:100EC00091600AEB0501ABEB050242F0010299606B
:100ED0004A60DAF8043003F001031D434046CAF8C3
:100EE0000450F2F723F96EE72368036063684360F8
:100EF0001B2A68D804F1080200F108034AE709EB4D
:100F000005029A60ACEB050343F00103536054F80B
:100F1000043C03F001031D43404644F8045CF2F72F
:100F200005F927464FE750F8043C23F003031E441D
:100F300051E75746DAF80C1057F8080F321F242AE9
:100F4000C16088604CD8132A48D92168CAF80810B3
:100F50006168CAF80C101B2A56D808340AF110022E
:100F60001E462368136063685360A3689360D1468C
:100F70003C4630E72146F7F7A5FB11E7D0E902131D
:100F80005746CB60996057F8081FDAF80C30CB60F1
:100F9000321F242A99602DD8132A29D92368CAF828
:100FA00008306368CAF80C301B2A42D808340AF1AA
:100FB000100322681A6062685A60A2689A606646E6
:100FC000D1463C4607E7A3688360E368C360242AF0
:100FD00026D004F1100200F11003DBE63A46BFE729
:100FE000214638461E46D146F7F76CFB3C46F2E6F2
:100FF0003B46DEE7214638466646D146F7F762FBB8
:101000003C46E8E60C0C0020A168CAF81010E16824
:10101000CAF81410242A20D010340AF118029FE7CD
:10102000236903616169416104F1180200F1180349
:10103000B0E6A368CAF81030E368CAF81430242A6E
:1010400021D010340AF11803B3E73A4633E72146BA
:101050003846F7F737FB164B33E72269CAF81820F2
:101060006269CAF81C2018340AF1200278E7A168E6
:10107000CAF81010E168CAF81410242A0DD01034F0
:101080000AF1180217E72369CAF818306369CAF829
:101090001C3018340AF120038BE72269CAF81820A3
:1010A0006269CAF81C2018340AF1200203E700BF65
:1010B0000C0C002038B5074D0022044608462A6073
:1010C000F1F7F0FF431C00D038BD2B68002BFBD09C
:1010D000236038BD242F0020F8B500BFF8BC08BC41
:1010E0009E467047F8B500BFF8BC08BC9E467047E6
:1010F000656E646E6F6465203A2025692C206465F6
:101100007374203A2025690A005B5741524E494EBC
:10111000475D206D79494420616E64206465737475
:10112000696E6174696F6E20494420697320746828
:10113000652073616D6521206D793A25692C2064E5
:101140006573743A25690A005B4C325D204661691B
:101150006C656420746F20636F6E666967206465D8
:10116000737420746F2049442025690A005B4C3257
:101170005D2070756C6C696E6720646174612062BB
:101180006974732066726F6D2053445520627566D2
:10119000666572202862697473697A65203A202531
:1011A000692C2072656D61696E65642073697A656A
:1011B000203A202569290A005B4C335D5B57415278
:1011C0004E494E475D20496E76616C6964205044FB
:1011D0005520534E2028256929207768696C6520A1
:1011E00028256929206973207265717569726564A3
:1011F000212064697363617264696E672069742E6B
:101200002E2E0A005B4C325D5B5741524E494E47D1
:101210005D204661696C656420746F2073656E643F
:1012200020646174612025692C206D6178207265CD
:10123000747820636E742072656163686564212030
:101240000A005B4C325D204661696C656420746FF6
:1012500020636F6E66696720537263204944206182
:10126000742050485920286361757365203A202501
:1012700069290A00390A00083D0A0008430A0008E3
:101280005B4C335D205374617465207472616E73BE
:101290006974696F6E2066726F6D20256920746FA6
:1012A0002025690A005B4C335D206D7367206C65F7
:1012B0006E677468203A2025690A0073656E646958
:1012C0006E672064617461202C2025690A005365D3
:1012D0006E64696E6720444154410A0D00524551C5
:1012E000554553540A0D0052657175657374206637
:1012F000726F6D2055452032323120746F20626547
:1013000020636F6E6E65637465642E0A0D00414341
:10131000434550540A0D00547269656420746F206F
:1013200053656E642041434345505420746F2055EB
:1013300045203232312E0A0D00556E6B6E6F776E7E
:10134000207369676E616C20697320636F6D696ECD
:10135000672E0A0D000A5B4C335D202D2D3E204484
:1013600041544120494E44203A2073697A653A2518
:10137000692C2025730A000A202D2D3E204441545B
:101380004120434E46203A20726573203A20256959
:101390000A000A202D2D3E205245434F4E46494714
:1013A00020535243494420434E46203A20726573ED
:1013B000203A2025690A005B48414C5D2065727225
:1013C0006F72206F6E20636F6E6669672070617246
:1013D000616D65746572203A2074696D652069736A
:1013E00020746F6F206C6F6E6721202825692C2078
:1013F0006D757374206265206C6573732074686109
:101400006E20313032342E20696620796F75207756
:10141000616E74206C6F6E676572206F6E652C2034
:101420007468656E20646F20636F6E74696E6F758B
:1014300073206D6F64652028727854696D65203D56
:1014400020302920290A005B48414C5D5B574152FE
:101450004E494E475D20646174612072617465205D
:101460002569206973207472756E63617465640008
:101470005B48414C5D205B4552524F525D204661B6
:10148000696C656420746F20646F205258203A2084
:101490006D6F64656D2073657474696E6720697320
:1014A00020696E76616C696420282569290A0046E6
:1014B00061696C656420746F20616363657074207A
:1014C00048414C20636D643A207061636B65742001
:1014D000697320656D707479210A004661696C65D5
:1014E0006420746F206163636570742048414C20F0
:1014F000636D643A207061636B65742073697A650B
:1015000020697320746F6F206C61726765212028D9
:101510002569290A005B48414C5D205B4552524FCA
:10152000525D204661696C656420746F20646F2091
:1015300054582C20696E76616C6964206D6F646507
:101540006D2073746174757320282569290A005B06
:1015500048414C5D205B4552524F525D2046534DF1
:10156000206661696C20647572696E672048572037
:10157000646F6E652068616E646C657220285258D5
:101580002C204352434E4F4B290A005B48414C5D8F
:10159000205B4552524F525D2046534D2066616993
:1015A0006C20647572696E6720485720646F6E65A1
:1015B0002068616E646C6572202852582C2043525A
:1015C000434F4B290A005B48414C5D205B4552521A
:1015D0004F525D2046534D206661696C20647572E0
:1015E000696E6720485720646F6E652068616E647D
:1015F0006C657220285458290A005B4552524F529C
:101600005D20737461746520697320776569726405
:10161000203A25690A005B48414C5D205B455252E7
:101620004F525D2048414C20696E697469616C6954
:101630007A6174696F6E206661696C6564203A2016
:10164000636F6D6D6F6E207265736F757263652069
:101650007374617465202825692920697320696E77
:1016600076616C69640A000A09202020496E697459
:1016700069616C697A696E6720526164696F20499B
:101680006E746572727570742068616E646C6572D8
:1016900073200A005B4552524F525D206661696CAF
:1016A000656420696E20696E6974696174696E672A
:1016B00020726164696F203A206D656D6F727920C8
:1016C000616C6C6F63206661696C65640A00426FCF
:1016D00061726420636F6E6E6563746564203A2086
:1016E00025690A005B48414C5D205B4552524F52D0
:1016F0005D2046534D206661696C20647572696E89
:101700006720736C656570696E670A005B48414CC1
:101710005D205B4552524F525D2046534D2066611D
:10172000696C20647572696E672048572074696D12
:10173000652068616E646C65720A005B48414C5DAF
:10174000205B4552524F525D2046534D20666169E1
:101750006C20647572696E6720525873746172747C
:101760000A005B48414C5D205B4552524F525D2060
:1017700046534D206661696C2072782061626F72F9
:101780007420647572696E67207478537461727422
:101790000A005B48414C5D205B4552524F525D2030
:1017A00046534D206661696C20647572696E6720CE
:1017B000747853746172740A006D6F64656D207380
:1017C0007461746520697320696E76616C69642840
:1017D00046534B2C207768696368206973206E6FCD
:1017E0007420737570706F72746564206E6F7729E2
:1017F0000A005B48414C5D5B4552524F525D2046AA
:1018000061696C656420746F207374617274205216
:101810005820636F6E66696775726174696F6E20B8
:101820003A207374617465206D69736D61746368C7
:10183000206F72207265736F757263652069732003
:101840006E6F74206F776E65642062792052582025
:10185000282569290A005B48414C5D5B4552524F7F
:10186000525D204661696C656420746F20737461F9
:10187000727420545820636F6E6669677572617464
:10188000696F6E203A207374617465206D69736DA1
:1018900061746368206F72207265736F757263651F
:1018A000206973206E6F74206F776E656420627993
:1018B00020545820282569290A005B48414C5D5B6B
:1018C0004552524F525D204661696C656420746FC9
:1018D0002073657420706172616D6574657220504B
:1018E0006F776572202D207374617465206D697344
:1018F0006D61746368206F72207265732069732054
:101900006E6F74206F776E65642062792025692080
:10191000282569290A005B48414C5D5B4552524FBE
:10192000525D204661696C656420746F2073746138
:10193000727420525820636F6E66696775726174A5
:10194000696F6E203A207374617465206D69736DE0
:1019500061746368206F72207265736F757263655E
:10196000206973206E6F74206F776E6564206279D2
:1019700020545820282569290A005B48414C5D5BAA
:101980004552524F525D204661696C656420746F08
:101990002073657420706172616D65746572205288
:1019A0007854696D65202D207374617465206D69AC
:1019B000736D61746368206F722072657320697340
:1019C000206E6F74206F776E6564206279202569C0
:1019D00020282569290A005B48414C5D5B4552522D
:1019E0004F525D204661696C656420746F20736599
:1019F0007420706172616D6574657220436F6465F7
:101A000052617465202D207374617465206D697353
:101A10006D61746368206F72207265732069732032
:101A20006E6F74206F776E6564206279202569205F
:101A3000282569290A005B48414C5D5B4552524F9D
:101A4000525D204661696C656420746F2073657413
:101A500020706172616D65746572204461746152B9
:101A6000617465202D207374617465206D69736DD8
:101A700061746368206F7220726573206973206ED1
:101A80006F74206F776E6564206279202569202845
:101A90002569290A005B48414C5D5B4552524F5213
:101AA0005D204661696C656420746F2073657420E5
:101AB000706172616D65746572204C6F7744524F2E
:101AC0007074202D207374617465206D69736D616D
:101AD000746368206F7220726573206973206E6F63
:101AE00074206F776E65642062792025692028252F
:101AF00069290A005B48414C5D205B5741524E49C1
:101B00004E475D20726573657276696E6720636FFC
:101B10006D6D6F6E207265736F7572636520776986
:101B2000746820656E74697479204E4F4E452E0A94
:101B3000005B48414C5D205B4552524F525D204650
:101B400061696C656420746F207265736572766577
:101B5000207265736F75726365203A20616C7265DF
:101B6000616479206F6363757069656420627920B0
:101B700025690A005B48414C5D205B4552524F523B
:101B80005D2046534D206661696C20647572696EF4
:101B900067207265736F7572636520726573657215
:101BA000766174696F6E0A005B48414C5D5B45521B
:101BB000524F525D204661696C656420746F2073DA
:101BC000657420706172616D657465722042572082
:101BD0002D207374617465206D69736D6174636821
:101BE000206F7220726573206973206E6F74206F8E
:101BF000776E656420627920256920282569290A85
:101C0000005B48414C5D5B4552524F525D2046613E
:101C1000696C656420746F207365742070617261F3
:101C20006D6574657220507265616D626C654C659E
:101C30006E202D207374617465206D69736D6174FD
:101C40006368206F7220726573206973206E6F74F1
:101C5000206F776E656420627920256920282569C8
:101C6000290A005B48414C5D5B4552524F525D2052
:101C70004661696C656420746F20736574207061BF
:101C800072616D65746572205258436F6E742E20B8
:101C90002D207374617465206D69736D6174636860
:101CA000206F7220726573206973206E6F74206FCD
:101CB000776E656420627920256920282569290AC4
:101CC000005B48414C5D5B4552524F525D2046617E
:101CD000696C656420746F20736574207061726133
:101CE0006D657465722046726571204348202D2011
:101CF0007374617465206D69736D61746368206FBE
:101D00007220726573206973206E6F74206F776E16
:101D1000656420627920256920282569290A005BED
:101D200048414C5D205B4552524F525D2046534D19
:101D3000206661696C20647572696E672053572054
:101D400074696D656F75740A005B48414C5D205B7A
:101D50004552524F525D204661696C656420746F34
:101D60002072656C65617365207265736F7572634F
:101D700065203A206F63637570696564206279201D
:101D800025692C207768696C652025692074726943
:101D9000657320746F2072656C656173650A005B02
:101DA00048414C5D205B4552524F525D2046534D99
:101DB000206661696C20647572696E672072657354
:101DC0006F757263652072656C656173650A0000EA
:101DD0000C23000D1E000ED2001A01001FAA0024C1
:101DE000070027120028C1002994002AC10030D81A
:101DF00000358F003B0200400000413001314301BB
:101E0000234020202D20526164696F20636F756C20
:101E100064206E6F74206265206465746563746508
:101E200064210A005B5048594D41435D20455252A0
:101E30004F52203A206661696C656420746F206897
:101E4000616E646C6520444154415F524551203AB3
:101E500020696E76616C69642073746174652028F2
:101E60002569290A005B5048594D41435D20455280
:101E7000524F52203A206661696C656420746F206D
:101E800068616E646C6520444154415F5245512045
:101E90003A2073697A6520697320746F6F206C61D2
:101EA00072676520282569203E202569290A005B84
:101EB0005048594D41435D204552524F52203A20DF
:101EC0006661696C656420746F2068616E646C651E
:101ED00020636F6E66696775726174696F6E203A10
:101EE00020736F757263652049442063616E6E6F65
:101EF00074206265206368616E67656420696E2086
:101F0000545820737461746520282569290A005B80
:101F10005048594D41435D205741524E494E47204C
:101F20003A205044552073697A6520697320746F94
:101F30006F206C61726765212120504455207769BC
:101F40006C6C206265207472756E63617465642EBA
:101F50002E2E0A005B5048594D41435D2057415297
:101F60004E494E47203A206B6565702074686520A5
:101F700073746174652061732054582C2073696EEA
:101F8000636520746865205458206973206F6E2D36
:101F9000676F696E67207269676874206E6F770A71
:101FA000000103000000010102010101030202011E
:101FB000030303020100020101000101000101000D
:101FC0000001010001010100005B48414C5D204619
:101FD000534D206572726F72212063616E6E6F7453
:101FE0002068617070656E206576656E7420256965
:101FF0002825732920696E207374617465203A2046
:102000002569282573290A000600000000300140D8
:10201000020500001400000000300140020500002D
:1020200014010000003C0040020600001E000000F9
:102030000038004002050000220000000038004087
:10204000020500002B000000003C004002060000DA
:10205000FFFF0000FFFFFFFF00000000070000007F
:10206000003001400205000010000000003C00406C
:102070000207000012000000003C004002070000C0
:1020800015000000003001400205000015010000AD
:10209000003C0040020600001F0000000038004025
:1020A0000205000021000000003800400207000087
:1020B00021010000003C0040020500002300000058
:1020C00000380040020500002C000000003C0040E9
:1020D00002060000FFFF0000FFFFFFFF00000000FE
:1020E000050000000030014002050000090000006A
:1020F00000380040020500001300000000300140DD
:102100000205000013010000003C00400206000030
:102110001A00000000380040020500001D00000009
:102120000038004002050000270000000038004091
:10213000020500002A000000003C004002060000EA
:10214000FFFF0000FFFFFFFF000000000400000091
:10215000003001400205000004010000003C004086
:10216000020600000F0000000030014002050000E0
:102170000F010000003C00400206000014000000B7
:10218000003800400207000019000000003800403D
:10219000020500001C00000000380040020500009D
:1021A000FFFF0000FFFFFFFF000000000100000034
:1021B000004C0040120800000300000000440040F2
:1021C000120700000A000000001001401207000082
:1021D0001700000000100140120700002500000059
:1021E00000480040120700002700000000140140D2
:1021F000120800002B0000000048004012070000F9
:102200002B010000004C00401208000032000000CA
:102210000050004012080000FFFF0000FFFFFFFF1A
:102220000000000000000000004C00401208000008
:1022300002000000004400401207000009000000F6
:1022400000100140120700001600000000100140BD
:10225000120700001A0000000048004012070000AA
:102260002600000000140140120800002A000000AF
:1022700000480040120700002A010000004C004006
:10228000120800002C00000000500040120800005E
:10229000FFFF0000FFFFFFFF0000000050696E6DB0
:1022A0006170206572726F723A2077726F6E67206C
:1022B000706F7274206E756D6265722E002F686F7C
:1022C0006D652F6A656E6B696E732F6275696C64DC
:1022D0005F6E6F64655F345F322F776F726B737000
:1022E0006163652F626D5F777261702F31373037B0
:1022F0002F6D6265642D6F732F74617267657473DF
:102300002F5441524745545F53544D2F6770696FA6
:102310005F6170692E630070696E20213D20285036
:10232000696E4E616D65294E4300496E7465727227
:10233000757074496E206572726F723A2070696EA2
:10234000206E6F7420737570706F727465642E0ADE
:1023500000556E657870656374656420537075729E
:10236000696F757320696E746572727570742C2054
:10237000696E6465782025640D0A00000000000085
:102380000000000006000000000000000100000046
:10239000070000000000000002000000080000002C
:1023A0000000000003000000090000000000000021
:1023B000040000000A00000000000000050000000A
:1023C00017000000010000000500000017000000D9
:1023D00002000000050000001700000003000000DC
:1023E00005000000170000000400000005000000C8
:1023F0001700000000000000060000002800000098
:10240000010000000600000028000000020000009B
:102410000600000028000000030000000600000085
:102420002800000004000000060000002800000052
:102430000500000006000000280000002F686F6DF6
:10244000652F6A656E6B696E732F6275696C645F68
:102450006E6F64655F345F322F776F726B7370617C
:1024600063652F626D5F777261702F313730372F60
:102470006D6265642D6F732F4255494C442F6D6218
:1024800065642F706C6174666F726D2F53696E672F
:102490006C65746F6E5074722E68005F7074722079
:1024A0003D3D202854202A29265F64617461000084
:1024B0000000000000000000E52F00083D3000088B
:1024C00049300008E92F0008D12F0008E12F00084B
:1024D000912F0008DD2F0008952F00089F2F00087E
:1024E000D72F0008A92F0008AF2F0008B52F00082C
:1024F000BB2F0008C72F00080D300008CF2F0008A1
:102500002F686F6D652F6A656E6B696E732F6275CC
:10251000696C645F6E6F64655F345F322F776F72D2
:102520006B73706163652F626D5F777261702F31BD
:102530003730372F6D6265642D6F732F706C617447
:10254000666F726D2F6D6265645F7265746172672C
:1025500065742E6370700030203D3D20282A677519
:102560006172645F6F626A6563742026204358411C
:102570005F47554152445F4D41534B2900435841F9
:102580005F47554152445F494E49545F494E5F5041
:10259000524F4752455353203D3D20282A677561CD
:1025A00072645F6F626A6563742026204358415FDE
:1025B00047554152445F4D41534B29002F7374647A
:1025C000657272002F737464696E002F7374646F88
:1025D000757400000100000002000000040000000B
:1025E0000800000010000000200000004000000073
:1025F0008000000000010000000200000004000054
:102600000008000000100000002000000040000052
:10261000008000002F686F6D652F6A656E6B696EB4
:10262000732F6275696C645F6E6F64655F345F32CF
:102630002F776F726B73706163652F626D5F777256
:1026400061702F313730372F6D6265642D6F732FB6
:10265000746172676574732F5441524745545F53D8
:10266000544D2F70696E6D61702E630043616E6E04
:102670006F7420696E697469616C697A652052545F
:10268000432077697468204C53450A00506572698D
:102690007068436C6B496E6974537472756374200F
:1026A000525443206661696C6564207769746820C0
:1026B0004C53450A0052544320696E697469616C39
:1026C000697A6174696F6E206661696C6564004542
:1026D0006E61626C65427970617373536861646F97
:1026E00077206572726F720048414C5F5254435FAD
:1026F00053657444617465206572726F720A004894
:10270000414C5F5254435F53657454696D65206555
:1027100072726F720A0043616E6E6F7420696E6927
:102720007469616C697A65205541525420776974E7
:1027300068206261756420726174652025750A00E5
:102740002F686F6D652F6A656E6B696E732F62758A
:10275000696C645F6E6F64655F345F322F776F7290
:102760006B73706163652F626D5F777261702F317B
:102770003730372F6D6265642D6F732F7461726708
:102780006574732F5441524745545F53544D2F7312
:10279000657269616C5F6170692E63006F626A5F68
:1027A000732D3E7561727420213D2028554152548D
:1027B0004E616D65294E43004572726F723A206E0C
:1027C00065772073657269616C206F626A656374F6
:1027D000206973207573696E672073616D6520557C
:1027E00041525420617320535444494F006F626A30
:1027F0005F732D3E696E646578203E3D2030004356
:102800004C4B3A2053504920696E7374616E636576
:10281000206E6F74207365740000000008001000C3
:1028200018002000280030003800332077697265D6
:10283000732053504920736C617665206E6F74204D
:10284000737570706F72746564202D20736C61767F
:10285000652077696C6C206F6E6C7920726561649D
:102860000D0A0043616E6E6F7420696E6974696150
:102870006C697A6520535049002F686F6D652F6A27
:10288000656E6B696E732F6275696C645F6E6F64E1
:10289000655F345F322F776F726B73706163652F82
:1028A000626D5F777261702F313730372F6D6265DF
:1028B000642D6F732F746172676574732F54415266
:1028C0004745545F53544D2F73746D5F7370695F48
:1028D0006170692E63007370696F626A2D3E737058
:1028E0006920213D20285350494E616D65294E4392
:1028F00000536574537973436C6F636B2066616931
:102900006C65640A00000000000000000001020382
:10291000040607080900000000010203040000008B
:1029200040420F00200000000000000000000000F6
:1029300000000000000000009D30000800000000C2
:1029400000000000890A0008AD0A0008ED600008D8
:102950002F686F6D652F6A656E6B696E732F627578
:10296000696C645F6E6F64655F345F322F776F727E
:102970006B73706163652F626D5F777261702F3169
:102980003730372F6D6265642D6F732F4255494C78
:10299000442F6D6265642F706C6174666F726D2F69
:1029A00043616C6C6261636B2E68005F6F707300D3
:1029B0000000000000000000C10A00089D0B000894
:1029C0009D610008CC290108D82D00206D60000809
:1029D0001160000859600008716000081D6000085F
:1029E00039600008615F000800000000000000007E
:1029F0007D6200087D62000881020008F102000883
:102A00008F6200089B62000844FFFFFF0000000087
:102A1000AD02000803030008ED740008BD7400084F
:102A20001F75000825750008257500082575000824
:102A3000297500082375000829750008A92F0008CA
:102A4000AF2F0008B52F0008BB2F0008C72F0008C4
:102A5000CB2F0008CF2F00089F6200089362000868
:102A60007F6200088762000840FFFFFF000000004F
:102A7000B302000809030008000000000000000085
:102A8000456300086D63000870696E6D6170206DAC
:102A900069732D6D617463680070696E6D6170207B
:102AA0006E6F7420666F756E6420666F722070653D
:102AB000726970686572616C00636F756C64206E1A
:102AC0006F742070696E6F75740000000000000064
:102AD00000000000C9650008F16500082D650008C8
:102AE0002D650008652000082D21000844656570EB
:102AF000536C6565704C6F636B206F766572666CA6
:102B00006F7720283E2055534852545F4D41582935
:102B10000044656570536C6565704C6F636B207520
:102B20006E646572666C6F7720283C203029006DDA
:102B3000626564206173736572746174696F6E207D
:102B40006661696C65643A2025732C2066696C6542
:102B50003A2025732C206C696E65202564200A00BC
:102B60000000000080DE280080C84D0000A776002D
:102B700000349E008012C700809FEE00007E170187
:102B8000805C400180E9670100C890010055B801F0
:102B90000000000080DE2800001A4F0080F8770057
:102BA00080859F000064C80000F1EF0080CF18010D
:102BB00000AE4101003B69018019920180A6B90174
:102BC00000000000000000009569000897690008F7
:102BD0007D6B0008ED6B00082F686F6D652F6A65CF
:102BE0006E6B696E732F6275696C645F6E6F64657E
:102BF0005F345F322F776F726B73706163652F6222
:102C00006D5F777261702F313730372F6D62656479
:102C10002D6F732F706C6174666F726D2F6D6265AE
:102C2000645F637269746963616C2E6300637269C7
:102C3000746963616C5F73656374696F6E5F7265FD
:102C4000656E7472616E63795F636F756E746572C1
:102C5000203C2055494E5433325F4D4158002F6877
:102C60006F6D652F6A656E6B696E732F6275696C27
:102C7000645F6E6F64655F345F322F776F726B7362
:102C8000706163652F626D5F777261702F313730CD
:102C9000372F6D6265642D6F732F68616C2F6D62C5
:102CA00065645F7469636B65725F6170692E630050
:102CB0002F002F686F6D652F6A656E6B696E732FBD
:102CC0006275696C645F6E6F64655F345F322F7725
:102CD0006F726B73706163652F626D5F7772617085
:102CE0002F313730372F6D6265642D6F732F706C05
:102CF0006174666F726D2F46696C65506174682EE1
:102D0000637070006C656E20213D20300046617458
:102D1000616C2052756E2D74696D65206572726FDD
:102D200072000A0A2B2B204D6265644F53204572B6
:102D3000726F7220496E666F202B2B0A4572726F7C
:102D400072205374617475733A203078255820438B
:102D50006F64653A202564204D6F64756C653A2078
:102D600025640A4572726F72204D657373616765E1
:102D70003A20004B65726E656C204572726F723A34
:102D800020307825582C20005468726561643A2000
:102D9000307825582C20004D757465783A203078AD
:102DA00025582C200053656D6170686F72653A205C
:102DB000307825582C20004D656D6F7279506F6FFB
:102DC0006C3A20307825582C20004576656E744684
:102DD0006C6167733A20307825582C200054696D57
:102DE00065723A20307825582C20004D6573736148
:102DF000676551756575653A20307825582C200037
:102E00000A4C6F636174696F6E3A20307825580000
:102E10000A4572726F722056616C75653A2030787F
:102E20002558000A43757272656E74205468726585
:102E300061643A2049643A203078255820456E7400
:102E400072793A203078255820537461636B536946
:102E50007A653A203078255820537461636B4D654C
:102E60006D3A20307825582053503A203078255834
:102E700020000A2D2D204D6265644F53204572724B
:102E80006F7220496E666F202D2D0A000000000031
:102E900000000000157400086174000800000000C4
:102EA0000000000000000000000000009D3000084D
:102EB0009D3000089D3000089D300008912F0008CB
:102EC000B5740008952F00089F2F00087976000838
:102ED000A92F0008AF2F0008B52F0008BB2F00084E
:102EE000C72F0008CB2F0008CF2F0008FCFFFFFFE3
:102EF000000000000000000000000000772B0053DD
:102F0000747265616D206F626A206661696C7572AA
:102F1000650000000000000000000000000000004C
:102F200000000000ED740008BD7400081F75000863
:102F30002575000825750008257500082975000805
:102F40002375000829750008A92F0008AF2F000875
:102F5000B52F0008BB2F0008C72F0008CB2F000893
:102F6000CF2F00089D3000089D300008B97400087C
:102F7000BB740008FCFFFFFF000000000000000021
:102F8000000000002F686F6D652F6A656E6B696EBB
:102F9000732F6275696C645F6E6F64655F345F3256
:102FA0002F776F726B73706163652F626D5F7772DD
:102FB00061702F313730372F6D6265642D6F732F3D
:102FC00068616C2F6D6265645F63726974696361C7
:102FD0006C5F73656374696F6E5F6170692E630007
:102FE000216172655F696E74657272757074735F6A
:102FF000656E61626C6564282900000000000000B5
:103000000000000000000000000000009D300008EB
:103010009D3000089D3000089D300008912F000869
:10302000B5740008952F00089F2F000879760008D6
:10303000A92F0008AF2F0008B52F0008BB2F0008EC
:10304000C72F0008CB2F0008CF2F000878060020DC
:10305000494E4600696E66004E414E006E616E003C
:1030600030313233343536373839616263646566FE
:1030700000000000303132333435363738394142C0
:103080004344454600000000286E756C6C29000022
:103090003000000020202020202020202020202080
:1030A0002020202030303030303030303030303060
:1030B00030303030002020202020202020202828E0
:1030C00028282820202020202020202020202020E8
:1030D0002020202020881010101010101010101028
:1030E0001010101010040404040404040404041058
:1030F00010101010101041414141414101010101E6
:1031000001010101010101010101010101010101AF
:1031100010101010101042424242424202020202BB
:10312000020202020202020202020202020202027F
:10313000101010102000000000000000000000002F
:10314000000000000000000000000000000000007F
:10315000000000000000000000000000000000006F
:10316000000000000000000000000000000000005F
:10317000000000000000000000000000000000004F
:10318000000000000000000000000000000000003F
:10319000000000000000000000000000000000002F
:1031A000000000000000000000000000000000001F
:1031B00000000000000000004E614E00496E66698C
:1031C0006E6974790000000042616C6C6F6320735B
:1031D0007563636565646564000000002F6D6E743F
:1031E0002F776F726B73706163652F776F726B737C
:1031F000706163652F4743432D31302D70697065D1
:103200006C696E652F6A656E6B696E732D474343FB
:103210002D31302D706970656C696E652D333338D2
:103220005F32303231313031385F3136333435311D
:10323000363230332F7372632F6E65776C69622F6D
:103240006E65776C69622F6C6962632F7374646C4E
:1032500069622F64746F612E6300000043000000F8
:10326000504F5349580000002E0000002F6D6E741F
:103270002F776F726B73706163652F776F726B73EB
:10328000706163652F4743432D31302D7069706540
:103290006C696E652F6A656E6B696E732D4743436B
:1032A0002D31302D706970656C696E652D33333842
:1032B0005F32303231313031385F3136333435318D
:1032C000363230332F7372632F6E65776C69622FDD
:1032D0006E65776C69622F6C6962632F7374646CBE
:1032E00069622F6D707265632E630000000000003C
:1032F0000080E03779C34143176E05B5B5B89346F2
:10330000F5F93FE9034F384D321D30F94877825ABD
:103310003CBF737FDD4F1575000000000000F03FDB
:1033200000000000000024400000000000005940A0
:103330000000000000408F40000000000088C340F3
:1033400000000000006AF8400000000080842E4168
:1033500000000000D01263410000000084D79741B4
:103360000000000065CDCD41000000205FA00242BA
:10337000000000E876483742000000A2941A6D422F
:10338000000040E59C30A2420000901EC4BCD64222
:1033900000003426F56B0C430080E03779C34143CD
:1033A00000A0D8855734764300C84E676DC1AB4343
:1033B000003D9160E458E143408CB5781DAF154461
:1033C00050EFE2D6E41A4B4492D54D06CFF080443C
:1033D000F64AE1C7022DB544B49DD9794378EA4451
:1033E00005000000190000007D00000020202020C2
:1033F000202020202020202020202020303030308D
:1034000030303030303030303030303020202020FC
:10341000202020202020202020202020303030306C
:103420003030303030303030303030302C20667535
:103430006E6374696F6E3A200000000061737365FB
:103440007274696F6E2022257322206661696C6533
:10345000643A2066696C6520222573222C206C69F1
:103460006E65202564257325730A000000000000A6
:0834700094CDFE7F0100000075
:1034780000000000FF9191FF33000000434F4E46CB
:10348800494720524551000000000000000000009C
:103498000000000000000000000000000000000024
:1034A8000000000000000000000000000000000014
:1034B8000000000000000000000000000000000004
:1034C80000000000000000000000000000000000F4
:1034D80000000000000000000000000000000000E4
:1034E80052554E20524551000000000000000000D7
:1034F80000000000000000000000000000000000C4
:1035080000000000000000000000000000000000B3
:1035180000000000000000000000000000000000A3
:103528000000000000000000000000000000000093
:103538000000000000000000000000000000000083
:1035480000000000434F4E46494720434E460000C6
:103558000000000000000000000000000000000063
:103568000000000000000000000000000000000053
:103578000000000000000000000000000000000043
:103588000000000000000000000000000000000033
:103598000000000000000000000000000000000023
:1035A800000000000000000052554E20454E440027
:1035B8000000000000000000000000000000000003
:1035C80000000000000000000000000000000000F3
:1035D80000000000000000000000000000000000E3
:1035E80000000000000000000000000000000000D3
:1035F80000000000000000000000000000000000C3
:1036080000000000000000000000000052582041A7
:10361800424F525420524551000000000000000063
:103628000000000000000000000000000000000092
:103638000000000000000000000000000000000082
:103648000000000000000000000000000000000072
:103658000000000000000000000000000000000062
:103668000000000000000000000000000000000052
:1036780049444C4500000000000000000000000024
:103688000000000000000000000000000000000032
:103698000000000000000000000000000000000022
:1036A8000000000000000000000000000000000012
:1036B8000000000000000000000000000000000002
:1036C80000000000000000000000000000000000F2
:1036D80000000000434F4E4649475552494E4700A7
:1036E80000000000000000000000000000000000D2
:1036F80000000000000000000000000000000000C2
:1037080000000000000000000000000000000000B1
:1037180000000000000000000000000000000000A1
:103728000000000000000000000000000000000091
:10373800000000000000000052454144590000000C
:103748000000000000000000000000000000000071
:103758000000000000000000000000000000000061
:103768000000000000000000000000000000000051
:103778000000000000000000000000000000000041
:103788000000000000000000000000000000000031
:1037980000000000000000000000000052554E002C
:1037A8000000000000000000000000000000000011
:1037B8000000000000000000000000000000000001
:1037C80000000000000000000000000000000000F1
:1037D80000000000000000000000000000000000E1
:1037E80000000000000000000000000000000000D1
:1037F80000000000000000000000000000000000C1
:10380800FFFFFFFFFFFFFFFFFFFFFFFF00000000BC
:1038180000000000000000000000000000000000A0
:103828000000000000000000000000000000000090
:103838000000000000000000000000000000000080
:103848000000000000000000000000000000000070
:103858000000000000000000000000000000000060
:103868000000000000000000000000000000000050
:103878000000000000000000000000000000000040
:103888000000000000000000000000000000000030
:103898000000000000000000000000000000000020
:1038A8000000000000000000000000000000000010
:1038B8000000000000000000000000000000000000
:1038C80000000000000000000000000000000000F0
:1038D80000000000000000000000000000000000E0
:1038E80000000000000000000000000000000000D0
:1038F80000000000000000000000000000000000C0
:10390800703100200024F4007F6F00084D3A000851
:10391800A539000831380008193900087806002050
:103928000000000064090020CC090020340A0020AF
:10393800000000000000000000000000000000007F
:10394800000000000000000000000000000000006F
:10395800000000000000000000000000000000005F
:10396800000000000000000000000000000000004F
:10397800000000000000000000000000000000003F
:10398800000000000000000000000000000000002F
:10399800000000000000000000000000000000001F
:1039A800000000000000000000000000000000000F
:1039B80000000000000000000000000000000000FF
:1039C80000000000000000000100000000000000EE
:1039D8000E33CDAB34126DE6ECDE05000B000000B3
:1039E80000000000000000000000000000000000CF
:1039F80000000000000000000000000000000000BF
:103A080000000000000000000000000000000000AE
:103A1800000000000000000000000000000000009E
:103A2800000000000000000000000000000000008E
:103A3800000000000000000000000000000000007E
:103A4800000000000000000000000000000000006E
:103A5800000000000000000000000000000000005E
:103A6800000000000000000000000000000000004E
:103A7800000000000000000000000000000000003E
:103A8800000000000000000000000000000000002E
:103A9800000000000000000000000000000000001E
:103AA800000000000000000000000000000000000E
:103AB80000000000000000000000000000000000FE
:103AC80000000000000000000000000000000000EE
:103AD80000000000000000000000000000000000DE
:103AE80000000000000000000000000000000000CE
:103AF80000000000000000000000000000000000BE
:103B080000000000000000000000000000000000AD
:103B1800000000000000000000000000000000009D
:103B2800000000000000000000000000000000008D
:103B3800000000000000000000000000000000007D
:103B4800000000000000000000000000000000006D
:103B5800000000000000000000000000000000005D
:103B6800000000000000000000000000000000004D
:103B7800000000000000000000000000000000003D
:103B8800000000000000000000000000000000002D
:103B9800000000000000000000000000000000001D
:103BA800000000000000000000000000000000000D
:103BB80000000000000000000000000000000000FD
:103BC80000000000000000000000000000000000ED
:103BD80000000000000000000000000000000000DD
:103BE80000000000000000000000000000000000CD
:103BF80000000000000000000000000000000000BD
:103C080000000000000000000000000000000000AC
:103C1800000000000000000000000000000000009C
:103C2800000000000000000000000000000000008C
:103C3800000000000000000000000000000000007C
:103C4800000000000000000000000000000000006C
:103C5800000000000000000000000000000000005C
:103C6800000000000000000000000000000000004C
:103C7800000000000000000000000000000000003C
:103C8800000000000000000000000000000000002C
:103C9800000000000000000000000000000000001C
:103CA800000000000000000000000000000000000C
:103CB80000000000000000000000000000000000FC
:103CC80000000000000000000000000000000000EC
:103CD80000000000000000000000000000000000DC
:103CE80000000000000000000000000000000000CC
:103CF80000000000000000000000000000000000BC
:103D080000000000000000000000000000000000AB
:103D1800000000000000000000000000000000009B
:103D2800000000000000000000000000000000008B
:103D3800000000000000000000000000000000007B
:103D48000000000000000000430000000000000028
:103D5800000000000000000000000000000000005B
:103D68000000000000000000430000000000000008
:103D7800000000000000000000000000000000003B
:103D880000000000000000004300000000000000E8
:103D9800000000000000000000000000000000001B
:103DA80000000000000000004300000000000000C8
:103DB80000000000000000000000000000000000FB
:103DC80000000000000000004300000000000000A8
:103DD80000000000000000000000000000000000DB
:103DE8000000000000000000430000000000000088
:103DF80000000000000000000000000000000000BB
:103E08000000000000000000430000000000000067
:103E1800000000000000000000000000000000009A
:103E28000000000000000000ADF3000845C10008D4
:103E380000000000B4300108683201083834010875
:103E48003834010838340108383401083834010896
:103E58003834010838340108383401083834010886
:103E6800FFFFFFFFFFFFFFFFFFFFFFFFFFFF000058
:103E780001004153434949000000000000000000D0
:103E8800000000000000000000000000000000002A
:103E980000004153434949000000000000000000B1
:103EA800000000000000000000000000000000000A
:103EB8000000000000000000000000000C0C0020C2
:103EC8000C0C0020140C0020140C00201C0C0020EA
:103ED8001C0C0020240C0020240C00202C0C00209A
:103EE8002C0C0020340C0020340C00203C0C00204A
:103EF8003C0C0020440C0020440C00204C0C0020FA
:103F08004C0C0020540C0020540C00205C0C0020A9
:103F18005C0C0020640C0020640C00206C0C002059
:103F28006C0C0020740C0020740C00207C0C002009
:103F38007C0C0020840C0020840C00208C0C0020B9
:103F48008C0C0020940C0020940C00209C0C002069
:103F58009C0C0020A40C0020A40C0020AC0C002019
:103F6800AC0C0020B40C0020B40C0020BC0C0020C9
:103F7800BC0C0020C40C0020C40C0020CC0C002079
:103F8800CC0C0020D40C0020D40C0020DC0C002029
:103F9800DC0C0020E40C0020E40C0020EC0C0020D9
:103FA800EC0C0020F40C0020F40C0020FC0C002089
:103FB800FC0C0020040D0020040D00200C0D002036
:103FC8000C0D0020140D0020140D00201C0D0020E5
:103FD8001C0D0020240D0020240D00202C0D002095
:103FE8002C0D0020340D0020340D00203C0D002045
:103FF8003C0D0020440D0020440D00204C0D0020F5
:104008004C0D0020540D0020540D00205C0D0020A4
:104018005C0D0020640D0020640D00206C0D002054
:104028006C0D0020740D0020740D00207C0D002004
:104038007C0D0020840D0020840D00208C0D0020B4
:104048008C0D0020940D0020940D00209C0D002064
:104058009C0D0020A40D0020A40D0020AC0D002014
:10406800AC0D0020B40D0020B40D0020BC0D0020C4
:10407800BC0D0020C40D0020C40D0020CC0D002074
:10408800CC0D0020D40D0020D40D0020DC0D002024
:10409800DC0D0020E40D0020E40D0020EC0D0020D4
:1040A800EC0D0020F40D0020F40D0020FC0D002084
:1040B800FC0D0020040E0020040E00200C0E002031
:1040C8000C0E0020140E0020140E00201C0E0020E0
:1040D8001C0E0020240E0020240E00202C0E002090
:1040E8002C0E0020340E0020340E00203C0E002040
:1040F8003C0E0020440E0020440E00204C0E0020F0
:104108004C0E0020540E0020540E00205C0E00209F
:104118005C0E0020640E0020640E00206C0E00204F
:104128006C0E0020740E0020740E00207C0E0020FF
:104138007C0E0020840E0020840E00208C0E0020AF
:104148008C0E0020940E0020940E00209C0E00205F
:104158009C0E0020A40E0020A40E0020AC0E00200F
:10416800AC0E0020B40E0020B40E0020BC0E0020BF
:10417800BC0E0020C40E0020C40E0020CC0E00206F
:10418800CC0E0020D40E0020D40E0020DC0E00201F
:10419800DC0E0020E40E0020E40E0020EC0E0020CF
:1041A800EC0E0020F40E0020F40E0020FC0E00207F
:1041B800FC0E0020040F0020040F00200C0F00202C
:1041C8000C0F0020140F0020140F00201C0F0020DB
:1041D8001C0F0020240F0020240F00202C0F00208B
:1041E8002C0F0020340F0020340F00203C0F00203B
:1041F8003C0F0020440F0020440F00204C0F0020EB
:104208004C0F0020540F0020540F00205C0F00209A
:104218005C0F0020640F0020640F00206C0F00204A
:104228006C0F0020740F0020740F00207C0F0020FA
:104238007C0F0020840F0020840F00208C0F0020AA
:104248008C0F0020940F0020940F00209C0F00205A
:104258009C0F0020A40F0020A40F0020AC0F00200A
:10426800AC0F0020B40F0020B40F0020BC0F0020BA
:10427800BC0F0020C40F0020C40F0020CC0F00206A
:10428800CC0F0020D40F0020D40F0020DC0F00201A
:10429800DC0F0020E40F0020E40F0020EC0F0020CA
:1042A800EC0F0020F40F0020F40F0020FC0F00207A
:1042B800FC0F00200410002004100020FFFFFFFF67
:1042C80000000200E90100081103000825080008A1
:1042D800B10B0008710D0008650F00081D200008CB
:0C42E8004924000835670008C5010008E3
:04000005080040812E
:00000001FF
