:020000040800F2
:100000000000022069430008B5430008B54300081A
:10001000B5430008B5430008B543000800000000E0
:10002000000000000000000000000000B5430008D0
:10003000B543000800000000B5430008B5430008C0
:10004000B5430008B5430008B5430008B5430008B0
:10005000B5430008B5430008B5430008B5430008A0
:10006000B5430008B5430008B5430008B543000890
:10007000B5430008B5430008B5430008B543000880
:10008000B5430008B5430008B5430008CD2B000870
:10009000D12B0008B5430008C12B0008B543000868
:1000A000B5430008B5430008B5430008B543000850
:1000B000B5430008B5430008B5430008B543000840
:1000C000B5430008B5430008B5430008B543000830
:1000D000B5430008B5430008B5430008B543000820
:1000E000B5430008B5430008B5430008B543000810
:1000F000B5430008B5430008B5430008B543000800
:10010000B5430008B5430008B5430008B5430008EF
:10011000B5430008B5430008B5430008B5430008DF
:10012000B5430008B5430008B5430008B5430008CF
:10013000B54300080000000000000000E12B0008AB
:10014000E52B0008B5430008D52B0008B54300088F
:10015000B5430008B5430008B5430008B54300089F
:10016000B5430008B5430008B5430008B54300088F
:10017000B5430008B5430008B5430008000000007F
:1001800000000000B543000800000000000000006F
:10019000B54300080000000000000000B54300085F
:1001A000000000000000000000000000B54300084F
:1001B000B5430008B5430008B5430008B54300083F
:1001C000B54300080348044B834202D0034B03B1FC
:1001D00018477047780D0020780D002000000000BF
:1001E0000548064B1B1AD90F01EBA301491002D099
:1001F000034B03B118477047780D0020780D00209D
:100200000000000010B5064C237843B9FFF7DAFF71
:10021000044B13B10448AFF300800123237010BDD9
:10022000780D0020000000004C4A010808B5054B7D
:100230001BB105490548AFF30080BDE80840FFF752
:10024000CFBF00BF000000007C0D00204C4A010819
:10025000A3F5803A704700BF174B002B08BF134B24
:100260009D46FFF7F5FF00218B460F461348144AC1
:10027000121A0AF0ABFE0E4B002B00D098470D4B24
:10028000002B00D098470020002104000D000D48ED
:10029000002802D00C4803F0B2F80AF0FFFF20005B
:1002A000290003F039FB03F0A7F800BF00000800A5
:1002B000000000000939000800000220780D00202D
:1002C000B0390020FF3300080000000010B5094BD2
:1002D000036003F1200280330446C0F8BC20C0F85C
:1002E000C030BC3007F0E0FA204606F0BBFD2046E7
:1002F00010BD00BFE0430108A0F1BC00E6E7A0F19B
:10030000C000E3E7094C0A4D0A492A780A4808B5B3
:10031000237807F0DBFA287800F0D0F8207800F096
:100320001FFC00F0E9F800F021FCFAE7CC01002006
:10033000CD01002040270108500E002010B50446D2
:10034000FFF7C4FF204603F0C0F9204610BDA0F11E
:10035000BC00F3E7A0F1C000F0E7000007B54FF4E0
:1003600016530093032200230221054806F010F9DA
:10037000044A0549024803B05DF804EB03F03AB8BB
:10038000940D0020C8010020CD0200080FB407B56D
:10039000064B04AA1B6852F8041BD868019209F0A6
:1003A000C3FC03B05DF804EB04B07047F407002011
:1003B00008B5074B1A78074B1B789A4205D10648B7
:1003C0001146FFF7E3FF012008BD0020FCE700BF56
:1003D000CF010020CE01002059270108024B1870E0
:1003E000062000F00DBA00BF6C0E002038B505469F
:1003F000FFF7DEFF0128044605D104482946FFF730
:10040000C5FF204638BD024B1D70FAE7982701084A
:10041000CE01002038B50B4D0446024629460A4855
:100420000BF08EF9094B1C70094B1A78121BD2B2D3
:100430001A702AB1291928460BF082F9012038BD1B
:100440001046FCE707100020760E0020740E0020F6
:100450000610002038B5054610460C46FFF7C6FFCB
:10046000012808D1072000F0E7F920B1BDE83840A5
:10047000072000F0E1B9192C2246294609D80B487B
:100480000BF05EF90A4B1C70BDE83840042000F008
:10049000B7B908480BF054F9074B1A201C70FFF746
:1004A000B9FF072000F0ACF9EEE700BF760E0020A0
:1004B000740E0020071000200610002010B50A4B13
:1004C0000A4C00221A70207000F0B0F9FFF770FF9C
:1004D000207800F01BFA064800F044FDBDE810400B
:1004E000044800F045BD00BFCE010020CF01002030
:1004F00055040008DD0300082DE9F347994B9A4C99
:100500001A782578AA4218BF1D70012D00F0AE8020
:10051000022D00F0D180002D40F02081062000F057
:100520008BF978B1914B187800F00CFAB0FA80F0A2
:10053000400900F004FD2570062002B0BDE8F04738
:1005400000F068B9032000F077F900283ED000F0F1
:1005500007FA074600F00AFA054600F00BFA0646CD
:1005600000F01AFA8046284600F025F9284600F0E7
:1005700045F9814600F00AFA824600F001FA023E8F
:1005800000905346F2B23946484600F0B9FCB8F143
:10059000000F03D0002323700320CEE7284600F08D
:1005A0002BF9734A1378984208BF431C284608BFAA
:1005B000137000F021F901466E4800F006F96D480D
:1005C0003A46032100F0B4F90123E4E7042000F0E7
:1005D00033F928B3664D684B2E781F78072000F05A
:1005E0002BF9B0FA80F040093246644900903B464E
:1005F0006348644E00F0F0F8634B3278187001469F
:100600005F4800F095F93378FF2B1EBF2B7801333C
:100610002B705E4B00221A700123237004208CE79C
:10062000072000F009F950B1042000F0E9F81A2081
:10063000FFF7F0FE002840F0918007207DE700F0F2
:10064000FBF808B1002078E7012000F0F5F808B1C8
:10065000012072E700F0F0F808B102206DE70520F4
:1006600000F0EAF8002879D0052066E7284600F077
:10067000E3F8064670B100F0AFF9012808D0052074
:1006800000F0DAF8003818BF012040002070DFE7E2
:100690000220FBE700F0D0F800285FD0394B1B7830
:1006A000FF2B04D12846267000F046FCCAE702233F
:1006B000237000F0C5F9C5E7284600F0BDF80546EF
:1006C000D0B100F053F905462D4800F095F80646E4
:1006D000284600F091F8864207D100F071F9002316
:1006E0000120237000F028FCB7E7254800F084F8CB
:1006F000284600F081F8B0E7052000F09DF8E0B151
:10070000224E3378092B0BD91D4800F075F80146AD
:100710001F48FFF73BFE2846257000F00DFCA3E7BD
:10072000184B17481A78184B197800F001F93378EC
:10073000013333700123237096E7032000F07CF827
:1007400000287FF404AF00F077F800287FF47AAF38
:10075000012000F071F800287FF47AAF02B0BDE804
:10076000F08700BF07140020081400206C0E002042
:10077000730E00206D0E0020740E0020760E0020F7
:100780003E0F0020CE010020750E0020720E0020CA
:10079000BD270108024B1A78024B1A70704700BF40
:1007A00008140020071400200078013801288CBFAD
:1007B0000020012070470078431E5842584170477E
:1007C0000078B0FA80F040097047002303700123DD
:1007D000417083700320704710B51C469DF80830A7
:1007E0004270012B18BF02230370224602300AF028
:1007F000A7FFA01CC0B210BD407870470230704700
:10080000034A0123116883400B431360704700BF04
:100810000C140020044A012303FA00F0136823EAB1
:1008200000031360704700BF0C140020014B00222E
:100830001A6070470C140020024A0123834010689C
:10084000184070470C140020054B1B785A1E012AD3
:1008500002D80020FFF7D4BF0BB90120FAE7704798
:1008600048140020F8B507460C4615461E4607F00A
:10087000A9F807EE900AFAEEE07AF5EEC07AF1EE0A
:1008800010FA21DD2A46214610480AF059FF104B84
:100890001F70104B1D7002F0B3F80F4B187002F070
:1008A000A9F80E4B18800E4B20461E70FFF77CFFF8
:1008B00020B10320BDE8F840FFF7A2BF2046FFF7B4
:1008C0007FFF08B10220F5E7F8BD00BF1614002035
:1008D00015140020141400201114002012140020FC
:1008E000101400200FB407B5064B07491B6805AA72
:1008F000D868019209F018FA03B05DF804EB04B06F
:10090000704700BFF4070020FB27010810B504461C
:10091000002006F0B1FE07F04DF82046024A0349D8
:10092000BDE8104002F008B8650800084908000852
:1009300010B5044602F022F8014B22781A7010BD5F
:100940004814002010B502F061F8044618B10146C1
:100950000248FFF7C7FF204610BD00BFFB27010874
:10096000014B1878704700BF1514002000487047ED
:1009700016140020014B1878704700BF1414002093
:10098000014BB3F90000704712140020014B93F99A
:100990000000704711140020014B1878704700BF09
:1009A00010140020036818470B68036070477047F5
:1009B000024B002205201A70FFF722BF49140020C5
:1009C00008B5034805F031FD024B00221A7008BD3E
:1009D0005014002049140020014B1878704700BFC4
:1009E00049140020C36810B504460BB19B689847B2
:1009F000204610BD38B50546064B45F8283B044651
:100A000005F013FD2846FFF7EDFF204605F0D8FC62
:100A1000204638BD9443010810B50446FFF7EAFFAD
:100A2000204602F052FE204610BD000010B5034BD8
:100A300003600446FFF7DEFF204610BDA84301080F
:100A400070B52DED028B88B006F0BCFF1022044675
:100A5000002168460AF0BAFA244B0093032394FB62
:100A6000F3F303EB4303E41A0234E4B2204D03959D
:100A700007EE904AB8EE678A1DB1694604A8FFF7F1
:100A800093FFDFED1C7A079568EE277A1A4E17EE72
:100A9000900A10F05BFE05460C4606F031FA736BC7
:100AA00023B996F838300BB105F0D4FF1348FFF79F
:100AB00099FF079B1BB15B68104804A99847079BE7
:100AC0000D4873632A46234605F097FC06F02EFA7C
:100AD00004A8FFF787FF6846FFF784FF084B012251
:100AE0001A7008B0BDEC028B70BD00BFB1090008E0
:100AF000E43E0108002474495014002078140020BA
:100B00004914002010B50446FFF790FF204602F07C
:100B1000DCFD204610BD000008B50C4805F028FC9F
:100B20000A480B4B40F8283B102200210AF04EFAED
:100B3000064A08490548012382F83830064B1360FD
:100B4000BDE80840054A02F055BC00BF5014002023
:100B5000944301082D0A0008A8430108C801002099
:100B6000014B1870704700BF901400202DE9F04130
:100B7000A44AA54D11782B78994218BF1370012B08
:100B800000F0DC80022B00F0A580002B40F03881C3
:100B900000F00CFB28B900F00FFB9C499C4806F0C4
:100BA00095FE022000F0A4F940B39A4CDFF89C8235
:100BB000276800F0CBF9236808F8070018F803202D
:100BC000912A03D0D02A01D0592A6CD100F0C4F95F
:100BD0002268914918F80220034607468C4806F01F
:100BE00075FE22688D4B8E4923F812700132226007
:100BF000874806F06BFE022000F06EF9032000F03B
:100C000077F9E0B187498248874F844C06F05EFE51
:100C1000804B0021D3F800C0B7F900300A46944554
:100C200043DC824C09B13B80266023685A1C46D1C4
:100C30007F49774806F04AFE032000F04DF9042072
:100C400000F056F9002800F0DB807A497A487B4CA6
:100C50000AF0C6FC78497A480AF0C2FC794B22783F
:100C60001B687748C821984722787749684806F07A
:100C70002DFE0024674B75481C60642221460AF053
:100C8000A5F9C822214665480AF0A0F900F082FAC9
:100C90006F495F4806F01AFE02232B700420BDE85E
:100CA000F04100F019B96B49A2E734F9020B834215
:100CB000AEBF18461646012101320346AFE7634A2C
:100CC000D25C5E4B04201A7000F0FCF84FF0FF334A
:100CD0002360B1E700F0E8F928B900F0EBF95E49CC
:100CE0004B4806F0F3FD022000F002F9C8B100F015
:100CF00029F95A490AF004FB98B95949444806F0C1
:100D0000E5FD4E4B57491A78574B41481A7006F08B
:100D1000DDFD00F0BDF955493D4806F0D7FD012342
:100D20002B70032000F0E4F8002869D050493848BF
:100D300006F0CCFD00232B700320B0E700F032F961
:100D400028B94C49324806F0C1FD00F031F90220C3
:100D500000F0CEF888B100F0F9F8434B1B788342DD
:100D600004462BD100F0F8F82F4B188000F00EF954
:100D700000F01EF9022000F0AFF8042000F0B8F8EF
:100D800088B12D492E480AF02BFC2E4B2B4A1B68AC
:100D90002B481278C821984700F0F8F80223042065
:100DA0002B7000F099F8032000F0A2F840B332490C
:100DB000174806F08BFD00F0E9F8BBE7912803D057
:100DC000D02801D05928D5D100F0C6F8164AB2F97A
:100DD000001002B291420346CCDC224627490C485F
:100DE00006F074FD134914480AF0FAFB134B042073
:100DF0001C7000F067F82249054806F067FDB9E766
:100E0000BDE8F0818C2900208D2900202D280108C3
:100E1000501500209029002040280108F8290020C2
:100E20005428010882280108D0010020D4010020A4
:100E300096280108AC28010874190020901400209D
:100E40006C150020CC2A0020B62801089429002027
:100E5000CD2801085D280108DF280108372901088D
:100E6000F128010804290108C02A00201B290108D3
:100E70002C290108402901088F2901084D29010862
:100E80007329010807B50A4B0A481A780A4B1A70E9
:100E90004FF41653009303220023022105F078FB40
:100EA000064A0749034803B05DF804EB02F0A2BA12
:100EB0008D290020941400208C290020C8010020D6
:100EC000CD020008034A0123116883400B431360DD
:100ED000704700BFC42A0020044A012303FA00F02F
:100EE000136823EA00031360704700BFC42A002080
:100EF000024A01238340106818407047C42A00202A
:100F000070B50C4601460848BDF9106015460AF058
:100F100017FC064B1D70064B1E80064B1C70BDE86F
:100F200070400220FFF7CEBFD52A0020D42A00202F
:100F3000D22A0020D02A00200520FFF7C3BF0620B8
:100F4000FFF7C0BF00487047D52A0020014B187832
:100F5000704700BFD02A0020014BB3F90000704752
:100F6000D22A0020014B1860704700BFCC2A002015
:100F7000014B1860704700BFC82A0020024B0022B6
:100F800003201A70FFF79EBFD52E002008B5034836
:100F900005F04BFA024B00221A7008BDD82E002033
:100FA000D52E0020014B1878704700BFD52E0020A9
:100FB00010B588B01A4C1022002168460AF006F8D5
:100FC000184B009303941CB1694604A8FFF7ECFC8E
:100FD0000794154C05F094FF636B23B994F83830EF
:100FE0000BB105F037FD1148FFF7FCFC079B1BB167
:100FF0005B680E4804A99847079B0D4A0A4863633B
:10100000002305F0FAF905F091FF04A8FFF7EAFCC8
:101010006846FFF7E7FC074B01221A7008B010BDC5
:10102000E43E01087D0F0008D82E0020002F00208C
:1010300080969800D52E002008B50C4805F098F948
:101040000A480B4B40F8283B1022002109F0BEFF54
:10105000064A08490548012382F83830064B1360D8
:10106000BDE80840054A02F0C5B900BFD82E0020EF
:10107000944301082D0A0008A8430108C801002074
:10108000024B002203201A70FFF71CBF182F00200C
:1010900008B5034805F0C9F9024B00221A7008BDD3
:1010A000202F0020182F0020014B1878704700BF18
:1010B000182F002010B588B01A4C10220021684665
:1010C00009F084FF184B009303941CB1694604A8EF
:1010D000FFF76AFC0794154C05F012FF636B23B908
:1010E00094F838300BB105F0B5FC1148FFF77AFCE5
:1010F000079B1BB15B680E4804A99847079B0D4AE4
:101100000A486363002305F078F905F00FFF04A88F
:10111000FFF768FC6846FFF765FC074B01221A7071
:1011200008B010BDE43E010881100008202F002007
:10113000482F002080969800182F002008B50C48F2
:1011400005F016F90A480B4B40F8283B1022002105
:1011500009F03CFF064A08490548012382F8383067
:10116000064B1360BDE80840054A02F043B900BFD2
:10117000202F0020944301082D0A0008A8430108ED
:10118000C8010020024B002203201A70FFF79ABE0C
:10119000602F002008B5034805F047F9024B0022F4
:1011A0001A7008BD682F0020602F0020014B1878AE
:1011B000704700BF602F002010B588B01E4C102271
:1011C0000021684609F002FF1C4B009303941CB1F8
:1011D000694604A8FFF7E8FB0794194C05F090FE58
:1011E000636B23B994F838300BB105F033FC154824
:1011F000FFF7F8FB079B1BB15B68124804A99847EF
:10120000079B0F4863630AA3D3E9002305F0F5F8B1
:1012100005F08CFE04A8FFF7E5FB6846FFF7E2FB4C
:10122000094B01221A7008B010BD00BFAFF3008057
:10123000404B4C0000000000E43E0108851100080E
:10124000682F0020902F0020602F002008B50C4848
:1012500005F08EF80A480B4B40F8283B102200217D
:1012600009F0B4FE064A08490548012382F83830DF
:10127000064B1360BDE80840054A02F0BBB800BF4A
:10128000682F0020944301082D0A0008A843010894
:10129000C80100200FB407B5064B04AA1B6852F81A
:1012A000041BD868019208F03FFD03B05DF804EB21
:1012B00004B07047F4070020002000F05BBF00007E
:1012C0002DE9F041BDF81C50B5F5806F06460C467F
:1012D00090461F4606D322482946FFF7DBFF06202B
:1012E000BDE8F081022000F0A1FC08B10720F7E77B
:1012F0003146022000F0F6FC4FFA88F1022000F09F
:101300002DFD3946022000F047FD0699022000F02D
:1013100061FD2146022000F0C7FC8EB90B3C012C78
:1013200012D80121022000F0A1FC7DB90121022088
:1013300000F06EFD00F0D6FD0130D7D00020CFE7E1
:10134000012E01D10C2CECD00021EBE70021022072
:1013500000F05EFD2946022000F078FDEAE700BFBC
:10136000AA2901087047000084B038B504AC84E8AD
:101370000F000220DDE9085400F058FC20B10720DE
:10138000BDE8384004B070470C2C15D921461148EF
:10139000FFF780FF0C21022000F086FCA5B90B3C72
:1013A000012C15D80121022000F060FC00F09AFD0C
:1013B0000130E4D00020E3E7052CEFD821460548B2
:1013C000FFF768FF0621E6E7012D01D10C2CE9D0DB
:1013D0000021E8E73A2A01080FB407B5064B074990
:1013E0001B6805AAD868019208F09EFC03B05DF85E
:1013F00004EB04B0704700BFF4070020632A010823
:1014000084B010B502AC84E80F009DF80D100129DE
:1014100005D0BDE81040254804B0FFF7DDBF9DF8BA
:10142000293033205BB301F009F840F04101C9B223
:10143000332000F0F8FF19213B2000F0F4FF9DF865
:1014400027309DF82A402BB31D21112000F0EBFF1F
:10145000402000F0F3FF00F03301402000F0E3FFF4
:1014600000210F2000F0DFFF00210D2000F0DBFF46
:10147000D4B10520BDE8104004B001F015B800F06B
:10148000DDFF00F0BE0141F00101332000F0CBFF91
:101490001D21D1E71F21112000F0C5FF402000F0E1
:1014A000CDFF00F03F01D8E70620E3E7632A0108FB
:1014B00084B02DE9F04106AC84E80F000898BDF82F
:1014C00032609DF83450BDF842700B9CDDF82880E6
:1014D00000F0CAFF1D2000F0B1FF9DF831309DF8EB
:1014E000301041EAC3019DF8363041EA881141EAE3
:1014F000430141EA8501C9B21D2000F094FF1E207E
:1015000000F09CFFC7F3012100F00C0041EA041138
:101510000143C9B21E2000F086FFF9B21F2000F07F
:1015200082FF310A202000F07EFFF1B2212000F07E
:101530007AFF25B19DF83510222000F074FF9DF848
:1015400037306BB14B2000F079FF60F07F01C9B2FA
:101550004B2000F068FF9DF83810242000F063FF56
:10156000062C4FF031000FD100F068FF00F0F801B9
:1015700041F00501312000F056FF0C21BDE8F0419B
:10158000372004B000F04FBF00F058FF00F0F80122
:1015900041F00301312000F046FF0A21EEE78021EF
:1015A000122000F040BF4021122000F03CBF07B5E0
:1015B000122000F043FF8DF807009DF80700C0F3EC
:1015C000401003B05DF804FB2021122000F02BBF77
:1015D00008B5192000F032FF030643BF4042C0F3B4
:1015E0008500404240F3870008BD84B010B502ACCE
:1015F00084E80F009DF938401A2000F01FFF002CEE
:10160000B8BF8B3C4FEA2013B8BF0019BDE81040AB
:10161000A8BF8B38184400B204B0704738B50546EF
:10162000132000F00BFF04460146284600F016FF89
:10163000204638BD0FB407B5064B04AA1B6852F804
:10164000041BD868019208F06FFB03B05DF804EB4F
:1016500004B07047F407002008B528B90848FFF720
:10166000E9FF4FF0FF3008BD402905D90548FFF7D5
:10167000E1FF6FF00100F6E7BDE8084000F0CEBDE5
:10168000A22A0108CE2A0108F8B5074601200D4616
:1016900014461E4600F0CAFA08B10720F8BD3946C4
:1016A000012000F03DFB2946012000F01BFB71B238
:1016B000012000F053FBBDF81810012000F06CFB76
:1016C0000799012000F086FB2146012000F0ECFA8A
:1016D00065B90B3C012C0DD80121012000F0C6FAA0
:1016E00000F0D2FB0130D8D00020D7E7012D01D186
:1016F0000C2CF1D00021F0E784B038B504AC84E8BC
:101700000F000120DDE9085400F090FA20B1072015
:10171000BDE8384004B070479DF91C0000F010FC93
:1017200050BB012000F082FA0028F0D10C2C15D912
:1017300021461248FFF77EFF0C21012000F0B4FA89
:10174000A5B90B3C012C15D80121012000F08EFA1F
:1017500000F09AFB0130DAD00020D9E7052CEFD851
:1017600021460648FFF766FF0621E6E7012D01D175
:101770000C2CE9D00021E8E70120C9E73A2A01084A
:101780000FB407B5064B07491B6805AAD868019234
:1017900008F0CAFA03B05DF804EB04B0704700BF6C
:1017A000F4070020082B010884B070B504AC84E86D
:1017B0000F0009209DF9404000F040FE06465A20E7
:1017C00000F03CFE9DF8103003F0FD03012B14BF28
:1017D00000238023054606F07F001843030600F02F
:1017E000F00127D5112CCBBF45F0070505F0F80512
:1017F000EDB245F0040505F00703072B12D1142CB8
:10180000A8BF1424052CB8BF0524631F1943C9B20F
:10181000092000F008FE2946BDE870405A2004B0B7
:1018200000F001BE112CA8BF1124022CB8BF022465
:10183000A31EEBE70E2CA8BF0E2444EAE474013487
:101840002143E4E784B008B50DF1080C8CE80F00E3
:101850009DF80D10012905D0BDE80840124804B0DC
:10186000FFF78EBF9DF827309BB1F521112000F0C6
:10187000DAFD402000F0E2FD00F03301402041F0AD
:10188000400100F0D0FDBDE80840032004B000F0A6
:101890000BBEF721112000F0C6FD402000F0CEFD68
:1018A00000F03F01EAE700BF082B010884B02DE9F2
:1018B000F0418AB010AC84E80F009DF94C300893D9
:1018C00014AD0FCD6C46159EBDF85A70DDF85080F2
:1018D0000FC495E80F0084E80F0010AB0FCBFFF7A3
:1018E00063FF129800F0C0FD9DF85F306BB14B2094
:1018F00000F0A4FD60F07F01C9B24B2000F093FD21
:101900009DF86010242000F08EFD1D2000F096FD53
:101910009DF859309DF8581041EAC3019DF85C309C
:1019200041EA881141EA83019DF85E3041EA4301B2
:10193000C9B21D2000F077FD1E2000F07FFD00F0F1
:101940000F0141EA0611C9B21E2000F06CFD390AF0
:10195000202000F068FD2120F9B200F064FD062E81
:101960004FF0310010D100F069FD00F0F80141F0B6
:101970000501312000F057FD0C2137200AB0BDE8E9
:10198000F04104B000F04FBD00F058FD00F0F80148
:1019900041F00301312000F046FD0A21EDE7082166
:1019A000122000F040BD08B568B1332000F046FDBC
:1019B00000F0BE01332000F036FD19213B20BDE8C8
:1019C000084000F030BD332000F038FD00F0BE01CB
:1019D00041F00101332000F026FD1D21EEE738B56E
:1019E000044622200D4600F01EFD00210E2000F0CE
:1019F0001AFD00210D2000F016FD012000F01EFD53
:101A000030F0F80304D100F07DFD012005F028FD41
:101A100029462046BDE8384000F01BBD0FB407B58D
:101A2000064B04AA1B6852F8041BD868019208F000
:101A30007BF903B05DF804EB04B07047F4070020B5
:101A400010B50A4C21788142024605D00848FFF7BC
:101A5000E5FF4FF0FF3004E0022001F001F808B983
:101A6000207010BD0348FFF7D9FFF2E720300020B7
:101A70003C3301089233010808B5044804F0D5FC52
:101A800000F043FD024B01221A7108BDB02F002067
:101A9000F02F002013B5174C2379022B03D0032B12
:101AA00019D002B010BDFFF75DFCFFF7E5FF032082
:101AB00000F0D6FF012808D000230F4A00931468D5
:101AC00019461A460120A047EBE70C4802B0BDE8D2
:101AD0001040FFF7A3BF204600F05AFD94F82800FD
:101AE00000F047FD0123237102B0BDE8104000F073
:101AF000E7BF00BFF02F0020243000201233010880
:101B00002DE9F041354C267988B046B1344831464C
:101B1000FFF784FF4FF0FF3008B0BDE8F081314B94
:101B20001860314B31481960FFF778FF4FF480702F
:101B300005F030FF2E4B186028B92E48FFF76EFFD6
:101B40006FF00100E8E74FF4FA6262620E2222733E
:101B50000B22294B626108224FF00108A3606283C7
:101B600004230522204684F820306285237084F8FF
:101B700005802677E67784F81E8084F82160266148
:101B800084F81980667784F8228084F8288000F031
:101B9000FFFC2546014605F8100B1848FFF73EFFED
:101BA0000FCD6F460FC795E80F0087E80F0094E848
:101BB0000F00FFF7A1FDA5F1100CBCE80F006F4668
:101BC0000FC795E80F0087E80F0094E80F00FFF7B4
:101BD000CBFB84F8048030469EE700BFF02F002046
:101BE000092C010828300020243000205A2C01083C
:101BF000A82F0020872C01082021F636C12C0108CF
:101C000008B5042000F02CFF012805D10648FFF795
:101C100005FF4FF0FF3008BDFFF72EFF022000F058
:101C20001FFF0020F7E700BFD72C010838B5054695
:101C300018B90A48FFF7F2FE05E0094C217829B1EE
:101C40000848FFF7EBFE4FF0FF3004E0084600F0D5
:101C500007FF08B9257038BD0348EBE7E7300108F6
:101C600020300020243101086731010838B50446CE
:101C70000D4600F01FFF0128084B06D11A78A2423A
:101C800003D1074B00201D7638BD06481A7821463F
:101C9000FFF7C4FE4FF0FF30F6E700BF2030002012
:101CA000F02F00208830010838B504460D4600F0BA
:101CB00001FF0128084B06D11A78A24203D1074B35
:101CC00000205D6138BD06481A782146FFF7A6FE60
:101CD0004FF0FF30F6E700BF20300020F02F00204B
:101CE0002930010838B504460D4600F0E3FE01280E
:101CF000084B06D11A78A24203D1074B00201D6180
:101D000038BD06481A782146FFF788FE4FF0FF30AD
:101D1000F6E700BF20300020F02F00209B310108A3
:101D200038B504460D4600F0C5FE0128084B06D123
:101D30001A78A24203D1074B00201D7338BD064814
:101D40001A782146FFF76AFE4FF0FF30F6E700BF32
:101D500020300020F02F0020AD2E010838B50446B9
:101D60000D4600F0A7FE0128084B06D11A78A242C2
:101D700003D1074B00205D7638BD06481A7821460E
:101D8000FFF74CFE4FF0FF30F6E700BF2030002099
:101D9000F02F0020CA2F010838B504460D4600F088
:101DA00089FE0128084B06D11A78A24203D1074BBD
:101DB00000205D8338BD06481A782146FFF72EFEC5
:101DC0004FF0FF30F6E700BF20300020F02F00205A
:101DD000F431010838B504460D4600F06BFE0128C9
:101DE000084B06D11A78A24203D1074B00209D6010
:101DF00038BD06481A782146FFF710FE4FF0FF3035
:101E0000F6E700BF20300020F02F0020B432010898
:101E100038B504460D4600F04DFE0128084B07D1A9
:101E20001A78A24204D1074B002083F8225038BD13
:101E300005481A782146FFF7F1FD4FF0FF30F6E72D
:101E400020300020F02F00205632010838B504461B
:101E50000D4600F02FFE0128084B06D11A78A24249
:101E600003D1074B00205D8538BD06481A7821460E
:101E7000FFF7D4FD4FF0FF30F6E700BF2030002021
:101E8000F02F00206D2F0108F0B589B000F012FE90
:101E90000128114B18D11F78012F15D10F4E06F1D3
:101EA000100500F035FB0FCD6C460FC495E80F0010
:101EB00084E80F0096E80F00FFF7F8FC3846FFF7BC
:101EC000BFFD002009B0F0BD05481978FFF7A6FD59
:101ED0004FF0FF30F6E700BF20300020F02F002049
:101EE000492E0108F0B589B000F0E4FD0128114B3E
:101EF00018D11F78022F15D10F4E06F1100500F0F2
:101F000007FB0FCD6C460FC495E80F0084E80F0067
:101F100096E80F00FFF7CCFA3846FFF791FD002056
:101F200009B0F0BD05481978FFF778FD4FF0FF3094
:101F3000F6E700BF20300020F02F0020E52D01083B
:101F4000F0B58BB0044600F0B5FD0128104B17D159
:101F50001F78012F14D10F4E089406F110050FCDF4
:101F60006C460FC495E80F0084E80F0096E80F0058
:101F7000FFF71AFC3846FFF763FD00200BB0F0BDF9
:101F800005481978FFF74AFD4FF0FF30F6E700BF2C
:101F900020300020F02F0020092F01080E4B1B7964
:101FA000022B13B510D1FFF7FAFAFFF765FD0320F6
:101FB00000F056FD012809D00023084A0093146858
:101FC00019461A460120A04702B010BD044802B0CD
:101FD000BDE81040FFF722BDF02F00202430002084
:101FE000FF2C01082DE9F041454E3479022C8AB0CE
:101FF00067D1FFF7D8FAFFF7DAFA012829D1FFF7FE
:10200000E3FA96F82250ADB9FFF736FD032000F051
:1020100027FD012808D03B4B00951E682A462B4619
:1020200029462046B04711E037480AB0BDE8F041E4
:10203000FFF7F4BC00F03EFD0328F5D10023314A40
:102040000093156819461A462046A8470AB0BDE80D
:10205000F081FFF7BDFA06F11005089007460FCD95
:102060006C460FC495E80F0084E80F0096E80F0057
:10207000FFF7BBFA254C80462068FFF7CFFA96F8A9
:10208000226005468EB9FFF7F7FC032000F0E8FC5C
:10209000012808D01B4B00971F68216843462A4639
:1020A0003046B847D2E71A48BFE700F003FD0328DF
:1020B000F9D1144B00971E68216843462A46002038
:1020C000B0E7032C14D1134804F0AFF9FFF767FC15
:1020D000FFF7D2FC204600F0C3FC012806D00E4BCF
:1020E0001B6800200AB0BDE8F04118470B489CE788
:1020F0000B4821460AB0BDE8F041FFF78FBC00BF96
:10210000F02F002024300020422B0108A82F0020AF
:102110007E2B0108B02F002028300020B92B0108A9
:10212000ED2B01082DE97043044699460D46904673
:1021300004F0E6FE636B23B994F838300BB104F079
:1021400089FC04F12806AE420BD03046FEF74AFC6B
:102150003EB1EB681BB15B68294630469847EB6897
:10216000636342464B46204604F047F9BDE870439E
:1021700004F0DCBEF0B506468DB0012000F070FC26
:10218000012806D11E48FFF749FC4FF0FF300DB083
:10219000F0BD1C4B1C4F18684FF48072002107F1F2
:1021A000100508F013FF0FCD6C460FC495E80F0023
:1021B00084E80F0097E80F00FFF722F902233B7134
:1021C000E6B11022002108A808F000FF0F4B089389
:1021D00030460F4B0B930EF02FFF00220D4B0EF0ED
:1021E000A5FF0FF0D3FA02460B460B4808A9FFF7EC
:1021F00099FF08A8FEF7F6FB0020C8E73046C6E7BF
:102200002E2D0108A82F0020F02F0020951A00087D
:10221000E43E010800408F40B02F0020F0B5304C64
:102220002379032B8FB006460D4606D12D48FFF7C4
:10223000F5FB4FF0FF300FB0F0BD042000F010FCB4
:102240000128F3D0FFF718FC0A2005F009F9022055
:1022500000F006FC012000F003FC012801D1224817
:10226000E5E763791BB1012B03D000270CE01F4881
:10227000DDE794F82100FFF796FB2946304684F805
:102280002E50FFF7ACFB676A194E08970FCE6D46CC
:102290000FC596E80F0085E80F0094E80F00FFF7E0
:1022A000D1FA0323102200210AA8237108F08EFE20
:1022B000104B0A933846104B0D930EF0BDFE0022D2
:1022C0000E4B0EF033FF0FF061FA02460B460C483E
:1022D0000AA9FFF727FF0AA8FEF784FB0020AAE758
:1022E000F02F0020552D0108852D0108AC2D010887
:1022F00000300020951A0008E43E010800408F409D
:10230000B02F002010B50C4C204604F031F82046C8
:102310000A4B40F8283B1022002108F057FE012309
:1023200084F83830064B23602046064A0649BDE84B
:10233000104001F05FB800BFB02F002094430108A7
:10234000A8430108C80100202D0A000810B5044662
:10235000044B40F8B83BD4F8C4300BB19B689847A5
:10236000204610BD804401080FB407B5064B07494D
:102370001B6805AAD868019207F0D6FC03B05DF887
:1023800004EB04B0704700BFF4070020C23301081B
:10239000F8B50D4C0D4F23681646E2681B040D4638
:1023A000136040F08001094804F082FA013D2E4498
:1023B000B54205D015F8011F384604F079FAF7E761
:1023C000A36822681A60F8BDE830002020310020A0
:1023D000F8B50E4C0E4F23681646E2681B040D46F6
:1023E000136000F07F010A4804F062FA013D2E44B8
:1023F000B54206D00021384604F05AFA05F8010F1C
:10240000F6E7A36822681A60F8BD00BFE830002034
:102410002031002010B50446FFF798FF204601F058
:1024200054F9204610BD07B502AB012203F8011D87
:102430001946FFF7ADFF03B05DF804FB07B50122B5
:102440000DF10701FFF7C4FF9DF8070003B05DF829
:1024500004FB0A4601460020FFF79ABF0A460146E0
:102460000020FFF7B5BF000010B50EF0E5FD0CA38E
:10247000D3E900230EF084FF0FF030F90446C0F3D7
:1024800007410620FFF7CFFFC4F307210720FFF71E
:10249000CAFFE1B20820BDE81040FFF7C4BF00BF8B
:1024A0000000000080844E40144910B50A780446AC
:1024B00090B932B901230B70114BDA681B681B0409
:1024C00013600120FFF7BAFF00F0F801214301205B
:1024D000BDE81040FFF7A7BF094B2AB11A680020DA
:1024E0000870D96812040A60032C1A6803D0DB68EC
:1024F00012041A60E5E79B68FBE700BFFC3100208F
:10250000CC3000200120FFF7CFBF0020FFF7CCBF69
:1025100010B504460120FFF791FFC0F3C0108442BC
:1025200026D0012C13D0FFF7F0FF0120FFF786FF24
:1025300000F07F010120FFF776FF00214020FFF728
:1025400072FF30214120BDE81040FFF76CBFFFF75C
:10255000DCFF2046FFF772FF60F07F01C9B2204622
:10256000FFF761FF00214020FFF75DFF0021E9E751
:1025700010BD10B504460120FFF7CAFF2CB134216D
:102580003920BDE81040FFF74EBF1221F8E70000E8
:102590002DE9FF47594C054604F0B2FC01212046C5
:1025A00000F000FC04F0C2FC2368E2681B04136026
:1025B000012004F055FF04F0A3FC2046002100F0A8
:1025C000F1FB04F0B3FC062004F04AFF2E784C4CDB
:1025D000042E1CD104F094FC0021204600F0E2FB04
:1025E00004F0A4FC012004F03BFF63681A68236830
:1025F0001A4214BF0126002604F082FC2046012165
:1026000000F0D0FB04F092FC012004F029FF2368C5
:10261000E2683C483C4C1B0413603C4B9A681B68C6
:1026200013600821002204F021F9394804F00AFF60
:102630000020FFF739FF1022ACBB2146684608F0A6
:10264000C5FC69463348344C04F01FF86846FEF771
:10265000C9F910227CBB2146684608F0B7FC6946E0
:102660002E48DFF8C8802E4C04F00FF86846FEF7BD
:10267000B9F94FF0030900235F1CDBB2D8F8002042
:10268000B2FBF9F29A421ED903EB430304EB030AAF
:10269000E05CFFF73DFF9AF802109AF80100FFF79F
:1026A000C2FE3B46E8E70021684608F08FFC1D4B60
:1026B00000940393C5E70021684608F087FC194B96
:1026C00000940393CBE76879174CFFF721FF95F847
:1026D0002800FFF74EFF4220FFF7B0FE38B9204632
:1026E000FFF742FE4FF07E5004F0ACFEF3E7A8681F
:1026F000FFF7BAFE304604B0BDE8F0870431002091
:10270000CC30002020310020E51F0008E8300020F8
:10271000CDCCCC3D2C3000209D1F00087C3000200B
:10272000F03E0108E43E0108C2330108D801002050
:1027300073B5224D224C234E0A21284603F04AFF4E
:102740002846214D2246314600F054FE13212846EA
:1027500003F040FF2246314628461C4D00F04AFE59
:102760004FF0FF330093062205230721284604F08B
:10277000D1F822461649284600F03CFE154B1C2491
:1027800022461846002108F021FC162103F0D8FE4D
:10279000114B22461846002108F018FC002103F0D6
:1027A000BCFE0E4B22460021184608F00FFC2121EA
:1027B00002B0BDE8704003F0B0BE00BF2C30002076
:1027C000C80100202D6600087C3000202031002048
:1027D0004D230008E830002004310020CC300020D8
:1027E0000FB407B5064B04AA1B6852F8041BD8683F
:1027F000019207F099FA03B05DF804EB04B070475A
:10280000F407002013B5084B0024CDE90034012261
:10281000082307212046FEF753FDFEF74DFD034B2D
:102820001C7002B010BD00BF2021F636FD31002023
:1028300010B5044648B9FFF7E3F9FFF7E3FF084B8B
:102840001B682046BDE810401847012807D1FFF754
:10285000D7F9FFF7D7FF024B02201B68F2E710BD44
:10286000403200202DE9F041884615461F469DF96B
:10287000186000283BD1202A03D92648FFF7B0FF73
:102880002025254C2A464146204608F059FF234B77
:102890001F80234B1E7026782746FEB9214BA47853
:1028A0001B78A34201D0FF2C1BD1A4F1FF035C4293
:1028B0005C4101261C4B1B78ABB9FFF7A1F9FFF770
:1028C000A1FF012E24D1194B787819492A1F1D68C0
:1028D000D2B22346AC46BDE8F0416047002426460C
:1028E000E8E73446E6E71348FFF77AFFE9E70138FF
:1028F00001280DD80C4B1B782BB9FFF781F9BDE8E7
:10290000F041FFF77FBF0B48BDE8F041FFF768BF1C
:10291000BDE8F081CF340108FE3100204A320020AA
:10292000483200204C320020FD310020443200208B
:1029300002320020143501080A4B10B518700A4BFA
:1029400019600A4B0A491A6004460A48FFF7D8F88A
:10295000094B00225C701A70FFF752F9BDE8104075
:10296000FFF750BF4C32002040320020443200209C
:1029700065280008312800081E320020F7B5184FDE
:102980003C7834B117482146FFF72AFF012003B0F5
:10299000F0BD1C2905D914482022FFF721FF032090
:1029A000F5E7124D0E1DAA70F6B20A460146281D23
:1029B0002C70EE7008F0C4FEFFF722F90C4A0823D1
:1029C000CDE900322146012307220E20FEF75CFEEE
:1029D00031462846FEF740FE01233B702046D6E7ED
:1029E000FD310020E4330108253401081E320020A7
:1029F0002021F636014BB3F9000070474A3200201F
:102A0000014B93F9000070474832002010B5074B86
:102A10001C78012C05D106482146FFF7E1FE20462F
:102A200010BD044B18700020FAE700BFFD310020F4
:102A30006F3401084C3200200FB407B5064B07492C
:102A40001B6805AAD868019207F06EF903B05DF81B
:102A500004EB04B0704700BFF407002061350108A3
:102A600037B501460D480E4A037803EB83052A4427
:102A7000545C012C06D00B4B2B445B5C037020464E
:102A800003B030BD0848642202FB030000900748F1
:102A900002FB01020648FFF7CFFFF0E74D320020AE
:102AA000373F0108233F0108D0030020DC0100204C
:102AB00061350108014B1878704700BF4D32002086
:102AC000014B00221A7070474D32002043692DE9F6
:102AD000F0410D46D907044628D58168334F8268F6
:102AE000334E836833483940B94202EA060204BFD4
:102AF0000127A760B24203EA000304BF4FF48076C7
:102B0000A660834204BF4FF48030A0602748814212
:102B100005D027498A4202D0264A934206D1264B45
:102B2000264A1B6852F8250001219847E26863692C
:102B3000920708D09F0706D51F4B204A1B6852F802
:102B4000250000219847A169626963698E070AD54B
:102B5000900508D5190406D5174B184A1B6852F87A
:102B6000250005219847A7696669626917F004077F
:102B700006F4806609D046B1120406D50E4B0F4A02
:102B80001B6852F825000721984763695FB156B169
:102B90001B0408D5084B094A1B6852F8250002217E
:102BA000BDE8F0411847BDE8F08100BF0300000414
:102BB00000030008000003105832002050320020AB
:102BC00000210148FFF782BF00640040FFF7F8BF13
:102BD000FFF7F6BF01210148FFF778BF006800400A
:102BE000FFF7F8BFFFF7F6BF30B5036891FAA1F41D
:102BF000B4FA84F491FAA1F10325B1FA81F16400E9
:102C000005FA04F4490023EA040302FA01F1194326
:102C1000016030BD00B5002389B007286FD8DFE818
:102C200000F00413202D3A4754610093364B374887
:102C30001A6B42F001021A631B6B03F0010300934D
:102C4000009B09B05DF804FB01932F4B30481A6BD1
:102C500042F002021A631B6B03F002030193019B13
:102C6000EFE70293284B2B481A6B42F004021A63D9
:102C70001B6B03F004030293029BE2E70393224BD6
:102C800025481A6B42F008021A631B6B03F0080315
:102C90000393039BD5E704931B4B20481A6B42F028
:102CA00010021A631B6B03F010030493049BC8E724
:102CB0000593154B1A481A6B42F020021A631B6BDE
:102CC00003F020030593059BBBE706930E4B1548C5
:102CD0001A6B42F040021A631B6B03F04003069329
:102CE000069BAEE70793084B0F481A6B42F0800231
:102CF0001A631B6B03F080030793079BA1E70B4844
:102D000004F066FC00209CE700380240000002400E
:102D10000004024000080240000C02400010024083
:102D20000014024000180240001C0240A0350108B7
:102D3000431C10B5044604D176220649064803F028
:102D4000C9FE2046002100F00BFE04F00F04012014
:102D5000A04010BDC13501081B36010870B50446FE
:102D60004B1C0E46218216D0C1F30310FFF752FF11
:102D700005463046FFF7DCFF238A074A656103F00A
:102D80000F03206052F82330A36105F110031835BA
:102D90006360A560E56070BD08430108B0F91000EC
:102DA00000F076BE0A4619B981694069FFF71CBF79
:102DB0000122F9E74C23F0B54343224E224F1A1D5E
:102DC000324400244FF0010E1E448C4205D10146CE
:102DD000BDE8F0401D4804F0FBBB33680EFA04F573
:102DE0001D422BD0136B7D690EFA03F32B4225D0C5
:102DF000D2F818C07B61156805B3FA6833EA02029D
:102E000003D1BA6833EA020214D10F4A916833EA57
:102E1000010103D1D26833EA02020DD1DCF810209F
:102E2000134214BF01210221094B28461B68BDE84B
:102E3000F04018470221F7E70121F5E70134043299
:102E4000C3E700BF5C320020003C0140553601085A
:102E50007034002006210846FFF7ACBF0521084664
:102E6000FFF7A8BF01210420FFF7A4BF0121032021
:102E7000FFF7A0BF01210220FFF79CBF01210846F8
:102E8000FFF798BF01210020FFF794BF012910B57B
:102E900018D11B4C838952B1A26803F00F039940EB
:102EA0001143A160836843F00103836010BDA268F1
:102EB00003F00F03994022EA0101A160836823F027
:102EC0000103F2E70229F1D10D4983895AB1CC6897
:102ED00003F00F03012202FA03F32343CB6083685C
:102EE00043F00203E1E7CA6803F00F03012404FA88
:102EF00003F322EA0303CB60836823F00203D4E7E1
:102F0000003C0140B0F90C3099B270B501F00F06E9
:102F100006F00C0404F1804404F59C3401F0030134
:102F2000A56889000F228A40C3F3031325EA02052E
:102F30008B402B43A3600F4B01221968B240114311
:102F400019608468E50742BF996811439960A10739
:102F500042BFD9680A43DA6090F90030002B08DBE1
:102F60005909012203F01F0302FA03F3024A42F84F
:102F7000213070BD003C014000E100E02DE9F04F40
:102F800092464A1C85B080460C4666D000220392C9
:102F9000334A344F516C41F480415164526C02F415
:102FA00080420392039A04F00F090C2202FB09727B
:102FB000C4F303105568062D47D8DFE805F0043A3E
:102FC0003C3E40424400284E0193FFF723FE0C2173
:102FD00001FB09F17A1857F801E0244FA8F80C40DA
:102FE0004C21694301247B5892F90820C8F8045009
:102FF00004FA0EF44FF0000B1C4388F80020C8F8C8
:1030000008B07C50132101FB05E507EB8501019B0E
:103010004B60174BC861C3F800A0164BC1F8349041
:103020009B681032404643F82260FFF76BFF58461A
:1030300010E0114EC8E7114EC6E7114EC4E7114E1D
:10304000C2E7114EC0E7114EBEE7114804F0C0FAC6
:103050004FF0FF3005B0BDE8F08F0846FAE700BF3B
:1030600000380240E0410108852E00085C32002053
:103070007034002000ED00E07D2E0008752E000861
:103080006D2E0008652E00085D2E0008552E0008E4
:103090002E3601088389184A03F00F03012110B569
:1030A00001FA03F39468DB431C409460D4681C402D
:1030B000D46014682340136090F90030002B0CDBBF
:1030C0005A0903F01F0301FA03F320320B4941F8B8
:1030D0002230BFF34F8FBFF36F8F90F90030002B7A
:1030E00009DB5A09012103F01F0301FA03F36032DF
:1030F000024941F8223010BD003C014000E100E0EF
:10310000838903F00F020C235343104A70B54468BF
:10311000D658FFF7BFFF4C210D4A6143012000FA4A
:1031200006F55058132303FB046320EA05005050B2
:1031300002EB830000214160981D0C3302EB8000FC
:1031400002EB83034160596070BD00BFE04101089C
:103150005C32002008B503F07BF8002008BD0000B9
:1031600008B50A4B1B684BB103F0EEF904F0EDF81B
:103170004FF47A7200230EF0D1FA08BD03F0BCF8C8
:103180004FF47A73B0FBF3F008BD00BF7434002035
:1031900010B588B003F0B4FE052101A803F0D0F902
:1031A0000424039B019A1A60962004F059F9019BAC
:1031B000049A1B041360962004F052F9013CF0D1EC
:1031C0000424039B019A1A604FF4C87004F048F974
:1031D000019B049A1B0413604FF4C87004F040F97B
:1031E000013CEED1DCE7000070B50D46A0B004460E
:1031F00003F086FE2B4622468021684607F034FC09
:10320000051E03DC03F092FE20B070BD094B1B6865
:1032100023B903220221084800F08EFE064E002446
:103220001DF804103046013401F068F8A542F7D1CA
:10323000E8E700BFBC3400209C3700200FB407B57E
:1032400004A951F8040B0191FFF7CEFF03B05DF81C
:1032500004EB04B07047000008B502F0A7FF01F0CE
:10326000ABF802F093FF02F0A1FF024B01221A60BB
:1032700008BD00BF7434002000207047036801229D
:103280001B6900211847036800221B691146184773
:1032900003681B69184703689B69184703689B6AA2
:1032A000184700290CBF6FF018000020704701205C
:1032B00070471120704770476FF01C0070476FF027
:1032C00015007047012070470020704770470000CC
:1032D000F8B5074E15460C468F18BC4205D014F8B9
:1032E000011B304601F00AF8F7E72846F8BD00BF99
:1032F0009C37002038B58DB215F0010405D0084880
:1033000000F096FD041C18BF0124EB0605D5044807
:1033100000F0A4FD08B144F01004204638BD00BF01
:103320009C37002010B5044604F03CFB204610BD3D
:1033300010B50C462AB1044800F0CEFF20700120E1
:1033400010BD104610BD00BF9C37002038B51D468B
:10335000074B0360074B1B68044633B9064800F06F
:10336000EBFD2946044800F0AFFD204638BD00BF04
:10337000A8420108BC3400209C3700200020704780
:103380000020704708B5012000F036F80C4A136899
:1033900010B51844EFF30881884205D3094B0C227D
:1033A0001A604FF0FF3010BD07490C6824B107497F
:1033B000096821448842F1D21060184610BD00BF50
:1033C0006006002060370020883400208C34002004
:1033D000074C08B523680546986806F031FE236857
:1033E000D86806F02DFE0DB1FFF7D2FEFEE700BF54
:1033F000F40700200120704708B5FFF7E9FF01201E
:103400007047002107F00EBA7047704708B5FFF704
:10341000FBFF08BD08B5FFF7F8FF08BD10B503783E
:1034200003F00303012B04460CD02BB140F2A95248
:103430000549064803F04EFB237843F0020323704E
:10344000012010BD002010BDF236010849370108E7
:1034500010B5037803F00303022B044605D040F2B5
:10346000B1520549054803F035FB237823F00303E7
:1034700043F00103237010BDF23601086F370108D5
:103480003F2870B504462FDC184D55F820305A1CE3
:1034900013D1022811DCFFF773FF034658B9204609
:1034A000FFF76CFF034630B9114E3378BFF35B8FE3
:1034B000DB0704D50F4B45F82430184670BD304665
:1034C000FFF7ACFF0028F5D04FF41653032202217A
:1034D0000848FFF73BFF3046FFF7BAFF064A0749A7
:1034E0000448FFF787FFE5E70023E6E760050020D3
:1034F0007834002084340020C8010020CD32000838
:1035000038B50546FFF7BCFF0B4B002443F82540B8
:1035100030B907F0BDFE092303604FF0FF3038BD1E
:1035200003685B699847051E04DA07F0B1FE6D4237
:103530000560F2E7204638BD60050020FFF7E0BFD8
:1035400038B50C461546FFF79BFF38B907F0A0FECB
:10355000092303604FF0FF34204638BD036821463D
:10356000DB682A469847041EF6DA07F091FE6442AB
:103570000460EFE708B5131E06DA07F089FE16238C
:1035800003604FF0FF3008BD04D0FFF7D9FF40EAD9
:10359000E07008BD184608BD38B50C461546FFF763
:1035A0006FFF38B907F074FE092303604FF0FF3452
:1035B000204638BD036821469B682A469847041E6A
:1035C000F6DA07F065FE64420460EFE7002A08B50A
:1035D00003DBBDE80840FFF7DFBF07F059FE162305
:1035E00003604FF0FF3008BD10B5FFF749FF0446F8
:1035F00028B907F04DFE09230360204610BD03687B
:10360000DB699847041EF8DA07F042FE6442046062
:103610000024F2E71FB504220C4640230DEB020103
:1036200001900DF109008DF8083008F089F8214665
:1036300002A806F0CDFE044630B10198FFF7D4FF92
:1036400010B12046FFF7DDFE204604B010BDFFF7A5
:10365000CBBF38B50C461546FFF712FF38B907F057
:1036600017FE092303604FF0FF34204638BD03687E
:1036700021461B692A469847041EF6DA07F008FE21
:1036800064420460EFE7FFF7E4BF38B50D46FFF78B
:10369000F7FE044630B907F0FBFD092303604FF045
:1036A000FF3038BD0368DB699847002814BF4FF42A
:1036B00000534FF400436B60236820469B6A984791
:1036C0002861002038BDFFF7E0BF04F06BB90000AF
:1036D000034610B553F8042B044602B90360226870
:1036E0009A4204D05E220349034803F0F3F92068AC
:1036F00010BD00BF7F360108DE36010810B5044654
:103700000948FFF7E5FF0023084A194652F823004D
:10371000A04208BF42F823100133402BF6D10248E3
:10372000FFF7D6FF10BD00BF7C34002060050020ED
:1037300010B50F48FFF7CCFF0E4B032453F824209D
:103740006AB10134402CF9D107F0A2FD18230360BF
:103750000748FFF7BDFF4FF0FF34204610BD4FF084
:10376000FF32034843F82420FFF7B2FFF5E700BF1C
:103770007C3400206005002010B50446FFF7D8FF18
:103780000028A4BF014B43F8204010BD6005002075
:1037900070B506460C46FFF7EFFF054690B121468F
:1037A000FFF738FF044630B9074B53F825209642FF
:1037B00003D143F82500204670BD07F069FD0923B9
:1037C0000360F8E70446F6E7600500200EB42DE933
:1037D000F04185B00546FFF7ABFF041E13DB002365
:1037E000294602A8019303F0C7FD02A803F016FEC4
:1037F0001B4D064668B907F04BFD1323036045F8DF
:1038000024604FF0FF34204605B0BDE8F04103B01E
:10381000704702A803F0F0FD074602A837B103F095
:10382000F4FD0190019B45F82430ECE703F0DBFD4B
:1038300006460028DFD0036802A8D3F8088003F00A
:10384000C7FD0B9B024601A93046C047064600282B
:10385000E8D007F01DFD7642066045F82470D0E7F9
:103860006005002073B50E461849054607F048FD6F
:10387000044620B9FFF704FE204602B070BD14498B
:10388000284607F03DFD20B90120FFF7F9FD01248E
:10389000F2E71049284607F033FD20B90220FFF770
:1038A000EFFD0224E8E72B78402B07D10422691CA6
:1038B0000DEB020007F044FF019CDDE726F4004118
:1038C0002846FFF783FF0446D6E700BFF842010809
:1038D000FF420108F042010870477047074B084952
:1038E0009A68084810B5043A52F8044F41F8044F5A
:1038F0008142F9D14FF000529A6010BD00ED00E016
:10390000FCFFFF1FC001002008B5FFF7E7FFFFF72E
:10391000A3FCFFF7E2FF08BD08B5FFF7DDFFBDE838
:103920000840FCF7EFBC30B5C36891FAA1F4B4FAD3
:1039300084F491FAA1F10325B1FA81F1640005FA4A
:1039400004F4490023EA040302FA01F11943C160B7
:1039500030BD012A02D0022A18BF0022FFF7E3BFC0
:103960002DE9F0410E46411C044604D13E22444953
:10397000444803F0AFF804F00F08434BC4F30310BE
:1039800053F82850FFF746F906F007070446836806
:1039900095FAA5F1B1FA81F195FAA5F20320490053
:1039A00000FA01F1B2FA82F223EA01035200022185
:1039B00001FA02F21343A36087425AD8DFE807F006
:1039C0005E1D021DB8F1070FC6F303203BD9626AE2
:1039D0002B0A93FAA3F1B1FA81F193FAA3F34FF012
:1039E0000F0EB3FA83F389000EFA01F19B0022EA6D
:1039F000010200FA03F3134363623B46226895FA1F
:103A0000A5F0B0FA80F095FAA5F14FF0030EB1FAE7
:103A100081F140000EFA00F0490022EA00028B40DA
:103A2000013F1343012F236005D8636832074CBF61
:103A30002B43AB436360C6F3011229462046BDE821
:103A4000F041FFF786BF226A95FAA5F3B3FA83F334
:103A500095FAA5F14FF00F0EB1FA81F19B000EFA25
:103A600003F3890022EA030200FA01F313432362FD
:103A7000C3E767220249054803F02CF80023BDE79D
:103A8000AE3701081B36010808430108D73C01087E
:103A9000431C70B506460D4604D188221B491C48BC
:103AA00003F018F806F00F021A4BC6F3031053F890
:103AB0002240FFF7AFF804FB04F2016802EB420377
:103AC0000B40B3FBF2F3013B012B05D8EB1E022B9D
:103AD000436809D823434360032D08D101222146BE
:103AE000BDE87040FFF735BF23EA04034360012DB2
:103AF000F4D0052D01D0022D01D10222EFE721469D
:103B00000022BDE87040FFF70EBF00BFAE370108CE
:103B10001B3601080843010870B5A6B03422002105
:103B200002A807F053FA5C2200210FA807F04EFA12
:103B30002A4B1D68002D4FD1294C019501261E608E
:103B4000236C43F080532364236C03F08053019370
:103B5000019B00F05DFC042302A8029308950496E3
:103B600000F0C0FF10B11F4803F032FDA36823F43A
:103B7000F813A360A36823F4F813A360236F43F43E
:103B80008073236720230F930FA84FF480731F9334
:103B900000F058FD10B1144803F01AFD134B1448FF
:103BA00001221A60134B036003220023826041F656
:103BB000FF7243774360C26003614361836101F038
:103BC0005EF910B10C4803F003FD094801F089FAD1
:103BD00010B10A4803F0FCFC26B070BD98340020F8
:103BE0000038024006380108263801083C0E4742DA
:103BF0009C340020002800404F3801086938010833
:103C0000F0B51F4B1F491C681F4A5D688BB00C4004
:103C100015401E460F461868084084422BD158684C
:103C20001040854227D105F03F0001F051FA049081
:103C3000C5F3042001F04CFA01380590280C01F07E
:103C400047FA44300690C4F3054001F041FA03906E
:103C5000C4F3062001F03CFA029004F07F0001F06A
:103C600037FA01220190694601A802F051FF00B124
:103C700000980BB0F0BD346875683C401540CAE749
:103C8000002800407F7F7F003FFFFF00024BD86885
:103C9000C0F30010704700BF00280040214B224AAB
:103CA0002DE9F0411D691C689E6AC5F30E0514409C
:103CB00018461746196811408C422ED1996A8E42D7
:103CC0002BD1C4F3054001F003FA0746C4F30620E4
:103CD00001F0FEF9804604F07F0001F0F9F9134A83
:103CE00013493C2313FB08004FF4616303FB0700F7
:103CF0001368146898420B683CBF03F5A83303F5BA
:103D0000C0731B1B03440B6010600868013DC003B7
:103D100005EB9000801BBDE8F0810468866A3C409A
:103D2000C8E700BF002800407F7F7F009434002058
:103D30009034002030B591B000211422044602A82E
:103D4000019107F043F903F0DBF82A4B2A4A1A6085
:103D500007A90122204602F02BFF002848D00D9B26
:103D600003B907238DF804300B9B01338DF8053020
:103D70000A9B8DF806300C9B443B8DF80730099B5D
:103D80008DF80830089B8DF809300024079B8DF8CA
:103D90000A308DF80B4005940694FFF77FFF9DF8DD
:103DA00009109DF80A2013483C2313FB01229DF8BB
:103DB00008304FF4616101FB0323104A13600E4B7E
:103DC000224601A99D6A01F0B3F810B10C4803F036
:103DD000FFFB002202A9074801F00AF910B10948C7
:103DE00003F0F6FB044A936A9D42FCD103F09EF86F
:103DF00011B030BD9C3400200028004094340020D5
:103E000082380108993801080FB407B5064B0749F5
:103E10001B6805AAD868019205F086FF03B05DF81B
:103E200004EB04B0704700BFF4070020B03801086D
:103E30004368094A9B0182B0D3581A68120706D515
:103E4000002201921A6801925A680192019A186838
:103E5000C0F3401002B07047E83700204368034ABF
:103E60009B01D3581868C0F3C0107047E837002092
:103E700042681449920110B404685450531882687F
:103E80005A60C2689A600269DA6042691A61026A1D
:103E90009A610022DA84DA619A84DA859A85B0F927
:103EA0001A20013206D108225A6118465DF8044BE7
:103EB00001F0B1BEB0F9182001320CBF04220C226F
:103EC000F2E700BFE837002010B581600C46FFF72D
:103ED000CFFF28B121460348BDE81040FFF794BF4B
:103EE00010BD00BFB0380108124B984217D0A3F59F
:103EF0004C43984215D003F58063984213D003F5E4
:103F00008063984211D003F5806398420FD003F587
:103F1000444398420CBF05204FF0FF30704700200B
:103F2000704701207047022070470320704704202B
:103F3000704700BF00100140F0B50E4687B0044640
:103F40005B493046154602F037FC5A490746284679
:103F500002F032FC0146384602F008FC20600130D5
:103F600004D13D225449554802F0B4FD022E0CD034
:103F7000032D0AD04E49022002F01EFC874202D1D6
:103F80004F4803F025FB002700E001274D4B206838
:103F900098424FF000031AD100934B4B5A6C42F0F9
:103FA00010025A645B6C03F010030093009B474BB4
:103FB000984229D100230593434B5A6C42F02002CA
:103FC0005A645B6C03F020030593059B1CE0404A98
:103FD00090420BD101933C4B1A6C42F400321A64AC
:103FE0001B6C03F400330193019BE0E7394A9042D4
:103FF00040D10293344B1A6C42F480221A641B6C39
:1040000003F480230293029BFFF76EFF0028606099
:1040100004DAA4222849304802F05CFD24493046E5
:1040200002F080FB2349284602F07CFB721C03D07F
:1040300001213046FFF72CFD6B1C03D001212846DF
:10404000FFF726FD4FF41653A3600023E3602361BE
:1040500063612362268365832046FFF709FF3FB132
:104060001E4B1F4801221A6021464C2207F068FBB4
:1040700007B0F0BD1B4A90420BD10393124B1A6C50
:1040800042F400221A641B6C03F400230393039B85
:10409000BAE7154A90428AD104930B4B1A6C42F44A
:1040A00080121A641B6C03F480130493049BABE727
:1040B00068410108F0400108DA3801083639010882
:1040C000523901080010014000380240001401403C
:1040D000004400400048004087390108BC340020FB
:1040E0009C370020004C004000500040002808DBB6
:1040F0004209012300F01F0003FA00F0014B43F8CE
:104100002200704700E100E000280DDB4309012296
:1041100000F01F0002FA00F02033044A42F82300A6
:10412000BFF34F8FBFF36F8F704700BF00E100E018
:10413000F7B5FFF7D9FE071E26DB144E56F8270009
:1041400010B3134CBD0163591A68120606D5DB681B
:10415000190603D50F4B01211B68984763591A684C
:10416000920608D5DB68980605D50A4B56F8270055
:104170001B680021984763591A68110704D55A69CA
:10418000D20744BF5B68019303B0F0BDC434002084
:10419000E8370020C03400200148FFF7C9BF00BF46
:1041A000001401400148FFF7C3BF00BF00500040AA
:1041B0000148FFF7BDBF00BF004C00400148FFF7BA
:1041C000B7BF00BF004800400148FFF7B1BF00BFC4
:1041D000004400400148FFF7ABBF00BF00100140A2
:1041E000034B19604168034B43F82120704700BF1F
:1041F000C0340020C434002030B490E818002C48AB
:10420000834233D00AD8A0F50060834228D000F55D
:104210008060834227D0002318460FE02548834260
:104220000AD000F58060834223D0A0F54440834249
:10423000F1D1214B352001E0204B2520204DA40158
:10424000FAB1C9B92959CA6842F02002CA601D4AA8
:1042500000F11001926830BC42F82130FFF746BFF0
:10426000194B2620EAE7194B2720E7E7184B3420A3
:10427000E4E7184B4720E1E72959CA6842F0800279
:10428000E4E72B59DA6849B922F02002DA60DB68EA
:1042900013F0800F09D130BCFFF736BF22F0800247
:1042A000DA60DB6813F0200FF4E730BC704700BF22
:1042B000004C004000100140A5410008D541000815
:1042C000E837002000ED00E0C9410008BD410008CA
:1042D000B14100089941000838B5446805462846B0
:1042E000FFF7A6FD0028FAD0A401034B1B5958681C
:1042F000C0F3080038BD00BFE837002070B545683E
:1043000006460C463046FFF7A9FD0028FAD0AD015D
:10431000024B5B59C4F308045C6070BDE8370020B1
:1043200008B50E4AC36D934214D008D8A2F5806236
:1043300093420FD00A4803F04BF9002008BD094A08
:10434000934203D002F580629342F3D1BDE8084066
:1043500000F04AB9BDE8084000F036B9003C004022
:104360009939010800300140DFF830D0002103E026
:104370000B4B5B58435004310A480B4B42189A428E
:10438000F6D30A4A02E0002342F8043B084B9A4263
:10439000F9D301F01FFEFBF75FFF7047000002201A
:1043A000584A0108C8010020780D0020780D00202F
:1043B000B0390020FEE7704708B50B4B1A6842F48D
:1043C00000721A601A6842F480621A601A6842F435
:1043D00080721A60032000F009F80F20FEF7BAFE81
:1043E000FFF7E9FF002008BD003C0240074AD36800
:1043F00023F4E0631B041B0C43F0BF63000243F48F
:10440000003300F4E0600343D360704700ED00E048
:10441000014B01221A60704720000E4237B500237D
:104420000193184B184C1A6C42F080521A641B6CA2
:1044300003F080530193019B144B01221A60FEF795
:104440008FFE05466368DA030BD5114B0E4C012233
:104450001A60FEF785FE054663689B030AD50020B7
:1044600006E0FEF77DFE401BB0F57A7FEAD9032017
:1044700003B030BDFEF774FE401BB0F57A7FEBD978
:10448000F5E700BF003802400070004040000E42D7
:1044900044000E422DE9F0410D46044610B90120BA
:1044A000BDE8F081444B1A6802F00F028A4228D31B
:1044B00021688F072DD4C80740D43F4B1A6802F0FB
:1044C0000F02954266D3226851076CD4130707D5B3
:1044D0003A4A2169936823F4604343EAC103936035
:1044E00000F0B8FA354B364A9B68C3F30313D35C2C
:1044F000D840344B18600F20FEF72CFE0020BDE89A
:10450000F081CAB21A701B6803F00F039942C6D13A
:10451000CEE72A4B11F0040F1EBF9A6842F4E05216
:104520009A600E0742BF9A6842F460429A609A68A5
:10453000A06822F0F00202439A60BCE762681F4B59
:10454000012A1DD11B6813F4003FA8D01B4EB3688D
:1045500023F003031343B360FEF702FE41F28838F1
:104560000746B368626803F00C03B3EB820FA4D074
:10457000FEF7F6FDC01B4045F3D90320BDE8F081EE
:10458000911E01291B6802D813F0007FDDE713F0AC
:10459000020FDAE7EAB21A701B6803F00F039D42BC
:1045A0007FF47DAF8FE70549E0688B6823F4E05323
:1045B00003438B608AE700BF003C024000380240A2
:1045C0005843010864060020044B054A9B68C3F366
:1045D0008223D35C034A1068D840704700380240F9
:1045E0006843010864060020044B054A9B68C3F336
:1045F0004233D35C034A1068D84070470038024009
:1046000068430108640600200F2303600B4B9A687F
:1046100002F0030242609A6802F0F00282609A6837
:1046200002F4E052C2609B68DB0803F4E0530361CC
:10463000034B1B6803F00F030B6070470038024008
:10464000003C024003682DE9F74313F001060446DD
:104650000BD0AA49866BD1F88C2022F0C06232437D
:10466000B6FA86F6C1F88C2076099D070BD5A348CB
:10467000E16BD0F88C2022F0C0520A430029C0F828
:104680008C2008BF012613F0040512D09B49256B2E
:10469000D1F88C20B5F5801F22F4401242EA0502C1
:1046A00018BFB5FA85F5C1F88C2012BF6D09002539
:1046B000012618070FD59148616BD0F88C2022F4A1
:1046C00040020A43B1F5800FC0F88C2000F0098148
:1046D000002908BF0125990633D500230193874B94
:1046E000874F1A6C42F080521A641B6C03F080539F
:1046F0000193019B3B6843F480733B60FEF730FD00
:1047000080463B68DA0540F1EE807C4F3B6F13F446
:10471000407340F0FB80236C03F44072B2F5407F9D
:10472000764A40F01681916823F0704021F4F81128
:1047300020F4407001439160116FC3F30B030B43EE
:1047400013672368D90642BF6E4B94F858201A604D
:1047500023681A0608D56949E06CD1F8942022F440
:1047600040020243C1F894205F0608D56349A06C5B
:10477000D1F8942022F080620243C1F89420D80539
:104780000CD55E48616DD0F8942022F000620A4397
:10479000B1F1006FC0F8942008BF0125990508D534
:1047A0005649606CD1F8942022F080520243C1F83F
:1047B00094205A0500F1D180012E40F0DC80524E49
:1047C0004E4F00233360FEF7CBFC80463B681B0155
:1047D00000F125812268D00701D5A36B1BB1910799
:1047E00015D5E36B9BB94549D1F88430D1F88400E5
:1047F00003F4403300F07060034360680343A06833
:1048000043EA8013606943EA0073C1F884305307B8
:1048100003D5236BB3F5801F05D0170720D5636B35
:10482000B3F5800F1CD13549D1F88430D1F884001C
:1048300003F4403300F0E040034360680343A068A2
:1048400043EA8013206943EA0063C1F88430D1F859
:104850008C00A36A20F01F00013B0343C1F88C3099
:1048600050051BD5236DB3F1005F17D1234867684E
:10487000D0F88410D0F8843003F0E0433B43A768BD
:10488000C1F30141013143EA871343EA4163E1681F
:104890004908013943EA0143C0F88430110511D5B4
:1048A0002369A2681B0643EA8213626813436269A4
:1048B00043EA0273E2685208013A43EA02430F4AAC
:1048C000C2F8843001233360FEF74AFC0B4E0746E2
:1048D00033681A0153D4FEF743FCC01B0228F7D9F2
:1048E00008E00126F7E6FEF73BFCA0EB08000228F3
:1048F0007FF607AF032003B0BDE8F0830038024025
:1049000000700040E011474268004742226C02F408
:10491000407293423FF4FFAE3B6F4B4A012111605E
:1049200023F44073002111603B673B6FDB077FF589
:10493000F2AEFEF715FC41F2883980463B6F9807CE
:104940003FF5E9AEFEF70CFCA0EB08004845F5D9B1
:10495000D0E7916821F4F811EDE63C48216DD0F8DC
:10496000942022F000520A43B1F1005FC0F8942075
:104970007FF422AF23E7B3F5006F3FF420AF012DA2
:104980004BD1334D314E00232B60FEF7E9FB074638
:1049900033689B004BD421684E0701D5236B1BB1B4
:1049A00008071AD5636BC3B9284AA069D2F88830C2
:1049B00003F440330343E06943EA8013606A43EA47
:1049C0000063C2F88830D2F88C30E06A23F4F853E0
:1049D000013843EA0023C2F88C30CA0514D5636D50
:1049E000B3F1006F10D11949A269D1F8883003F0F2
:1049F00070631343E26943EA8213226A5208013A60
:104A000043EA0243C1F8883001232B60FEF7A8FB7C
:104A10000E4C054623689B000FD500206BE7FEF780
:104A20009FFBA0EB080002287FF6D0AE62E7FEF7FE
:104A300097FBC01B0228ABD95CE7FEF791FB401B3C
:104A40000228E7D956E700BF400E4742003802402F
:104A500070004742204908B58B6803F00C03082B0F
:104A600007D00C2B20D01D4A1D48042B18BF104620
:104A700008BD4A684B68496813F4800314BF18489E
:104A80001648C1F3881118BF002302F03F02A1FBB2
:104A900000010CF043FE104B5B68C3F3014301338C
:104AA0005B00B0FBF3F008BD4A684B68496813F43B
:104AB000800314BF0A480948C1F3881118BF0023B6
:104AC00002F03F02A1FB00010CF028FE024B5B68E4
:104AD000C3F30273E5E700BF003802400024F4008E
:104AE00000127A0003682DE9F341DF07044610D471
:104AF00023689E0767D423681A0700F1B2802368F1
:104B00005B0700F1D080A269002A40F039810020C3
:104B10001EE0974B9A6802F00C02042A10D09A68A3
:104B200002F00C02082A02D15B685D0208D4904BA7
:104B30009A6802F00C020C2A0DD15A6850020AD56C
:104B40008B4B1B689903D3D56368002BD0D1012010
:104B500002B0BDE8F0816268B2F5803F11D11A68F9
:104B600042F480321A60FEF7FBFA814D06462B684C
:104B70009A03BDD4FEF7F4FA801B6428F7D903200A
:104B8000E6E77B4DB2F5A02F2B6807D143F48023D5
:104B90002B602B6843F480332B60E4E723F48033ED
:104BA0002B602B6823F480232B60002ADBD1FEF7D7
:104BB000D7FA06462B689B039AD5FEF7D1FA801BDD
:104BC0006428F7D9DBE76A4B9A6812F00C0F10D013
:104BD0009A6802F00C02082A02D15B685F0208D5CD
:104BE000634A936803F00C030C2B11D153685E02E7
:104BF0000ED45F4B1A68950702D5E268012AA6D148
:104C00001A68216922F0F80242EAC1021A6072E7CA
:104C1000E268584BB2B101221A60FEF7A1FA544D76
:104C200006462B68980707D52B68226923F0F803FE
:104C300043EAC2032B605EE7FEF792FA801B02286C
:104C4000EFD99CE71A60FEF78BFA494D06462B68B0
:104C500099077FF550AFFEF783FA801B0228F6D93B
:104C60008DE76269444B7AB101221A60FEF778FA47
:104C70003F4D06466B6F9F073FF541AFFEF770FA59
:104C8000801B0228F6D97AE71A60FEF769FA384DD8
:104C900006466B6F98077FF532AFFEF761FA801B0F
:104CA0000228F6D96BE7324B1A6C12F0805228D1E9
:104CB00001921A6C42F080521A641B6C03F080530C
:104CC0000193019B01262D4D2B68D9051BD5A368A7
:104CD000274D012B27D12B6F43F001032B67FEF7E4
:104CE0003FFA234D074641F288382B6F9B0739D591
:104CF000002E3FF408AF1E4A136C23F08053136458
:104D000001E70026DFE72B6843F480732B60FEF792
:104D100027FA07462B68DA05D9D4FEF721FAC01B1B
:104D20000228F7D92BE7052B04D12B6F43F004039E
:104D30002B67D0E72A6F22F001022A672A6F22F040
:104D400004022A67002BCAD1FEF70AFA41F288381A
:104D500007462B6F9807CBD5FEF702FAC01B4045DC
:104D6000F7D90CE7FEF7FCF9C01B4045BDD906E7B3
:104D70000038024000004742800E47420070004069
:104D8000234DAB6803F00C03082B3FF4E0AE214E3B
:104D90000023022A33602DD1FEF7E2F907462B6883
:104DA000990121D4226AE3691343626A43EA8213B8
:104DB000E26A43EA0263226B43EA0273A26A144C7A
:104DC0005208013A43EA02436B6001233360FEF765
:104DD000C7F9054623689A013FF599AEFEF7C0F979
:104DE000401B0228F6D9CAE6FEF7BAF9C01B022812
:104DF000D5D9C4E6FEF7B4F904462B689B017FF5CC
:104E000086AEFEF7ADF9001B0228F6D9B7E600BF63
:104E100000380240600047427047026838B5D368E6
:104E200023F0A003D3600446FEF79AF905462368F1
:104E3000DB689B0601D5002038BDFEF791F9401BC9
:104E4000B0F57A7FF3D9032038BD38B50368DA6846
:104E50005206044601D5002038BD4FF0FF32DA601B
:104E6000FEF77EF905462368DB685B06F3D4FEF7A0
:104E700077F9401BB0F57A7FF5D9032038BD38B5F6
:104E80000446B8B1437F03F0FF0213B90277FFF77E
:104E9000C3FF022363772368CA225A6253225A62ED
:104EA0002046FFF7D2FF2368054628B1FF225A6249
:104EB0000423637701252EE09A68206922F4E0023A
:104EC00022F040029A606268996802436069024376
:104ED0000A439A60E2681A611A69A16842EA0142CB
:104EE0001A61DA6822F08002DA609B689B0605D4BA
:104EF0002046FFF792FF08B12368D7E72368A1692E
:104F00001A6C22F480221A641A6C0A431A64FF2273
:104F10005A6201236377284638BD0023092803D845
:104F200040EA0310C0B270470A380133C0B2F5E757
:104F3000F8B5037F012B05464FF0020630D0012360
:104F4000037746774B78C8788E780C78002A48D15A
:104F5000DA0603D523F010030A334B70FFF7DDFFA9
:104F600007464878FFF7D9FF02463046FFF7D5FFDE
:104F700040EA443040EA074040EA02242B68CA2253
:104F80005A6253225A622846FFF75FFF2B68064693
:104F900040B1FF225A6204236B7700232B7701264E
:104FA0003046F8BD24F07F4424F0C0045C60DA6829
:104FB00022F08002DA609B689B060AD42846FFF73D
:104FC0002CFF30B12B68FF225A6204236B772E77B7
:104FD000E5E72B68FF225A6201236B7700232B77CA
:104FE000DEE71B0243EA0040304340EA4434C5E7B1
:104FF000F8B5037F012B06460F464FF002052FD070
:10500000012303770368457708784D788C789B688F
:1050100042BB13F0400308BFCB70FFF77EFF014691
:105020002846FFF77AFF02462046FFF776FFFB7817
:1050300040EA034040EA014040EA02243368CA22C1
:105040005A6253225A623046FFF7FFFE3368054624
:10505000A8B1FF225A620423737700233377012516
:105060002846F8BD13F040034FEA052508BFCB7072
:1050700045EA00402043CC7840EA0444DEE704F0EF
:105080007F3424F0FE441C609A68386922F4802240
:105090009A60FA68996802430A439A60DA6822F0D3
:1050A0008002DA609B689B060AD43046FFF7B5FEA3
:1050B00030B13368FF225A62042373773577CEE725
:1050C0003368FF225A620123737700233377C7E7DF
:1050D000030903EB830300F00F0000EB4300C0B2B1
:1050E0007047037F012B4FF002030FD04377036813
:1050F000CA225A6253225A629A6842F020029A6087
:10510000FF225A6201234377002303771846704732
:1051100003685A6822F0E0025A604268B2F5827F62
:105120000AD18268B2F5004F02D0B2F5806F03D188
:105130001A6822F040021A60826AB2F5005F09D153
:105140001A6822F400521204120C1A601A6842F40F
:1051500000521A60012380F85130002380F850304B
:105160000320704770B505460C46164629688B68C3
:105170009B0701D5002070BD621CF8D024B92846D9
:10518000BDE87040FFF7C4BFFDF7EAFF801B844213
:10519000ECD8F4E72DE9F041DDF8188005460F461C
:1051A00016461C462B6898683840B04202D1002051
:1051B000BDE8F081621CF6D024B92846BDE8F04174
:1051C000FFF7A6BFFDF7CCFFA0EB08008442E9D8AB
:1051D000F3E713B50B460092802100220446FFF747
:1051E000D9FF20B1636D43F020036365032002B053
:1051F00010BD704738B5044600283BD090F85130B8
:1052000003F0FF021BB980F85020FFF7F2FF21687E
:10521000A568A06AA269022384F851300B6823F0C4
:1052200040030B6063682B43E5682B4325692B43E0
:1052300065692B43E5692B43256A2B43034302F43D
:1052400000752B430B60120C636AB0F5005F02F02F
:10525000040242EA030208BFE36A4A6008BF0B6126
:10526000CB6923F40063CB6100200123606584F8DF
:10527000513038BD012038BD2DE9F3411E4690F86C
:105280005030012B04460D46904600F0BA800123B1
:1052900080F85030FDF764FF074694F85100C0B223
:1052A000012840F0AC80002D5FD0B8F1000F5CD039
:1052B000032384F8513000236365A363A4F8368088
:1052C000A387E38763642364A36822682563B3F537
:1052D000004F08BF1368A4F8348004BF43F4804330
:1052E0001360A36AB3F5005F09D1136823F4005378
:1052F0001B041B0C1360136843F400531360136802
:105300005B065EBF136843F040031360E368B3F5C8
:10531000006F63683AD11BB1E38E9BB2012B06D1BB
:1053200035F8023BD360E38E013B9BB2E386E38E0C
:105330009BB283B93A4631462046FFF713FF98B92E
:105340003A4631462046FFF744FF002840D020234C
:105350006365012009E023689A68900703D535F852
:10536000022BDA60DFE74EB90320012384F85130C5
:10537000002384F8503002B0BDE8F081711CD6D013
:10538000FDF7EEFEC01B8642D1D8EDE71BB1E38EE0
:105390009BB2012B06D115F8013B1373E38E013B41
:1053A0009BB2E386E38E9BB2002BC3D023689A683E
:1053B000920703D515F8012B1A73EFE7002ED3D00F
:1053C000731CEFD0FDF7CCFEC01B8642EAD8CBE7BA
:1053D000A36833B901932368DA6801929B6801934B
:1053E000019BA36AB3F5005F01BF2268136843F411
:1053F00080531360606D003018BF0120B5E70220B4
:10540000B3E70220B7E72DE9F04385B099460023C2
:10541000ADF80A3090F850300C9E012B04460D4632
:10542000904600F04581012380F85030FDF798FE4A
:1054300094F851306168DBB2012B07460AD0B1F510
:10544000827F40F03381A268002A40F02F81042B34
:1054500040F02C81002D00F01B81B8F1000F00F00E
:105460001781B9F1000F00F0138194F85130C4F89E
:105470003880012B04BF052384F851300023636575
:1054800023646364A36AA4F83E90B3F5005FA4F8B4
:105490003C902563A4F83690A4F83490236809D191
:1054A0001A6822F400521204120C1A601A6842F4AC
:1054B00000521A601A6850065EBF1A6842F0400235
:1054C0001A60E268B2F5006F6BD119B1E28E92B248
:1054D000012A06D135F8022BDA60E38E013B9BB23C
:1054E000E3864FF00109E38E9BB2B3B9E38F9BB221
:1054F0009BB9A36AB3F5005F40F0AE80012200972C
:10550000334611462046FFF745FE002800F09D80F7
:10551000636D43F00203636535E0B9F1000F1BD002
:10552000E38E9BB2C3B122689368990714D535F80E
:10553000023BD360E38E013B9BB2E386E38E1FFA0E
:1055400083F9B9F1000F29D1A16AB1F5005F03D148
:10555000116841F480511160E38F9BB263B12368FD
:105560009A68D20708D5DB6828F8023BE38F013B35
:105570009BB2E3874FF00109701CB4D0FDF7F0FD3A
:10558000C01B8642AFD80325012384F85130002385
:1055900084F85030284605B0BDE8F0834FF000098C
:1055A000DAE719B1E28E92B2012A06D115F8012B81
:1055B0001A73E38E013B9BB2E3864FF00109E38E41
:1055C0009BB21BB9E38F9BB2002B92D0B9F1000FB5
:1055D00021D0E38E9BB2F3B123689A6891071AD564
:1055E00029781973E38E013B9BB2E386E38E1FFAA1
:1055F00083F96A1CB9F1000F0AD1A16AB1F5005F05
:1056000004D12068016841F480510160154602E030
:1056100015464FF00009E38F9BB273B123689A6877
:10562000D2070AD5DB6888F80030E38F013B9BB2D4
:10563000E38708F101084FF00109731CBFD0FDF7A3
:105640008FFDC01B8642BAD89DE72368DB689BB2FA
:10565000ADF80A30BDF80A302268956815F01005DB
:1056600007D0636D43F0020363654FF6EF739360F9
:1056700001253A4631462046FFF774FD002882D1C5
:105680003A4631462046FFF7A4FD18B12023636552
:10569000012579E7A368002B7FF476AF0393236895
:1056A000DA6803929B680393039B6DE702256BE71F
:1056B00002256FE72DE9FF411D460023ADF80E30AE
:1056C0004368B3F5827F04460E4690460CD183684A
:1056D00053B9042380F85130134600950A46FFF76A
:1056E00092FE04B0BDE8F08194F85030012B00F038
:1056F000CD80012384F85030FDF732FD074694F841
:105700005100C0B2012840F0BF80002E7DD0B8F11A
:10571000000F7AD0042384F851300023636523639B
:10572000A4F83E80A386E38623646364A36AA66329
:10573000B3F5005FA4F83C8023680DD11A6822F409
:1057400000521204120C1A601A6842F400521A60D5
:10575000E28F013A92B2E287A268B2F5004F02BF2F
:105760001A6822F480421A601A6851065EBF1A68ED
:1057700042F040021A60E368CBB1E38F9BB2D3B131
:1057800023689A68D0074FD5DB6826F8023BE38F81
:10579000013B9BB2E387F0E723689A68D20732D5D2
:1057A0001B7B06F8013BE38F013B9BB2E387E38F52
:1057B0009BB2002BF0D1A36AB3F5005F45D12268FC
:1057C000136843F480531360012200972B4611465F
:1057D0002046FFF7DFFCB8B9E368B3F5006F236834
:1057E0004FF001020BBFDB681B7B338033700097E7
:1057F0002B4611462046FFF7CDFCF8B1636D43F010
:105800000203636500E03DB90320012384F85130B1
:10581000002384F8503064E76B1CC8D0FDF7A0FC6F
:10582000C01B8542C3D8EFE7002DEDD0691CA4D082
:10583000FDF796FCC01B85429FD8E5E72368DB682F
:105840009BB2ADF80E30BDF80E306368B3F5827FC1
:1058500023680AD1A268B2F5004F02D0B2F5806F7A
:1058600003D11A6822F040021A609A68D20606D55F
:10587000626D42F0020262654FF6EF729A60606DEF
:10588000003018BF0120C0E70220BEE7022028E751
:10589000704700002E4A0368904212D0B0F1804F4A
:1058A0000FD0A2F57C4290420BD002F5806290426C
:1058B00007D002F58062904203D002F57842904210
:1058C0001DD14A6823F070031343214A904204D14A
:1058D000CA6823F44073134328E0B0F1804FF7D037
:1058E0001C4A9042F4D002F580629042F0D002F55A
:1058F00080629042ECD002F578429042E8D0164A9D
:105900009042E5D002F580629042E1D002F58062DB
:105910009042DDD0A2F598329042D9D002F5806253
:105920009042D5D002F580629042D1D003608B685E
:10593000C3620B688362064B984206D003F580630E
:10594000984202D00123436170470B690363F9E772
:1059500000000140000400400040014010B5044632
:10596000A0B190F8393003F0FF021BB980F838205D
:10597000FFF78EFF022384F839302068211DFFF7DE
:1059800089FF012384F83930002010BD012010BDAB
:10599000036A10B501248C4023EA04030362036AFE
:1059A0008A401A43026210BD10B504460122006805
:1059B000FFF7EEFF2368084A934203D002F58062A6
:1059C000934203D15A6C42F400425A641A6842F07E
:1059D00001021A60002010BD00000140FFF7E4BF83
:1059E0002DE9F0470668C2683369C16923F4405362
:1059F00013433361044683680069F26803436069B6
:105A000022F41642034322F00C020B431343F360CB
:105A10007369A26923F440731343B1F5004F7361B6
:105A20007A4B7CD19E4203D003F580639E4244D1E1
:105A3000FEF7DAFD192505FB00F360684FF06409F5
:105A40004000B3FBF0F3B3FBF9F34FEA0318FEF7A2
:105A5000CBFD636868435B00B0FBF3F7FEF7C4FD62
:105A6000636868435B00B0FBF3F3B3FBF9F309FB36
:105A70001373DB003233B3FBF9F35B0003F4F87705
:105A8000FEF7B2FD626868435200B0FBF2FAFEF71F
:105A9000ABFD636868435B00B0FBF3F3B3FBF9F362
:105AA00009FB13A3DB003233B3FBF9F303F0070365
:105AB00043443B44B360BDE8F087FEF785FD1925FC
:105AC00005FB00F360684FF064094000B3FBF0F39E
:105AD000B3FBF9F34FEA0318FEF776FD63686843FA
:105AE0005B00B0FBF3F7FEF76FFD636868435B0094
:105AF000B0FBF3F3B3FBF9F309FB1373DB003233B1
:105B0000B3FBF9F35B0003F4F877FEF75DFD626821
:105B100068435200B0FBF2FAFEF756FDB9E79E4229
:105B200002D03B4B9E4240D1FEF75EFD67681925CF
:105B30004FF0640905FB00F3BF00B3FBF7F3B3FBC1
:105B4000F9F31F01FEF750FD636868439B00B0FB4B
:105B5000F3F8FEF749FD636868439B00B0FBF3F37D
:105B6000B3FBF9F309FB13831B013233B3FBF9F3E6
:105B700003F0F008FEF738FD626868439200B0FB5E
:105B8000F2FAFEF731FD636868439B00B0FBF3F364
:105B9000B3FBF9F309FB13A31B013233B3FBF9F396
:105BA00003F00F0343EA080383E7FEF70DFD676880
:105BB00019254FF0640905FB00F3BF00B3FBF7F3B1
:105BC000B3FBF9F31F01FEF7FFFC636868439B001A
:105BD000B0FBF3F8FEF7F8FC636868439B00B0FB8A
:105BE000F3F3B3FBF9F309FB13831B013233B3FB6C
:105BF000F9F303F0F008FEF7E7FC626868439200EF
:105C0000B0FBF2FAFEF7E0FCBDE700BF0010014078
:105C100000140140704710B5044640B390F8393085
:105C200003F0FF021BB980F83820FFF7F3FF22686A
:105C3000242384F83930D36823F40053D3602046FA
:105C4000FFF7CEFE23681A6922F490421A615A695E
:105C500022F02A025A61DA6842F40052DA60002027
:105C60002023E06384F8393084F83A3010BD0120F5
:105C700010BD00000FB407B5064B07491B6805AA05
:105C8000D868019204F050F803B05DF804EB04B05A
:105C9000704700BFF4070020B33901080268136899
:105CA00023F0400310B513600446FFF7A3FA10B1C8
:105CB000054801F08DFCA36823B92268136843F0FE
:105CC0004003136010BD00BFEC3901082DE9F04F0F
:105CD000884687B004465949BDF94060404615469C
:105CE0001F4600F069FD56498146284600F064FDD4
:105CF00054490190384600F05FFD534982463046D2
:105D000000F05AFD019B83461946484600F02EFDDF
:105D100059468146504600F029FD0146484600F0AC
:105D200025FDE065013004D16F224849484800F064
:105D3000D1FE484BE26D9A424FF000034BD10293E3
:105D4000454B5A6C42F480525A645B6C03F48053A6
:105D50000293029B232384F858303849404600F0D0
:105D6000E1FC3749284600F0DDFC3649384600F0B2
:105D7000D9FC731CA4F86050A4F86280A4F8647085
:105D8000A4F8666057D03049304600F0CBFC4FF4A1
:105D90008023A361E36D236001354FF4827308BF54
:105DA0004FF4004263604FF03803E36108BFA26024
:105DB0004FF000034FF0070218BFA3606361236137
:105DC000A362E262E360236263622046FFF766FF3C
:105DD00007B0BDE8F08F21498A420CD103931E4BD6
:105DE0001A6C42F480421A641B6C03F480430393E0
:105DF000039B2423AFE71A498A420CD10493164B24
:105E00001A6C42F400421A641B6C03F400430493BE
:105E1000049B33239FE713498A429ED105930E4B7F
:105E20005A6C42F400525A645B6C03F400530593BD
:105E3000059B54238FE74FF40073AAE7A03F0108A6
:105E40004C3F01082440010890400108023A010833
:105E50005F3A01080030014000380240003800403D
:105E6000003C00400034014010290CBF4FF4006199
:105E70000021012A10B50446C16023D0022A24D093
:105E800032BB02616261A269B2F5007F05D0002BCE
:105E900014BF00224FF48022A261002B14BF002304
:105EA0004FF48273636008D0A368B3F5004F04D148
:105EB0000948FFF7DFFE0023A3602046BDE810403D
:105EC000FFF7ECBE00210161DCE702610022D9E7A7
:105ED000022202610122D5E7B339010870B50446F8
:105EE0000E46FEF71DFA0023022290FBF2F0B042AC
:105EF000DDB203DD0133082B09D10725054B33F84B
:105F00001530E3612046BDE87040FFF7C7BE90FB47
:105F1000F2F0ECE74843010807B583680191B3F557
:105F2000004F024607D10A23012201A9FFF7A4F975
:105F300003B05DF804FBC36D99688907FCD5D1688F
:105F4000019AB1F5006F0CBF92B2D2B2DA609A68D2
:105F5000D207FCD5D868B1F5006F0CBF80B2C0B2D3
:105F6000E6E72DE9F84F0A9E84689DF82CB096422A
:105F7000354680468A4617469946B8BF154694B9B5
:105F8000AC4202DB2846BDE8F88FBC42B4BF1AF829
:105F9000041059464046FFF7BFFFB442B8BF09F8A6
:105FA00004000134ECE73AB10A23534392B2FFF7FD
:105FB00063F9002818BF0025002EE3D00A2373439D
:105FC000B2B249464046FFF775FB002818BF0025CE
:105FD000D8E700000D4AD2F8883043F47003C2F8C5
:105FE00088300B4B1A68002142F001021A60996058
:105FF0001A6822F0847222F480321A60054A5A60CC
:106000001A6822F480221A60D960704700ED00E01F
:106010000038024010300024F0B5ADB02C4B002108
:1060200001911A6C42F080521A641B6C03F0805389
:106030000193019B274B02911A6842F440421A6077
:106040001B6803F440430293029B0123089300283A
:1060500039D14FF4803309934FF480030F934FF4F9
:10606000B47302250826119308A807230E951096ED
:10607000129513931495FEF735FD38BBFEF7CEF954
:10608000074618BB4FF4C0731C934FF480731593ED
:1060900015A84FF000632A931B961D96FEF7D2FABF
:1060A0000F2303934FF4A053069305214FF480531D
:1060B00003A8049505970793FEF7ECF9B0FA80F072
:1060C00040092DB0F0BD4FF4A023C4E70020F8E74D
:1060D000003802400070004030B5ADB00023294ABE
:1060E0000193116C41F080511164126C02F08052E6
:1060F0000192019A244A0293116841F440411160CF
:106100001268099302F440420292029A0F9303220A
:106110004FF4B4730892012202240B9211931022BF
:10612000062308A80C920E94109212941393FEF773
:10613000D9FC10B100202DB030BDFEF76FF9054637
:106140000028F7D108231B931D934FF48073C022BE
:10615000159315A84FF000631C922A93FEF772FA6C
:106160000F2303934FF4A053069305214FF480535C
:1061700003A8049405950793FEF78CF9B0FA80F014
:106180004009D8E7003802400070004008B50120FF
:10619000FFF742FF38B9FFF79FFF20B90248BDE87B
:1061A000084001F015BA08BD7A3A0108174A1849A3
:1061B000936803F00C03042B10B50DD0082B0DD001
:1061C000144B0B60114B144A9B68C3F30313D25C4E
:1061D0000B68D3400B6010BD104BF2E75468506859
:1061E00052686302C2F3881200F03F004CBF0B4BB1
:1061F000084BB3FBF0F35343044A5268C2F3014225
:1062000001325200B3FBF2F3DBE700BF003802407B
:10621000640600200024F4005843010800127A00AC
:10622000074B084A13601A69910707D5DA68920785
:1062300004D56FF002021A6100F08AB9704700BFFE
:10624000000C00406C390020004870477043010882
:1062500030B589B001A903A8FEF7D6F9FEF7B4F965
:10626000002302931E4B01901A6C1E4C42F0080250
:106270001A641A6C02F008020292029A1A6A42F038
:1062800008021A621A6A22F008021A62069AA3F534
:106290000B3323604FF0FF33E360134BF2B9B0FBD5
:1062A000F3F00138002560600E482561A560656146
:1062B000FFF754FB0D4B0E4A9B680A48C3F80821B0
:1062C0000C4B4FF480225A602946FFF787FB226867
:1062D000D36823F00203D36009B030BD4000DEE78D
:1062E000003802406C39002040420F0000ED00E011
:1062F0002162000800E100E0014B586A704700BFCE
:10630000000C0040054B1B686FF0020258631A61D5
:10631000DA6842F00202DA60704700BF6C39002090
:10632000064B1B686FF002021A615A6942F00202C2
:106330005A61DA6842F00202DA6070476C39002074
:10634000034B1A68D36823F00203D360704700BF81
:106350006C390020FFF7F4BF024B1B686FF002029C
:106360001A6170476C39002003689B681847000069
:10637000094B10B5002203600023C0E9022300236B
:1063800003614361044600F0DFF80449A06100F0B6
:1063900059FF204610BD00BF804301086963000813
:1063A00007B5009000F10801806900F08AFF03B092
:1063B0005DF804FB00F10801806900F0ABBF00004C
:1063C00010B5034B03600446FFF7F4FF204610BDF1
:1063D0008043010870B5D0E90823D0E9024506469C
:1063E00012196B41FFF7DCFF736B2BB106F128002C
:1063F0001B68BDE87040184770BDD0B5044616460E
:106400001F4600F07DFD2046FFF7D4FFC4E9086772
:10641000A06900F09AFF321847EB01032046FFF70E
:10642000BFFFBDE8D04000F081BD7FB5044600F05D
:1064300067FD2046FFF7BEFF636B13B194F8383059
:10644000E3B904F128066D4610220021684604F0E5
:10645000BDFDAE420BD03046FAF7C4FA3EB1039B05
:106460001BB15B68694630469847039B63632846C7
:10647000FAF7B8FA00F05AFD04B070BD00F00CFB5A
:10648000DFE700001FB5436B044600F1280113B19C
:106490005B6868469847636B03932046FFF7C5FF28
:1064A000039B2BB940F239220649074800F012FB42
:1064B000039B68461B6898476846FAF793FA04B04E
:1064C00010BD00BF8E3A0108E93A010870B50E46CA
:1064D00004461546FCF742FC013609D0204600214F
:1064E000FCF760FC29462046BDE87040FCF756BC2E
:1064F00070BD38B504460D4603685AB18268136012
:1065000020460121FCF74EFC29462046BDE83840D4
:10651000FCF744BCC2681B04F1E70022FFF7D6BFBA
:1065200070B50E4604461546FCF718FC013606D039
:106530002A4620460021BDE87040FFF7DABF70BD53
:106540000022FFF7EDBF000000487047B443010888
:10655000024B1B680BB102481847704768060020C1
:10656000B44301087047A0F1BC00FFF7FBBFA0F1E6
:10657000BC00FFF7F7BF00F0B7BBA0F1BC00FFF70E
:10658000FABF00F0B4BBA0F1BC00FFF7FABF0000F7
:1065900038B504461D46049B00F0B0FB294604F1C3
:1065A000BC0001F055F9064B03F10802226003F12B
:1065B00028028833C4F8BC20C4F8C030204638BD57
:1065C000D84301080346024A2030FCF7D7BC00BF7D
:1065D00001670008F8B50546134B45F8043B04462F
:1065E0000F4610261C220021284604F0EFFC3246FC
:1065F000002104F1200004F0E9FC3246002104F1FE
:10660000300004F0E3FC3246002104F1400004F0C5
:10661000DDFC39462046FFF7D5FF28463946FFF70F
:106620007CFF2046F8BD00BF7044010810B5084B40
:10663000044640F8203BFCF763FD04F14000FAF704
:10664000D1F904F13000FAF7CDF9204610BD00BFB2
:106650007044010810B50446FFF7E8FF2046FDF737
:1066600034F8204610BD884238B504460D460AD09D
:10667000FAF7B8F93CB1EB681BB15B6829462046D4
:106680009847EB68E360204638BDF0B50F4685B00B
:10669000044600F035FCFD6804F13006203465B195
:1066A00039463046FFF7DFFF012201212046FCF783
:1066B000EDFB00F03BFC05B0F0BD1022294668461A
:1066C00004F084FC69463046FFF7CDFF6846FAF7D0
:1066D00089F92A46E9E70000C36810B504462BB9DA
:1066E00040F239220449054800F0F4F9E3682046F5
:1066F0001B68BDE8104018478E3A0108E93A0108C6
:10670000012908B502D0022906D008BDC36B13B118
:106710003030FFF7E1FF08BDC36C002BFBD04030E9
:10672000F7E7000013B5044601300FD102B010BDE9
:106730009C420AD120468968FDF712F900212046C3
:1067400002B0BDE81040FDF7A3B90C31B1F900303B
:106750005A1CEDD10023009322460249024800F062
:1067600059FFE3E71F3B010830010180884207B56C
:1067700002460BD0431C09D001310BD0002306493F
:106780000093064800F046FF4FF0FF31084603B083
:106790005DF804FB0146F9E7EE3A0108300101809B
:1067A000B1F900305A1C01D118467047834201D11B
:1067B000486870470C31F3E7421C13B504460BD010
:1067C000FFF7EEFF431C044606D100230246009368
:1067D0000349044800F01EFF204602B010BD00BF70
:1067E000FF3A01083001018010B480B11468536889
:1067F0000CB9DA070BD513F0010F4FEA63031CBF86
:10680000C2581459184423465DF8044B18475DF8E4
:10681000044B7047064B19681A1D01B91A601B68B2
:10682000934204D05E220349034800F053B97047F5
:10683000843500207F360108DE36010870B50A4D28
:106840002B68834204460ED0061DD0F8D020D0F825
:10685000CC1000233046FFF707FBD4F8D4103046A5
:10686000FFF73CFB2C6070BD8C350020036870B5D1
:106870009B6804460D46164698470C4BC4F8CC500E
:106880001B68C4F8D0609C420BD1002332462946D5
:10689000201DFFF7E9FA23682046DB68BDE8704059
:1068A00018472046FFF7CAFFF5E700BF8C350020E8
:1068B00038B5036804469B680D4698472046FFF7A5
:1068C000BDFF2946201DFFF727FB23680546DB682F
:1068D00020469847284638BDF7B51F46036804464A
:1068E0009B680D46164698472046FFF7A7FF94F889
:1068F000D8300193089B009329463B463246201D21
:10690000FFF72FFB23680546DB682046984728469B
:1069100003B0F0BD2DE9F04306469946274B46F8F3
:10692000043B85B0044600250F4690460021902286
:10693000304604F04BFB04AB0295039513E90300CA
:1069400004F198021E4B82E80300C4F8A03048F21C
:106950000703C4F8A4301B4BC4F8AC50C4F8A840DB
:10696000C4F8B020C4F8B430BFF36F8FBFF34F8FBB
:106970001022294604F1B80004F028FB0823C4F8CB
:10698000CC30114BC4F8D430FF2384F8D830BDF993
:106990003030009342464B463946304684F8C85062
:1069A00084F8C950C4F8D050FFF790F92046FFF79B
:1069B00045FF204605B0BDE8F08300BF80440108D4
:1069C00001A090E8E967000840420F00C36810B5D5
:1069D00004460BB19B689847204610BD38B5044665
:1069E00048B15830A04206D0A0F12C051438FFF76A
:1069F000EDFF2846F6E7204638BD38B500250446A9
:106A0000294640F8045B282204F0E0FA10222946C7
:106A100004F1180004F0DAFA204638BD10B50A4C2B
:106A20002046FFF7EAFF04F12C00FFF7E6FF002302
:106A3000A3652046E365054A84F860300449BDE853
:106A40001040FCF7D7BC00BF20350020C801002053
:106A5000DD69000813B50D4C00F052FA22884FF69C
:106A6000FF739A4208D100F061FA00232288009354
:106A70000749084800F0CEFD0121044800F064FAFF
:106A800002B0BDE8104000F051BA00BF90350020C0
:106A9000303B01082301048037B50B4D00F030FA7C
:106AA0002C8844B900F042FA2A880094234607490A
:106AB000074800F0AFFD0121034800F04FFA03B092
:106AC000BDE8304000F032BA90350020553B010857
:106AD0002401048070B504460D46164600F010FAF5
:106AE00033462A4621460348FCF7A8FBBDE8704020
:106AF000FCF74EBB733B010809B9C82805D010F05C
:106B0000030F0CBF012000207047084670470000AB
:106B1000F8B507460E4641B338B34469A4F14605BB
:106B2000882D22D80368416880684FF4616E0EFB9F
:106B300000F04FF03C0E0EFB01011944FB681848B1
:106B4000013B00FB031311462046FFF7D5FF3F69C9
:106B50000C2101FB0070134951F82010CE2C0B447E
:106B600009D122B910498B4207D90020F8BD012A6A
:106B700003D10E49F7E7462C0FD0611E8910A1F111
:106B800011001AB9C82CC8BFA1F1120040F26D1251
:106B900002FB0505024A02FB053333600120F8BD04
:106BA00080510100984401087F223100FFD02F005E
:106BB00070B50B4600295AD03C21B0FBF1F501FB22
:106BC00015041C60B5FBF1F401FB14511825596044
:106BD0004FF46161B0FBF1F1B1FBF5F405FB141169
:106BE0009960244CB0FBF4F40721201DB0FBF1F1B7
:106BF000C1EBC101411A9961462159615D69114694
:106C00002846FFF779FF38B1B4F5B77F0DD30135CA
:106C10005D61A4F5B774F1E7B4F5B67F05D9013528
:106C20006FF4B6715D610C44E8E7124A1249DC6109
:106C3000302554430B221A6105FB0015002255F83C
:106C40002260B4420FD2013A1A611A690C2505FB81
:106C50000020084A51F82000241AB4FBF2F4013451
:106C6000DC60012070BD01320C2AE8D1EDE7084656
:106C700070BD00BF80510100984401087047704703
:106C800010B480B1146853680CB9DA070BD513F04F
:106C9000010F4FEA63031CBFC2581459184423461E
:106CA0005DF8044B18475DF8044B7047090170B557
:106CB00001F198050544EB6883B14418D4F8A43079
:106CC0002BB940F2392206490648FFF703FFD4F8F2
:106CD000A43028461B68BDE87040184770BD00BF4F
:106CE0008E3A0108E93A01084C30FDF7F5BA10B5C3
:106CF0004C300C46FDF702FB204610BD2DE9F04F4D
:106D000087B00025924600950246019504468946C3
:106D10009B469DE80300324B42F8083B314B82E82A
:106D20000300236148F2070363612F4BE561A4610F
:106D300022626362BFF36F8FBFF34F8F102284F81C
:106D4000285084F8295004F12C0004F03FF904F194
:106D50004C062946102204F13C0004F037F904F1F6
:106D6000980829464C22304604F030F904F1A8076F
:106D700029461022404604F029F9294610223846B7
:106D800004F024F910222946C4F8B8B002A804F08F
:106D90001DF902A94046FFF766FC02A8F9F722FE9A
:106DA0001022294602A804F011F902A93846FFF77B
:106DB0005AFC02A8F9F716FE524649463046FDF73E
:106DC000BBF8D4F8B8103046FDF77EF830462246BE
:106DD0000649FDF705FA204607B0BDE8F08F00BF71
:106DE0000045010801A090E8816C0008AD6C000826
:106DF0002DE9FF410646884656F84C3B17461B686E
:106E000005463C01984700F07BF8D8F80C309834E0
:106E10002C44ABB1E3680BB9FFF71CFE414620469A
:106E2000FFF721FC012239463046FDF7E5F900F075
:106E30007DF82B6828465B68984704B0BDE8F08170
:106E4000E3680BB1FFF728FE10220021684604F02A
:106E5000BDF869462046FFF706FC6846F9F7C2FD13
:106E60000022E0E77FB51A4B0360044610220021A0
:106E7000684604F0ABF8002269462046FFF7B8FFE9
:106E80006846F9F7AFFD10220021684604F09EF82D
:106E9000012269462046FFF7ABFF6846F9F7A2FDDD
:106EA00014F1980608D004F1B805B54204D0103D9D
:106EB0002846F9F797FDF8E704F13C00FFF786FD57
:106EC00004F12C00FFF782FD204604B070BD00BF26
:106ED0000045010810B50446FFF7C4FF2046FCF743
:106EE000F4FB204610BDEFF31080C04300F001001A
:106EF0007047EFF30580003018BF01207047000095
:106F000010B5074C2368013304D1552205490648C2
:106F1000FFF7E0FD00F0F8FC23680133236010BDAB
:106F200094350020A43B0108F93B0108054B1A6881
:106F300032B11A68013A1A601B680BB900F0F6BC4E
:106F4000704700BF94350020D0E85F3F0B449BB2F0
:106F5000C0E8523F002AF7D118467047D0E85F3F9B
:106F60005B1A9BB2C0E8523F002AF7D1184670471F
:106F70002DE9F74F90E8080404465B68984763687A
:106F80001B6A98423FD0DAF82030DAF80840CAF895
:106F90002000A0EB0308DAF80C30314808EA0308B7
:106FA000844246464FF0000727D0DAE90A239AF8D0
:106FB0003AB0A8FB0089CDE900230025BBF1000F02
:106FC0002BD05A464046494609F0DCFEDDE9002355
:106FD00012EB080243EB090390465A4699460646CF
:106FE0000F4609F0DBFEB8EB000069EB0101A94296
:106FF00008BFA0420AD2CAE90A01DAE90C23B6188E
:107000005F41CAE90C6703B0BDE8F08F013647F174
:107010000007001B61EB0501EDE722462B464046C9
:1070200049460AF07BFB224606460F464046494643
:107030002B460AF073FBDDE9008918EB020849EBE7
:107040000309A94508BFA04502D2CAE90A89D4E7C5
:10705000013647F10007B8EB040869EB0509F4E7CE
:1070600040420F00824206D98A420BD9884294BF1F
:10707000002001207047884206D98A428CBF002038
:107080000120704701207047002070472DE9F0472C
:10709000466896F839300746002B5BD1FFF768FF4A
:1070A0007D68D7F800A06B68002B49D0D5E90C8922
:1070B000D3E90001894508BF804504D3DAF81430CC
:1070C000BDE8F0471847D5E90623B0EB080861EBA7
:1070D00009094B4508BF42452C6906D3AB681E4AD7
:1070E000934219D1444528BF44462A6A336A14445E
:1070F000EA681440A342E1D0DAF8103020469847FD
:107100003B685B68984722460146306AFFF7AAFF52
:1071100000B33B685B69D3E795F83A205AB1404623
:10712000494609F03BFE0C4A00230AF0F7FA844274
:1071300028BF0446D9E7A3FB080103FB0911F2E7C6
:107140003369306AF26818441040DAF81030BDE84C
:10715000F0471847BDE8F08740420F002DE9F04F97
:107160000368054685B01B6898472B689B6998475C
:10717000066804462EB929222F493048304EFFF7C1
:10718000A9FC1F23012202FA03F1B1425FFA83FB3B
:1071900002D0013BF7D19B46D4F804A0AAF1040326
:1071A0001C2B06D9372224492448FFF793FC4FF0C3
:1071B000200AAAF10403072716F1FF3007FA03F7A4
:1071C0001F4C4FF0000343F1FF313246C4FB07016F
:1071D0000AF0A4FA6C682A6800232360636052688E
:1071E0000393CDE90001904720626C684FF00008DE
:1071F0004FF000095246C4E90A89A66084F83AB003
:107200000120002109F0CAFDDDE90023C4E90623BD
:10721000039B84F8393001380123E0602761284658
:10722000C4E90C8984F83830FFF7A2FE284605B07F
:10723000BDE8F04FFFF72ABF2A3C0108D73C010800
:1072400040420F0038B5436893F8383004460D4685
:107250000BB9FFF783FFFFF753FE63681D60BDE8BE
:107260003840FFF763BE70B50446FFF749FE236858
:10727000DB6898476368012283F8392063685B689C
:10728000A3B12046FFF774FE65686E68D5E90C016E
:10729000D6E90023994208BF904207D3F3686B6098
:1072A0002B68002BEAD0B0689847E7E763680022B4
:1072B000204683F83920FFF7E9FEBDE87040FFF76C
:1072C00035BE2DE9F04180460C4616461F46069D08
:1072D000FFF716FE4046FFF74BFED8F80420A560E6
:1072E000C4E90067536800254BB9E36085B9546071
:1072F0004046FFF7CBFEBDE8F041FFF717BED3E9EC
:1073000000018F4208BF8642EFD31D46DB68EBE7E2
:10731000EC60F0E738B505460C46FFF7F1FD6A680A
:107320005368A34209D1DB6853602846FFF7AEFEDD
:10733000BDE83840FFF7FABD1346002BF8D0DA68F5
:107340009442F9D1E268DA60F2E7436893F83830A2
:1073500010B504460BB9FFF701FFFFF7D1FD20463A
:10736000FFF706FEFFF7E2FD6368D3E90C0110BDED
:1073700008B5FFF7EAFF08BD70B50E4600250446C4
:10738000056045600F49304603F0DEFE0644266086
:1073900023681A782F2A0ED10133236025B92922B8
:1073A00009490A48FFF796FB2946304600F0D6F90E
:1073B0006060204670BD002AF0D0013301352360A3
:1073C000E6E700BF7C3C01087E3C0108D03C010898
:1073D00000687047406808B520B100F06FF9431E9F
:1073E0005842584108BD10B50446FFF7F3FF10B1ED
:1073F000606800B1043810BD406808B520B100F0E5
:107400005DF9B0FA80F0400908BD10B50446FFF7F9
:10741000F3FF10B1606800B1043810BD406800305F
:1074200018BF0120704770B50446FFF78DF8064677
:10743000FFF79EFF05463046FFF79AFF401BA0422C
:10744000F9D370BD07EE100ADFED047A67EE277AF4
:10745000FDEEE77A17EE900AFFF7E5BF00247449C6
:107460004FF47A735843FFF7DEBF00002DE9F04177
:107470001B4C1C4E237836EA200628BF0646012BFB
:107480008EB00F46904600D1FEE7174DFFF738FD4E
:1074900001232370FFF74AFD2B68002201333421BA
:1074A00001A82B6003F092FD2B680196012BCDF80B
:1074B0000880039704D1342201A90C4804F040F954
:1074C000342201A90A4804F03BF90A4B1B680BB1AE
:1074D00007489847002020700EB0BDE8F08100BF3B
:1074E000A03500200101FF8098350020A435002040
:1074F000D83500209C35002073B5274C2168C1F396
:107500004173032B0CBF4D428DB2C1F307432A4692
:1075100006462248FBF792FE6FF498731D44072D30
:1075200009D8DFE805F0042326292C322F35A1687D
:107530001B48FBF783FE3046FBF780FE6168194865
:10754000FBF77CFEA1681848FBF778FEE36901931E
:10755000A369009304F10C010EC91448FBF76EFEF9
:10756000134802B0BDE87040FBF768BEA16811483F
:10757000DFE7A1681048DCE7A1681048D9E7A168F7
:107580000F48D6E7A1680F48D3E7A1680E48D0E7B7
:10759000A1680E48CDE700BFD8350020EE3C0108B9
:1075A0003F3D0108CC3D0108DC3D0108EF3D0108ED
:1075B0003E3E0108543D0108633D0108713D01084C
:1075C000833D0108963D0108A93D0108B73D01082A
:1075D0000FB437B50C4D2978724679B90B48FFF7CF
:1075E00045FF0B48FFF788FF012407A906982C7078
:1075F0000191FBF7F9FD2046FBF7FEFE03B0BDE865
:10760000304004B0704700BFA03500200001FF806B
:10761000D93C010810B50C4611467246FFF726FF0B
:1076200068B92046FFF768FFFFF763FC10B9FFF762
:107630005AFC08B930BFFDE70120FBF7DDFE014829
:1076400010BD00BF0F01FF8010B504460748FCF7CE
:107650003FF8074B1B6803B19847064B1B680BB1FB
:10766000204698470148FCF733F810BD0C3600203F
:10767000740600206C06002038B505460C48FCF75F
:1076800027F80C4B1B681BB1984708B9FFF7DCFFC4
:10769000094B1B6843B19847044605B12C60044868
:1076A000FCF716F8204638BD4FF0FF34F5E700BF71
:1076B0000C3600207006002078060020007B704702
:1076C00038B504460A4B0360002343600D46A160B1
:1076D00002730848FBF7FCFF45B1074B1A6862606C
:1076E0001C600448FBF7F4FF204638BD6560F8E7EE
:1076F00018450108183600201436002010B50F4B2D
:10770000036004460E48FBF7E3FFA3682BB10D4A64
:1077100013689C420CD1636813600948FBF7D8FFDB
:10772000237B13B9201FFBF7E9FF204610BD13464A
:107730005A689442FBD162685A60EEE71845010826
:10774000183600201436002010B50446FFF7D6FF87
:107750002046FBF7BAFF204610BD000070B5064674
:107760000C480D46FBF7B4FF0B4B1C685CB1A068DE
:1077700070B12A46314603F077FC48B9A06804F09E
:107780007FF8854204D10348FBF7A2FF204670BD75
:107790006468EBE71836002014360020002070479C
:1077A00070477047F8B503681B6D0E4604468F1886
:1077B00098473546BD4207D0236815F8011B9B6CDE
:1077C000204698470130F5D1236820465B6D9847E5
:1077D000A81BF8BDF8B503681B6D0E4604468F184C
:1077E00098473546BD4208D023682046DB6C984751
:1077F000431C02D005F8010BF4E7236820465B6DBB
:107800009847A81BF8BD00207047704700207047BC
:107810000020704710B5054B03605033044640F814
:10782000043FFFF76BFF204610BD00BF284501084D
:10783000A0F10400EEE700BF10B50446FFF7EAFF31
:107840002046FBF742FF204610BDA0F10400F3E7FD
:10785000104B13B50022044640F8043BFFF730FFFD
:107860000D4B236060336360002363610B49204646
:10787000FBF78EFF0346606120B1FBF7C2FD204697
:1078800002B010BD0090024605490648FFF7C2FE4F
:10789000F5E700BFF845010888450108583E010892
:1078A0005B3E01081901018010B5074B03F1080286
:1078B0006833044602604360406902F0F5FA2046EE
:1078C000FFF7A8FF204610BD804501080EB477B52C
:1078D000036807AD044655F8046B1B6D9847606953
:1078E000019502F0ADFB019A6069314602F01CFA85
:1078F000236805465B6D20469847284603B0BDE8DF
:10790000704003B070470000EFF31083DB4372B6A2
:10791000044A117829B9044903F001030B700123CB
:1079200013707047213600202036002008B5EFF391
:107930001083DB0704D4362205490648FFF7CAF84E
:10794000054B00221A70054B1B7803B162B608BDC7
:107950006E3E0108CA3E0108213600202036002074
:10796000036870B51B690122002104469847051E73
:107970000DDB236802221B690021204698472368FB
:10798000064629461B690022204698473546284668
:1079900070BD0000024B014618680AF0A3B800BF92
:1079A000F4070020024B014618680AF09FB800BF98
:1079B000F4070020024B1B680022C3E9260270472F
:1079C000F40700200C4B0D4819680D4AD1F8983087
:1079D00010B4D1F89C4003FB00F002FB0400A3FBB1
:1079E0000232013340EB0200C1E926305DF8044B5E
:1079F00020F00040704700BFF40700202DF45158DC
:107A00002D7F954C000000002DE9F04FDBB01646AD
:107A100008911C4683460E9303F0B6FB0368179348
:107A2000184603F02DFF0822169000212AA803F023
:107A3000CDFABBF1000F04D0DBF83430002B01F09D
:107A4000D981089B5A6EB3F90C30D70740F1C38532
:107A50009D0400F17787089943F4005322F4005203
:107A60008B814A661BB21D0740F18F85089A126907
:107A7000002A00F08A8503F01A020A2A00F0948591
:107A80009FED937B00239E46CDE91AEE8DED127B90
:107A9000CDE92F3331AB2E931C46CDF860E0CDF805
:107AA00064E0CDF824E0CDF844E037463D468A4B0B
:107AB000D3F8E46003F062FB2AAA0346009226A9E9
:107AC0002A465846B047002800F0D583C0F2CB8341
:107AD000269A252A034601D01D44E8E7B5EB07089E
:107AE000064640F0CC8300234FF0FF328DF88F30F4
:107AF0009A460A9301352B78079201359946A9F1E8
:107B000020035A2B5CD8DFE813F054025B005B00C3
:107B100050025B005B005B0033025B005B00AB016B
:107B2000BA015B00B60116025B001202D100D1005F
:107B3000D100D100D100D100D100D100D1005B0033
:107B40005B005B005B005B005B005B00E9005B00CF
:107B50004601C602E900E900E9005B005B005B004A
:107B60005B000E025B005B00BF015B005B005B0023
:107B700076015B001D035B005B0017085B005B0088
:107B80005B005B005B005B005B005B00E9005B008F
:107B900046013101E900E900E900BC0231012D0193
:107BA0005B00B2025B007802650287022D015B0078
:107BB00076012B01E6025B005B0087085B002B016E
:107BC000B9F1000F00F06F830023CDE90F330122DC
:107BD0008DF804918DF88F300B930C9207931593C9
:107BE00041AF0692309E14961AF0840300F0F5809F
:107BF0009DF88F2002B32F984FF00008013001222A
:107C00000136626007280DF18F02CDE92F06226050
:107C100000F3F2840834B8F1000F0DD02F98013032
:107C200024AA0236226007284FF00202CDE92F066F
:107C3000626000F3EF840834802B00F09583079B8B
:107C40000C9AA3EB0208B8F1000F00F3D2831AF4E8
:107C5000807F40F032830C9B63601E442F9B276023
:107C60000133072B30962F9300F32C8408341AF03D
:107C7000040F05D00A9B069A9F1A002F00F3D884A0
:107C8000DDE9093206998A42ACBF9B185B1809935B
:107C9000002E40F0ED8300232F930B9B1BB10B991B
:107CA000584609F023FF31AC2F46FFE6A9F1300317
:107CB000002215F8019B02EB820203EB4202A9F1BC
:107CC0003003092BF5D90A9219E700BFAFF3008002
:107CD0000000000000000000880600200E9B073313
:107CE00023F00703B3EC027B8DED127B0E93139B05
:107CF0008DED1E7A23F000431F93DDE91E01B24B88
:107D00004FF0FF3209F0ACFC002840F0BB86DDE903
:107D10001E01AD4B4FF0FF3209F084FC06460028EF
:107D200040F0B086DDE91201002200232AF0800A2B
:107D300009F06EFC002841F0FD839DF88F30B9F109
:107D4000470FCCBFA14FA24F002B41F095860322D5
:107D5000CDE90F330B930C9207931593069241E7ED
:107D60002B78CAE62B784AF0200AC6E61AF0200FD4
:107D700040F063860E9A1AF0100F52F8046B41F02F
:107D8000A2871AF0400F0E9201F02E8146F3C03800
:107D9000434636B28FE10E9BB9F1430F03F104065F
:107DA00000F087871AF0100F40F083870E9B1B6846
:107DB0008DF80431012306930C9341AF0023CDE9E4
:107DC0000F330E968DF88F30309E0B9307931593DB
:107DD0001AF0840314967FF40BAF0A9A0698A2EB6C
:107DE0000008B8F1000F00F30D859DF88F20002AE0
:107DF0003FF425AFFFE6DDF8388058F8047B002318
:107E00008DF88F30002F00F04387B9F1530F01F048
:107E10000C801AF010030F9341F00780079B002B92
:107E2000C1F23D821A460F99384603F039FC9DF89D
:107E30008F300B90002801F089860B9AD21B0C9290
:107E400022EAE27206920BB1013206920F9BCDF844
:107E500038800793159310930B934FF07309C1E685
:107E60000E9B53F8042B0A92002A80F280850A9A0E
:107E70000E9352420A922B784AF0040A3DE62B23D5
:107E80008DF88F302B7838E61AF0200F4AF010006A
:107E900000F0F0850E9B073323F007031A4659685C
:107EA00052F8083B0E9200228DF88F20079A002A84
:107EB00018DB53EA010220F4906A15D1079A9AB9A7
:107EC00010F001031A46069300F08B8730238DF8DB
:107ED0006731079B0C92CDE90F3315930B930DF28D
:107EE00067177FE620F4806A5AAF03F00702DB08C9
:107EF00043EA4173C908303253EA0106384607F8AD
:107F0000012DF2D11AF001030F9340F06384079919
:107F100015935AAAD21B9142B8BF11460C920691F2
:107F200010930B935EE62B784AF0080AE5E52B7870
:107F30004AF0800AE1E5294611F8019BB9F12A0FC0
:107F400001F09486A9F13003092B98BF002201F2B9
:107F50007F8411F8019B02EB820203EB4202A9F13C
:107F60003003092BF5D942EAE27307930D46C6E5C3
:107F7000584603F009F943681993184603F080FC4A
:107F80001B900646584603F0FFF882682B781A9239
:107F9000002E3FF4B2AD002A3FF4AFAD1278002AB4
:107FA0003FF4ABAD4AF4806AA7E52B784AF0010AAA
:107FB000A3E59DF88F202B78002A7FF49EAD202228
:107FC0008DF88F2099E500BFFFFFEF7F4446010841
:107FD000404601081AF0200F40F0F6840E9A1AF07D
:107FE000100152F8043B41F07C861AF0400001F089
:107FF0000C809BB20E92504655E70E9A1AF0200F55
:1080000002F1040300F0E384126809991160C917B2
:1080100051600E932F4649E50E9A079F52F8040BC4
:10802000002147F630038F42ADF890308DF88F1065
:108030000346C0F2F3852AF0800646F0020A0028C3
:1080400040F0EE85002F01F036800E9230230122A1
:10805000069710908DF867314FF078090DF2671789
:1080600015900C920F9084460B9000F0BABD2B78BF
:108070006C2B03BF6B784AF0200A01354AF0100AD6
:108080003BE52B78682B03BF6B784AF4007A013507
:108090004AF0400A31E51AF0200F4AF0100300F0D0
:1080A000CF840E9A073222F007029A46536852F89C
:1080B000086B0E929846002BC0F2CE84079A002AD5
:1080C00020DB56EA08032AF0800A1BD1002A00F0C0
:1080D000A58730231DE01AF0200F00F08A84514656
:1080E0000E9B073323F007031A46D3F8048052F897
:1080F000086B0E9200238DF88F30079B002B80F2C7
:108100002A848A460A2E78F1000337D206F130031A
:10811000DBB2079A8DF86731012AB8BF01220692B7
:108120009DF88F3001220C920DF26717002B01F0A1
:10813000B585069B013306930023CDE90F330B93DE
:1081400015934FE51AF0200F4AF01001C8D10E9B8D
:108150001A1D0E9B07981B684FF0000840458DF8CC
:108160008F801E46C1F2E28121F0800A002B00F0D0
:1081700057840A2E78F100030E92C7D30AF4806365
:108180000022CDE90B590694DDF868905AA994466F
:108190001C4626E016EB0803B24843F10003A0FB9F
:1081A000032020F0030202EB90029B1AF31AAD4861
:1081B0004FF0CC32B646454602FB03F268F10008A8
:1081C00000FB0822A3FB0063BEF10A0F13444FEA31
:1081D000560675F10005394646EAC3764FEA53085C
:1081E0002DD3A04D16EB080343F10003A5FB03209C
:1081F00020F0030202EB90029B1AF31AA3FB053254
:1082000068F100005B0805FB002243EAC27303EB40
:108210008303A6EB430330330CF1010C01F8013C5E
:108220004F1E002CB6D099F800306345B2D1BCF196
:10823000FF0FAFD00A2E78F1000381F0A7815AAB6F
:108240000799069CCDF86890DB1B1A469142B8BF8F
:108250001146DDF830900B9D0C93CDF844C09DF88D
:108260008F30069162E7082200212AA802F0AEFEB4
:1082700001231D441BE4B5EB0708064613D0DDF8C7
:10828000BCE0309B0EF101024344072AC4E90078A8
:1082900030932F9200F370810834099B4344099373
:1082A000002E7FF420AC309B002B41F00680089B11
:1082B0000022B3F90C302F92EBE0B9F1650F40F3D7
:1082C0000C81DDE912010022002309F097F9002852
:1082D00000F0FE812F9B644A2260013301360122A7
:1082E000072B30962F93626000F393850834259B0B
:1082F000119A934280F22A83169B179A1E44C4E96E
:1083000000232F9B30960133072B2F9300F3B48467
:108310000834119B5F1E002F7FF7A9AC102F2F9BF5
:1083200041F368845149DDF82090149132464FF0B2
:1083300010080E4604E00834103F102F40F3B780B9
:1083400001331032072BC4E90068CDE92F32F2DD8A
:108350002EAA4946584601F037FD002840F090808B
:10836000DDE92F3231ACE7E70A9B069AA3EB02085E
:10837000B8F1000F7FF763AC3C4B2F9A1493B8F120
:10838000100F29DD21463046384C2E461023089D1B
:1083900006E0A8F11008B8F1100F01F1080118DD8E
:1083A00001321030072AC1E90043CDE92F20F0DD6A
:1083B0002EAA2946584601F007FD002860D1A8F1F1
:1083C0001008B8F1100FDDE92F2031A94FF010038C
:1083D000E6DC35460C4606460132149B23604644D3
:1083E000072ACDE92F26C4F8048000F33984083425
:1083F00025E41E4B2F9A1493B8F1100F24DD21466B
:108400001023089C06E0A8F11008B8F1100F01F144
:10841000080118DD013215481036072AC1E90003AA
:10842000CDE92F26EFDD2EAA2146584601F0CCFCDF
:1084300030BBA8F11008B8F1100FDDE92F2631A9E3
:108440004FF01003E6DC0C460132149B23604644D7
:10845000072ACDE92F26C4F8048000F36782083488
:10846000FFF7F5BBCDCCCCCC80460108E84701082E
:1084700008992EAA584601F0A7FC00283FF40BAC3F
:108480000B9B1BB10B99584609F030FB089BB3F9C5
:108490000C30089A526ED00702D49A0540F18384BA
:1084A0005B0600F1118109985BB0BDE8F08F1646BC
:1084B0000133149A22603E44072B6760CDE92F36C2
:1084C0007FF7D4AB08992EAA584601F07DFC00280E
:1084D000D6D1309E31ACFFF7CABB2F9B03F1010808
:1084E000119B012B06F1010604F1080940F3D48128
:1084F0000123B8F1070FCDE92F862760636000F3F1
:108500001F84169B179A08F101081E44B8F1070F43
:10851000C9E90023CDE92F8600F3208409F1080979
:10852000119BDDE912015C1E0022002309F066F8B0
:10853000002840F0CB8108F1010801372644B8F14A
:10854000070FCDE92F86C9F80070C9F8044000F381
:10855000B08109F10809189AC9F8042008F101034B
:108560001644072B28AACDE92F36C9F80020A9DC2C
:1085700009F10804FFF77BBB08992EAA584601F0C1
:1085800023FC002882D131AC87E6089D5846294655
:1085900002F0A6FA002841F0E782B5F90C3003F0AA
:1085A0001A020A2A7FF46CAA0899B1F90E20002A4F
:1085B000FFF666AA4A6ED20702D49B0540F1948664
:1085C000089923463246584601F0BCFB09900998A9
:1085D0005BB0BDE8F08F990567D59F047FF53BAA96
:1085E00095047FF540AA089B9B899E056CD4089B47
:1085F000986D02F081FE67E0089914932EAA584600
:1086000001F0E2FB00287FF43BAF309E149B31ACBD
:10861000FFF701BB089914932EAA584601F0D4FB2A
:1086200000287FF42DAF309E149B31ACFFF704BBC4
:10863000BC4A2F9B1492102F22DDAA46DDF8209011
:108640004FF01008154604E0103F102F04F1080405
:1086500015DD01331036072BC4E90058CDE92F365C
:10866000F2DD2EAA4946584601F0AEFB00287FF401
:1086700007AF103F102FDDE92F3631ACE9DC55464E
:108680000133149A3E44072BC4E90027CDE92F3665
:108690007FF7F6AA08992EAA584601F095FB002804
:1086A0007FF4EEAE309EFFF7EBBA089DA86D02F0A6
:1086B00021FEB5F90C306A6E98047FF5CCA99104BF
:1086C0007FF5D1A9D7078ED54FF0FF330993EAE69E
:1086D0002599002940F34F810F9B119A9342A8BF1F
:1086E0001346002B99460ADD1E44C4E900732F9BF4
:1086F00030960133072B2F9301F3518008340F9BE1
:10870000B9F1000FA8BFA3EB0903002B984600F3B3
:1087100016840F9B1AF4806F3B4440F04D86259AD7
:1087200011998A4203DB1AF0010F00F0D1841699E7
:1087300017980E44C4E900012F993096013107299A
:108740002F9101F338800834119907EB0108A8EB49
:1087500003088F1AB845A8BFB846B8F1000F0BDD63
:1087600023602F9BC4F8048001334644072B3096C6
:108770002F9301F372800834B8F1000FA8BFA7EB64
:108780000807002F7FF773AA102F2F9B41F3328227
:108790006549DDF82090149132464FF010080E46DE
:1087A00004E00834103F102F7FF781AE0133103200
:1087B000072BC4E90068CDE92F32F2DD2EAA494625
:1087C000584601F001FB00287FF45AAEDDE92F3254
:1087D00031ACE7E7302A00F033823023079907F8FD
:1087E000013C02385AAB1B1A99424FF00002B8BF45
:1087F0001946CDE90F220B920C930746069115926C
:10880000FFF7F0B9DDF8BCE0464814991490B8F1D0
:10881000100F724628DDCDE920532046414D089CBB
:10882000102606E0A8F11008B8F1100F00F10800BA
:1088300017DD01321031072AC0E90056CDE92F219A
:10884000F0DD2EAA2146584601F0BEFA00287FF43A
:1088500017AEA8F11008B8F1100FDDE92F2131A8EB
:10886000E7DCDDE92053044614982060501C08EB37
:1088700001060728CDE92F06C4F8048000F39B8287
:108880009DF88F200834002A40F09A80002B3FF496
:10889000D6A91346FFF7C3B91AF0010F7FF428AE2B
:1088A0000123B8F1070FCDE92F86276063607FF7BA
:1088B00052AE08992EAA584601F086FA00287FF495
:1088C000DFADDDE92F860DF1C40944E6119B012BD4
:1088D0007FF741AE112B41F3F281134914913246D7
:1088E00043461027DDF820800E4605E009F108090F
:1088F000103C102C40F3518301331032072BC9E98F
:108900000067CDE92F32F1DD2EAA4146584601F02D
:108910005BFA00287FF4B4ADDDE92F320DF1C40914
:10892000E6E700BFF8470108E847010808992EAAC2
:10893000584601F049FA00287FF4A2AD309E31ACD0
:10894000FFF785B990047FF58EA8BDE61AF0010FF8
:108950003FF48DA9D0E456EA080321F0800A7FF4A1
:10896000D1AB079B002B5FD00026FFF7CFBB0E9348
:108970002B78FFF7C2B82F9BAE4A22600133013635
:108980000122072B30962F93626000F3488608344B
:10899000002940F0AD82119A0AF0010313433FF41D
:1089A00066A9169B179A1E44C4E900232F9B309694
:1089B0000133072B2F9300F38A8404F10802A8E205
:1089C00098460023FFF71AB95046FFF763BA1AF02A
:1089D000100F40F085821AF0400F40F090831AF497
:1089E000007F00F07D820E9A099912681170FFF7DE
:1089F00010BB0E9A1AF0100852F8043B41F078812F
:108A00001AF0400100F0DA829EB2079B8DF88F8049
:108A1000002BFFF6AEAB2AF0800A002E7FF4A9AB44
:108A2000079B0E92002B9FD1CDE90F330C9315932A
:108A300006930B935AAFFFF7D5B85346FFF731BBF8
:108A40000E9A04320E990E920E684FEAE6789A4614
:108A50004346002BBFF632AB2D238DF88F30079B9A
:108A6000764268EB4808002BFFF64CAB2AF0800AF0
:108A7000FFF748BB0E9B1A1D0E9B0E921B68002130
:108A8000FFF711BADDE9120102460B4608F0E8FDD6
:108A90000646002840F0D987B9F1610F00F0EA8559
:108AA000B9F1410F00F03183079B013300F0A88733
:108AB000B9F1670F139B4AF4807800F02E87B9F163
:108AC000470F00F02A870B90DDE91212002AC0F24E
:108AD0001C879DED127B8DED1C7B00231493A9F167
:108AE0004103252B00F2A182DFE813F04E079F021D
:108AF0009F029F02030453049F029F029F029F0252
:108B00009F029F029F029F029F029F029F029F025D
:108B10009F029F029F029F029F029F029F029F024D
:108B20009F029F029F029F029F029F024E079F0289
:108B30009F029F02030453043F4E1AF0200100F0ED
:108B4000F0800E9B073323F007031A46596852F84A
:108B5000083B0E921AF0010200F0C28053EA0102B3
:108B600000F04D8130228DF8902000228DF88F206A
:108B7000079A8DF89190002AC0F2FE802AF4906244
:108B800042F0020A03F00F020AF00200B25C8DF814
:108B900067211B0943EA01730A0953EA11110DF217
:108BA00067170BD003F00F011B09715C07F8011D5B
:108BB00043EA0273120953EA0201F3D1079A5AAB4E
:108BC0004FF0000CDB1B9A42CDE90FCCB8BF1A4620
:108BD0000C930692CDF82CC0CDF854C000283FF479
:108BE00001A8069BDDE92F06023306931AF08403E1
:108BF0001496864606D10A99069AA1EB0208B8F1A6
:108C0000000F07DCBCF1000F3FF409A84FF0020889
:108C1000FEF7F4BF0223F7E5084E8EE74AF0020A9A
:108C20000E92064E03F00F020220B25C4FF078095C
:108C3000ADE700BF804601086446010850460108C0
:108C400007995AAAD21B91424FF00003B8BF1146B0
:108C5000CDE90F330B930C9206911593FEF7C2BF2B
:108C600008992EAA584601F0AFF800287FF408AC06
:108C7000309E31ACFEF7E3BF08992EAA584601F0AA
:108C8000A3F800287FF4FCAB309E31ACFFF741BB6A
:108C9000079BCDF83880062B3A4628BF0623CDE93E
:108CA0000B730797CDE90F22AC4F06931592FEF791
:108CB00099BF082200212CA802F088F90E9B41AF31
:108CC0001A6839462CAB584604F02CFB0346013396
:108CD0000C905BD00C9B23EAE3730693FFF76EB80E
:108CE0008DF88F20079A002A48DB53EA01022AF404
:108CF000906A7FF447AF079A002A00F0F780012AB4
:108D000033788DF86731B8BF012200230692012223
:108D1000CDE90F330B930C9215930DF26717FEF705
:108D200061BF0E9A52F8043B0E921AF010027FF4C3
:108D300011AF1AF0400000F062819BB2114609E7C2
:108D400008992EAA584601F03FF800287FF498AB06
:108D5000DDE92F860DF1C409FFF7D3BB08992EAAD0
:108D6000584601F031F800287FF48AABDDE92F8600
:108D70000DF1C409FFF7D4BB4AF0020A03F00F0259
:108D80000AF00200B25C2AF4806A00E70898B0F9A1
:108D90000C30426E43F04001D70781813FF594AC1F
:108DA00099053FF591AC089CA06D02F0A5FAB4F9C5
:108DB0000C30FFF775BB089914932EAA584601F0A2
:108DC00003F800287FF45CAB9DF88F20309E149B45
:108DD000002A00F0AC80984631AC03462F98FEF78D
:108DE0000DBF079B0C93CDE90F3315930B935AAF2F
:108DF000FEF7F8BE584601F061FAFEF722BE079B67
:108E0000002083428DF88F00C0F2A8832AF4906A74
:108E100071E708992EAA584600F0D6FF00287FF483
:108E20002FAB309E31ACFFF762BA082200212CA88C
:108E3000279702F0CBF8079B002BC0F298830026FF
:108E400006940B9534461D460EE041A9584604F0A1
:108E500069FA431C204400F0DA85A84209DC06F1D7
:108E6000040600F0DF850446279A92592CAB002AAD
:108E7000EBD10C940B9D069C0C9B002B00F0DC832B
:108E8000632B40F33285591C584608F02BFE0746E9
:108E9000002800F039870B90082200212CA802F04E
:108EA00095F80C9E2CAB009327AA334639465846BA
:108EB00004F05EFA864240F021870C9A0023BB54EE
:108EC00022EAE27206929DF88F20002A40F0128575
:108ED000CDE90F220792CDF838801592FEF782BEB9
:108EE0000E9A099912681160FFF793B8079B9BE5EA
:108EF000169B179A1E44C4E900232F9B309601331A
:108F0000072B2F9300F3E38104F108020029C0F23C
:108F1000BC841199176001330E44072BCDE92F361D
:108F200051603FF7CFAA02F10804FEF7A0BE002B64
:108F300000F0D8802F98134631ACFEF770BEB8F120
:108F4000100F2F9B40F3758605481490224631463A
:108F5000089C4FF0100906460BE000BF7846010858
:108F6000E84701080832A8F11008B8F1100F40F3E3
:108F7000CD8201331031072BC2E90069CDE92F31D1
:108F8000F0DD2EAA2146584600F01EFF00287FF48F
:108F900077AADDE92F3131AAE5E71646984608F1B0
:108FA0000108149BC9F800302644B8F1070FCDE939
:108FB0002F86C9F804407FF7CCAA7AE41AF4007827
:108FC00040F0938007998DF88F8000291E46FFF6A8
:108FD000D0A82AF0800A002B7FF4CBA80B460E9273
:108FE00000297FF4C1AC1FE51AF4007F16BF46F3D9
:108FF000C0184FEAE67876B24346FFF75CB81AF439
:1090000000711CBFDBB20146A4E51AF400711CBF5D
:109010000146DBB20E925046FEF745BF9DF88F30F9
:1090200006920C925AAFFFF781B8079B01932CABC5
:10903000049327AB039325AB029302230093584676
:10904000DDE91C2302F054FD07461AF0010F40F041
:1090500017842C9BDA1B259B1192D91C0F93C0F20D
:10906000B98307999942C0F240839A4200F332844F
:109070000F9B0C931AF4806F03D00F9B002B00F30F
:1090800006850C9B23EAE373C24606934FF06709FB
:10909000002315931093149B0AF00200002B00F09C
:1090A0007C814FF02D0C8DF88FC0069B0133069309
:1090B0000023079392E5079B0E92109315930C9350
:1090C0000F9306934FF078095AAF9C460B9388E5AF
:1090D00007EB0108A8EB03088F1AB845A8BFB846EC
:1090E000FFF74ABB31ACFEF7AABDDEB2079B8DF895
:1090F0008F10002B8846BFF68EACFFF73AB80E9A59
:10910000099912681180FEF784BF45F63003ADF867
:109110009030079B632B4AF0020A00F35284DDE98A
:109120001212002AC0F2288425AADDE9120102F0F9
:1091300013FC00224FF07F5307F0F8FF02460B4666
:10914000CDE90C230022002308F058FA08B10123CE
:1091500025930023954A149306920B9341AF079BE6
:109160000F95591ECDE9109A0794069EDDE90C452E
:10917000B8468A4609E0002200230AF1FF3908F0C8
:109180003DFA002840F0C284CA46894B002220469E
:10919000294607F0CBFF0D46044608F077FA8146D2
:1091A00007F05AFF02460B462046294607F006FE06
:1091B00016F80930BAF1FF3F4246044608F8013B71
:1091C0000D46D8D116467B4BDDF844A00022CDE9F0
:1091D0000C45079C0F9DCDF81C90DDF8409008F0E1
:1091E00035FA48B9DDE90C01724B002208F006FAA5
:1091F000E0B1079BD80719D5069B2C96D97B18F8A8
:10920000012C9142434609D1302003F8010C2C9BDC
:109210005A1E2C9213F8012C8A42F6D0392A0BBF21
:10922000069A0132927AD2B203F8012C259AA8EB61
:1092300007031193B9F1610F02F1FF33259300F099
:10924000F58450214FF04109002B8DF8A010C0F299
:10925000E2842B22092B8DF8A12000F3CB820DF1A3
:10926000A202303302F8013B28ABD31A1893119BAA
:10927000189A012B1A440C9240F3BD830C9B169A4A
:1092800013440C930C9A2AF4806343F4807A22EA04
:10929000E2720023CDE90F3315930692FBE63846C0
:1092A00002F0EEFA9DF88F300C9020EAE072069200
:1092B000002B3EF4CBADFEF7C7BD08992EAA584649
:1092C00000F082FD00283EF4F2AFFFF7DFB8089906
:1092D0002EAA584600F078FD00287FF4D1A8DDE9D9
:1092E0002F36259931AA11E6886D02F005F8FFF7AF
:1092F00067B9079B01331193022300932CAB0493AE
:1093000027AB119E039325AB019602935846DDE9E6
:109310001C2302F0EDFB29F02003462B07460693A1
:10932000064400F00982DDE91C010022002308F058
:1093300065F9002840F0A8832C9BB34280F0A283FB
:109340004522069230215A1C2C9219702C9BB34254
:10935000F9D3DB1B1193259B0F93069B472B00F042
:10936000BD81069B462B00F000820F9B8DF8A090DC
:10937000013B002B2593C0F234822B22092B8DF860
:10938000A12000F3378230228DF8A2200DF1A30234
:1093900067E7079B11930323AFE79DF88FC0BCF1EC
:1093A000000F7FF482AE149B079317E46446010814
:1093B000000030400000E03F119ADDF85480CDF805
:1093C00050A0BA18079222461C46109BDDF8689000
:1093D000DDF820A00F95002B314615971B9E2EDD42
:1093E000B8F1000F7FDD08F1FF382F98199B01308D
:1093F00031440728C2E9003630912F9068DC0832EA
:10940000079B99F800001F1B8742A8BF0746002F43
:109410000BDD2F98013039440728C2E9004730910D
:109420002F9066DC99F800000832002FACBFC51BF6
:109430000546002D16DC0444109B002BD0DCB8F14F
:10944000000FD0DC2346159F0F9DDDF850A0CDF80E
:1094500068901446119ABA1893420E4628BF1346D4
:10946000FFF75DB9102D2F98AF4B23DD0C9410271B
:109470002C461D4604E0103C102C02F1080216DDBB
:109480000130A94B10310728C2E90037CDE92F017F
:10949000F1DD2EAA5146584600F096FC00287EF4D5
:1094A000EFAF103C102CDDE92F0131AAE8DC2B4690
:1094B00025460C9C1360013029440728CDE92F0173
:1094C000556000F3C98099F8000008320444B3E7FE
:1094D0002EAA5146584600F077FC00287EF4D0AF03
:1094E000309931AA8CE7109B013B09F1FF391093A9
:1094F0007BE72EAA5146584600F066FC00287EF411
:10950000BFAF99F80000309931AA8EE714460E4695
:109510000133149A22604644072BCDE92F36C4F854
:10952000048000F35C820834FFF7F3B80E928A4699
:10953000FEF7E8BD2D23B9F1470F8DF88F300B965C
:109540003346079640F398810322784F0C92CDE979
:109550000F33159304230693FEF744BB33788DF83D
:1095600067312AF4806A0DF26717FFF727BB2CAB2F
:1095700000930023194627AA584603F0F9FE034634
:1095800001330C9000F04382279775E41B9A1999D8
:10959000BF1A384601F0A4FD99F801300BB109F16A
:1095A0000109634A16EB080343F10003A2FB03051C
:1095B00025F0030000EB95001B1AF31A4FF0CC3195
:1095C00068F1000803FB01F102FB0811A3FB023064
:1095D00001445B0843EAC1764FEA510816EB0803E1
:1095E00043F10003A2FB031020F0030101EB900103
:1095F0005B1AF31AA3FB023168F100005B0802FB5F
:10960000001243EAC27303EB8303A6EB4303303338
:1096100007F8013C4FF0010C013FFEF704BE08992A
:109620002EAA584600F0D0FB00287EF429AF2599D9
:10963000309E31ACFFF7ACB99DF88F30CDF8388053
:10964000003B18BF012306930C9B0793CDE90F3312
:1096500015930B93FEF7C6BA2EAA5146584600F052
:10966000B3FB00287EF40CAF99F80000309931AAC2
:109670000444E1E647F63003ADF89030079B632BD6
:109680004AF0020A00F39D81DDE91212002AC0F2BD
:10969000738125AADDE9120102F05EF900224FF084
:1096A0007F5307F043FD02460B46CDE90C23002310
:1096B000002207F0A3FF0346002800F07A8201236E
:1096C0001496259341AF0B961A4B069347E5259BBD
:1096D0000F93F31B1193069B472B46D10F9B03332C
:1096E00078DB079B0F9A934210DA0F9B013BA9F19D
:1096F0000209002B8DF8A0902593BFF63EAE0F9B7C
:109700002D22C3F101038DF8A1203CE6119B0F9A95
:10971000934200F3DF801AF0010F0F9B00F050829C
:10972000169A13440C93A5E4E8470108444601083F
:10973000CDCCCCCC504601083B78302B00F0788162
:10974000259B1E44DDE91C010022002307F056FF83
:109750000028BCD12C9BB342FFF4F4ADDB1B11936A
:10976000259B0F93069B472BB8D00F99079A0AF0B9
:109770000103002943EA020340F36282002B40F018
:10978000B0810F9B0C934FF066091AF4806F40F084
:1097900080810C9B23EAE373C246069378E4089920
:1097A0002EAA584600F010FB00287EF469AE309EC9
:1097B00031ACFEF7A4BF089907932EAA584600F0D3
:1097C00003FB00287EF45CAE259A309E079B31ACEB
:1097D000FEF7BABF0F9BA9F10209013B8DF8A090DB
:1097E00025930F9BC3F101032D22092B8DF8A12096
:1097F0007FF7C9AD0DF1B706DFF84CC3324610460E
:10980000ACFB0312D20802EB8201A3EB4101303121
:1098100000F8011C19466329134600F1FF32EEDC03
:10982000303302F8013C831EB34280F005820DF113
:10983000A10213F8011B02F8011FB342F9D103F58D
:10984000B4736B44C43B1B1A28AA9B1A18930EE5E9
:1098500000230D460793FEF752B908992EAA5846E1
:1098600000F0B2FA00287EF40BAE259F119B309ECB
:10987000DF1B31ACFEF780BF0322AF4F0C9266E6D0
:10988000079BFE18472306935CE7C1F100081031DF
:1098900080F23182A948149031461024064605E032
:1098A0000832A8F11008B8F1100F56DD013310315D
:1098B000072BC2E90064CDE92F31F1DD08992EAA0A
:1098C000584600F081FA00287EF4DAADDDE92F3148
:1098D00031AAE6E7119B169A9A180F9B0C92002B5F
:1098E00040F308814FF067094FE700230B9341AF26
:1098F000FFF7D2BA069A07930132CDE90F330692E9
:10990000CDF838801593FEF76DB902F100431D9331
:109910002D231C911493FFF7E2B8079A002A00F058
:109920003181002BC0F2AD819DED127B8DED1C7B52
:109930001496079B01932CAB049327AB039325ABA1
:109940000293022300935846DDE91C2302F0D0F86D
:10995000002307460B93FFF778BB0E46013314999B
:1099600011604644072BCDE92F36C2F8048000F37E
:1099700045810832FFF7CDBA02F100431D932D2334
:109980001C910B9641AF149325AADDE91C0101F04F
:10999000E3FF00224FF07F5307F0C8FB02460B465F
:1099A000CDE90C230022002307F028FE08B1012393
:1099B0002593B9F1610F3FF487AE614B0693FFF732
:1099C000CEBB079B5846591C08F08CF80746002868
:1099D0003FF4DCA90B904AF48078FFF775B808993A
:1099E0002EAA584600F0F0F900287EF449AD309ECA
:1099F00031ACFEF78EBE1AF0010F3FF443AC3DE4EC
:109A000006230B9007934AF48078FFF75DB8089B14
:109A1000B3F90C3000220B9243F04003089A938173
:109A2000FEF72EBD079B069C0B9D0C93FFF724BAF7
:109A3000DDE91C010022002307F0E0FD002800F012
:109A4000D480259B0F931E4443E6139B13F00043E1
:109A50002AF0800A0F9300F0B6802D238DF88F3006
:109A6000B9F1470F4FF000030B93079340F31281B6
:109A70000322344F0C926AE500230322CDE90B3216
:109A8000079364E5DB1B1193259B0F936DE44FF067
:109A900067091A990B78FF2B00F0268100260F9A90
:109AA000304603E001300131FF2B08D0934206DA43
:109AB000D21A4B78002BF5D10B780136F4E7CDE9BB
:109AC0000F201A911596109A159B1B9913440C9A06
:109AD00001FB03230C9323EAE373C2460693FFF7CB
:109AE000DABA13460B449946169B4B440C934FF03D
:109AF00066094AE6C3F101031A4422EAE273C24648
:109B00000C9206934FF06709FFF7C2BA514600293D
:109B1000DDE9109A079C0F9DFFF688AB4A1C424472
:109B20004346302003F8010B9342FBD108EB0103BD
:109B300003F10108FFF77ABB40460108E847010836
:109B4000644601084C460108CDCCCCCCCDF8388019
:109B500023B3079B0C935A1C069207901590109004
:109B60004FF07309FEF73EB8089A536ED8073EF5DA
:109B7000ABAD938999053EF5A7AD906D01F0BCFBA7
:109B8000FEF7A2BD002BC0F28F809DED127B079BDC
:109B9000149301238DED1C7B0793CAE6079B0C935E
:109BA00006930B9B1593109307934FF07309FEF7E1
:109BB00019B8594A149306920B9341AFFFF7CFBAE5
:109BC0000C93FFF757BA9DF88F30B9F1470FCCBF10
:109BD000524F534F002B79D1032207930C921593C8
:109BE00010930B930692FDF7FDBF119BC3F1010388
:109BF0002593A6E54B4A1492FEF75ABC08992EAA63
:109C0000584600F0E1F800287EF43AACDDE92F3642
:109C100031AAFFF77EB9C2F10103092B4FF02D02E3
:109C20008DF8A1203FF7E6ADFFF719BB7021FFF7D4
:109C30000BBB3C4A14926BE402231893FFF717BB4B
:109C4000C24633B9012306934FF066090C93FFF720
:109C50001FBA169B03F10109079B4B440C9323EA9F
:109C6000E37306934FF06609FFF712BA0E9A6B780A
:109C70000D4652F8041B0E9241EAE1710791FDF77F
:109C80003CBFDDE9121202F100431D932D231C910C
:109C900014934EE60322224F0C9258E4CDE90F3381
:109CA0000B931593FDF79EBFDDE9121202F10043FD
:109CB0001D932D23149301231C91079339E6194B0F
:109CC0001493FFF76CB95346FEF7BCBE002307930D
:109CD000159310930B9303230C9304230693FDF722
:109CE00081BF5046FEF7C8BE002315931093EAE6E5
:109CF0005146FEF72EBA0B4914912FE6089BB3F993
:109D00000C3043F0400389E6089B0B90B3F90C300C
:109D100043F0400382E600BF504601084C4601086C
:109D200048460108E847010810B4054C844613462C
:109D300020685DF8044B0A466146FDF765BE00BF2A
:109D4000F40700202DE9F04198468B89ADF58D6D23
:109D500023F00203ADF80C301AAB009304934FF4D8
:109D60008063029305934B6E1993CB89ADF80E3047
:109D7000CB6907934B6A099316460023074616A83A
:109D80000D46069301F0B2FA32464346694638461C
:109D9000FDF73AFE061E6C4607DB6946384600F0C2
:109DA00025F9002818BF4FF0FF36A3895B0603D5BD
:109DB000AB8943F04003AB81A06D01F099FA3046C6
:109DC0000DF58D6DBDE8F081936810B514461BB993
:109DD00018460023636010BD00F008FB0023A36059
:109DE0000023636010BD00BF70B500293FD0064658
:109DF0000C4610B1436B002B3CD0636EB4F90C20C1
:109E0000DD0732D4900538D52146304600F054F8AD
:109E1000E36A054633B1E169304698470028B8BF88
:109E20004FF0FF35A3891A0639D4216B41B104F1F3
:109E30004003994202D0304607F058FE00232363C6
:109E4000616C21B1304607F051FE0023636400F0DD
:109E500053FA636E0022DB07A2811CD5A06D01F0CE
:109E600047FA00F04FFA284670BD002ACCD10025F1
:109E7000284670BD00F022FABFE7A06D01F03AFA63
:109E8000B4F90C30002BBFD1636ED907EFD4A06DAD
:109E900001F032FAEBE7A06D01F02EFADEE721695E
:109EA000304607F023FEC0E7024B01461868FFF773
:109EB0009BBF00BFF4070020B1F90C202DE9F04151
:109EC00015070C4680464ED4496842F400630029C9
:109ED000A38163DDA66A002E42D0002112F48052D5
:109EE000D8F80050C8F8001065D1E1690123404658
:109EF000B0470246501C6CD0B4F90C30A66A590722
:109F000005D56368D21A236B0BB1E36BD21A002319
:109F1000E1694046B047421CB4F90C304DD1D8F845
:109F200000101D2940D8304ACA40D7073CD52269C5
:109F3000226023F40062A281DE044FF0000262601E
:109F400001D5002943D0216BC8F8005041B104F17C
:109F50004003994202D0404607F0C8FD0023236326
:109F60000020BDE8F0810E69002EF9D00D680E606A
:109F700092070CBF4B690023AD1B8B600BE02B4697
:109F80003246E169676A4046B847B0F1000CA5EB7C
:109F90000C05664406DD002DF1DCE1E7E16B0029EC
:109FA00098DCDDE7B4F90C3043F04003A3814FF0B7
:109FB000FF30BDE8F081226DA1E72269226023F421
:109FC0000062A281DB044FF000026260BBD5206515
:109FD000B9E7D8F80030002B8ED01D2B01D0162BFE
:109FE000E0D1C8F80050BBE70100402038B50C466E
:109FF000054608B1436B03B3B4F90C0088B1636E36
:10A00000DB0701D481050FD528462146FFF754FF11
:10A01000636EDA07054602D4A3899B0508D5284656
:10A0200038BD0546284638BDA06D01F063F9EBE761
:10A03000A06D01F061F9284638BD00F03FF9DBE77B
:10A0400050B338B5174B1D6804460DB16B6BBBB1EF
:10A05000B4F90C0088B1636EDB0701D4810513D518
:10A0600028462146FFF728FF636EDA07054602D42B
:10A07000A3899B050CD5284638BD0546284638BD22
:10A08000284600F01BF9E3E7A06D01F033F9E7E79C
:10A09000A06D01F031F9EEE7034A0449044800F0ED
:10A0A00017BB00BFF40700207C060020ED9F0008CE
:10A0B000F8070020024A0349034800F009BB00BF2B
:10A0C0007C060020E99D0008F80700200C4B416841
:10A0D000994210B5044601D0FFF786FEA168094BEE
:10A0E000994202D02046FFF77FFEE168064B994275
:10A0F00004D02046BDE81040FFF776BE10BD00BF7B
:10A10000243600208C360020F43600202DE9F84358
:10A11000314A324C3249DFF8DC90DFF8DC80314FD5
:10A120001160002504232946082204F15C00C4E9DB
:10A1300003352D4EA560C4E90055C4E90555656693
:10A1400000F044FF04F15800C4E90749C4E9098755
:10A15000E66201F0CBF82946244B6367082204F13C
:10A16000C400C4E91A55C4E91E552567C4F8CC508B
:10A17000C4F8805000F02AFF04F1680304F1C00025
:10A18000C4F88430C4E92298C4E9247601F0AEF81A
:10A19000174BC4F8DC30294604F596700822C4E950
:10A1A0003455C4E93855C4F8D850C4F83451C4F80B
:10A1B000E85000F00BFF04F1D003C4E93D87C4F878
:10A1C000F09004F59470C4F8FC60C4F8EC30BDE87D
:10A1D000F84301F08BB800BF5C3700202436002024
:10A1E000B5A000083DAA000861AA00080900010006
:10A1F00012000200D9A90008FDA90008F8B506461A
:10A200002A4801F077F82A4B1B68002B43D0294FCE
:10A21000D7E90134013B04D524E05A1C04F1680459
:10A2200020D0B4F90C50013B002DF6D1224BE36055
:10A2300004F15800656601F059F81C4801F05CF81B
:10A24000C4E90155C4E9045508222560A5612946E1
:10A2500004F15C0000F0BAFEC4E90C55C4E91155E4
:10A260002046F8BD3D680DB12F46D1E74FF4D671B9
:10A27000304607F037FC044680B10423C0E90053A0
:10A280000C302946A0604FF4D072254600F09EFEA7
:10A290003C602F46BCE7FFF739FFB8E703483C6056
:10A2A00001F02AF80C233360DAE700BF643700209E
:10A2B0005C3700207C0600200100FFFF10B504463B
:10A2C0000A4801F017F8636B23B9094B094A1B6868
:10A2D000626323B1BDE81040044801F00DB8FFF7F8
:10A2E00015FFBDE81040014801F006B864370020B2
:10A2F0005C370020CDA00008014800F0FBBF00BF84
:10A3000064370020014800F0F7BF00BF6437002029
:10A31000F0B5144683B00F4601AA2146064605F063
:10A3200059F9002835D005463046FFF767FF044647
:10A3300000282ED03946019A4FF4DB73304600F0E6
:10A3400065FF071E1CDB636EDB0702D4A38998053B
:10A350002DD51B4B1B4AE781C4E907431A4B2DB28D
:10A36000C4E90923E905194BA581E36215D4636E9D
:10A37000DA0702D4A3899B051DD5204603B0F0BDA2
:10A38000FFF7BAFF0023A06DA38100F0B1FFFFF734
:10A39000B9FF0024204603B0F0BD0223002221466D
:10A3A000304600F021F8636EDA07E6D4E2E7A06DEC
:10A3B00000F0A0FFCDE7A06D00F09EFFDDE700BF3D
:10A3C000D9A90008FDA900083DAA000861AA000853
:10A3D00010B4044C03460A4620685DF8044B194645
:10A3E000FFF796BFF407002000F0F8BB9368002B3E
:10A3F00000F0B6802DE9F04FB1F90CC01CF0080F49
:10A4000083B0174680460C4627D00B692BB31CF04F
:10A4100002033D682DD04FF0000ADFF8B0B2564677
:10A42000B9465E453346524628BF5B464046002E3D
:10A4300000F08580E169676AB847002840F38880AA
:10A44000D9F808301B1A8244361AC9F80830002B94
:10A45000E7D1002003B0BDE8F08F2146404600F070
:10A460003FFB002879D1B4F90CC03D681CF0020311
:10A47000D1D11CF0010975D14E460097002E5AD05B
:10A480001CF4007F2068D4F808B000F0B180B34518
:10A490005A4600F2DF801CF4906F32D02369626963
:10A4A000A0EB030A02EB420202EBD2720AF10101B5
:10A4B00052103144914292BF93468B460A461CF497
:10A4C000806F00F0E5801146404607F00BFB002846
:10A4D00000F0F58052462169019001F031F9A2891E
:10A4E000019B22F4906242F08002A28103EB0A00F9
:10A4F0002361ABEB0A03C4F814B0A3602060B34639
:10A5000032464946019200F0E5FCA368019AA3EBAC
:10A510000B012368A1601344B24623600026009A11
:10A520009368A3EB0A03D1449360002B91D0B4F954
:10A530000CC0002EA4D1D5E9009608359EE7D5E9D8
:10A5400000A608356DE721464046FFF74FFD70B382
:10A55000B4F90C3043F04003A3814FF0FF3079E7AA
:10A56000002070471E46BA469946184600951F4679
:10A570005EB3002831D04A46D4E904132068B242C1
:10A5800028BF3246884204D9A16803EB010B5A4523
:10A5900070DC934261DCE169656A3A464046A8474F
:10A5A000B0F1000BD4DDB9EB0B09CCD00120DAF807
:10A5B0000830A3EB0B035F44A6EB0B06CAF8083088
:10A5C000002B3FF446AF002ED3D1009A56681346B5
:10A5D00008320092002EF8D01F6832460A21384611
:10A5E00001F05EF8002867D00130A0EB0709C2E750
:10A5F0002369834216D36269B24213D86FF00043D5
:10A60000B34228BF3346E16993FBF2F3676A02FB6A
:10A6100003F340464A46B847B0F1000A98DDA6EB7E
:10A620000A067CE7B345DA4628BFB2465246494699
:10A6300000F050FCA3682268A3EB0A035244A36015
:10A640002260002BEBD121464046FFF7CFFC0028CB
:10A65000E5D07DE7B346324653E73946019200F034
:10A6600039FC019AA3689B1AA360236813442360F2
:10A67000934698E739465A4600F02CFC23685B4421
:10A68000236021464046FFF7B1FC00288BD05FE7EE
:10A690001946404607F028FA034600287FF426AF03
:10A6A0002169404607F022FAB4F90C300C22C8F8B0
:10A6B000002023F080034DE7721C91465CE70C22DA
:10A6C000B4F90C30C8F8002044E700BF00FCFF7F5D
:10A6D0002DE9F8430746884616464FF00009D6E9AB
:10A6E0000154013D10D4A389012B08D9B4F90E30CF
:10A6F00001332146384602D0C04749EA0009013DEE
:10A700006B1C04F16804EED13668002EE7D1484690
:10A71000BDE8F8838B8903F00903092B01D00020E1
:10A720007047024B1868FFF761BC00BFF4070020B8
:10A7300070B50C46054610B1436B002B56D0B4F9EA
:10A740000C3000229E0662605DD4580719D4D906E9
:10A750005CD51A0739D443F00403A3812369002B85
:10A760003FD0B4F90C60B3071ED12269266A636931
:10A77000E16922602846B0470028606039DD00208A
:10A7800070BD216B0029E9D004F14003994202D049
:10A79000284607F0ABF9E36B636000222263002BCD
:10A7A000DCD0A36B2360EAE70123A3811A4A1B498B
:10A7B0001B48FFF78DFF06F00903092BA681D4D1B2
:10A7C00021462846FFF778FBCFE721462846FFF7CA
:10A7D0000DFCC0B9B4F90C30A06023F00803A061EF
:10A7E000B9E72146284604F033FFBAE7FFF766FDD4
:10A7F000A5E7B4F90C3017BF002243F0200343F063
:10A8000040036260A3814FF0FF3070BD092243F026
:10A8100040032A60A381F6E77C06002015A7000804
:10A82000F8070020B1FA81F252094FF48063520018
:10A8300000F000B82DE9F041664CD4F8008084B0F7
:10A8400004460E4617461D46B8F1000F04D0D8F84E
:10A850003430002B00F0A680022F05D0012F00F22B
:10A86000A580002DC0F2A280636EDB073DD5214696
:10A870004046FFF7BBFB216B41B104F14003994215
:10A8800002D0404607F032F900232363B4F90C30BC
:10A8900000221906A261626057D423F44A6323F0B0
:10A8A0000303022FA3815DD003AB02AA21464046D9
:10A8B00004F036FFA3891843A081EDB1EEB1D8F8BA
:10A8C000343043B3029AB4F90C30AA421CBF43F4AB
:10A8D0000063A381012F22D01807C4E90465266014
:10A8E00027D5D90753D4A56025E0A3899805BED400
:10A8F000A06D00F0FFFCBAE7029D2846FDF74AF87C
:10A900000646002855D0A38943F08003A381D8F8D8
:10A910003430002BD6D14046FFF7D0FCD2E743F0CD
:10A920000102C4E9046512B226601E07A2812FD479
:10A9300013460022A260626ED20701D49B052DD57A
:10A940000025284604B0BDE8F0812169404607F0A3
:10A95000CDF8B4F90C3023F44A6323F00303022F3B
:10A96000A381A1D1002543F00201A181002104F1BE
:10A970004302A1600121C4E904212260626ED20772
:10A98000DFD49F05DDD4A06D00F0B6FCD9E71A46F0
:10A9900000236D42A360A5611346CCE7A06D00F0D3
:10A9A000ABFCCDE74046FFF789FC55E74FF0FF359C
:10A9B000C7E7029BAB4208D018460193FCF7EAFFB9
:10A9C000019B06461D4600289DD1B4F90C304FF07E
:10A9D000FF35C8E7F407002010B50C46B1F90E109A
:10A9E00000F02AFC002803DB236D0344236510BD1F
:10A9F000A38923F48053A38110BD00BF2DE9F0414A
:10AA00000C46B1F90C101F46CB05054616460BD473
:10AA100021F48051A1813B46B4F90E1032462846FC
:10AA2000BDE8F04100F01EBCB4F90E100223002274
:10AA300000F0D6FBB4F90C10EAE700BF10B50C46E5
:10AA4000B1F90E1000F0CCFBB4F90C30421C0EBF73
:10AA500023F4805343F480532065A38110BD00BFCD
:10AA6000B1F90E1000F094BB10B51C4C00292468FD
:10AA70009AB02DDB009004904FF40270ADF80C00FA
:10AA80004FF00000199013D001394FF6FF7002917A
:10AA90000591ADF80E006946204602F075FC421C97
:10AAA00001DA8B232360009B00221A701AB010BDBC
:10AAB0004FF6FF7002910591ADF80E0069462046F1
:10AAC00002F062FC431C01DA8B2323601AB010BD34
:10AAD0008B2323604FF0FF30F8E700BFF40700201E
:10AAE00038B53D4B1B6805460C4613B15A6B002A1E
:10AAF0005AD0B4F90C3019070BD522699AB113F06A
:10AB0000010221D19B075ABF6369A360A2600020A4
:10AB100038BDDA0658D558071CD4226943F008031B
:10AB2000A381002AEBD1990528D5180603F08001EE
:10AB300024D4D80741D49D073CD5A2600029E6D093
:10AB400043F04003A38144E0636900225B42A260BA
:10AB5000A361DCE7216B51B104F14002914204D0C2
:10AB6000284606F0C3FFB4F90C30002222632269A4
:10AB70000021C4E9002123F02403CFE72146284621
:10AB800004F066FDB4F90C30226913F001010FD016
:10AB9000616900204942A060A161002AB7D103F099
:10ABA00080010029B3D0CBE71846FFF787FBA0E769
:10ABB000980700D46169A160EFE76069A260404234
:10ABC000A0610029A3D0BBE7092243F040032A601B
:10ABD000A3814FF0FF3038BDF40700202DE9F04F7E
:10ABE0000C4697B090461E46054618B1436B002BA5
:10ABF00000F03481626EB4F90C30D70702D49805A6
:10AC000040F1088103F48473B3F5847F00F00D8173
:10AC1000D4F82890B9F1000F00F05381012E56D0DE
:10AC200036F002070FD0636E1622D9072A6005D4CA
:10AC3000A3899F0502D4A06D00F05EFB4FF0FF30AA
:10AC400017B0BDE8F08F2269BA46002A64D0B4F983
:10AC50000C3040F61A02134207D15A0579D49C4AA7
:10AC600091455ED043F40063A38121462846FFF757
:10AC7000BDF9002840F02081E1693346424628466C
:10AC8000C847013000F01881216B41B104F1400345
:10AC9000994202D0284606F029FF00232363A389A6
:10ACA0002269002123F40263C4E90021A381082260
:10ACB00004F15C0000F08AF9636EDA0703D4A3891B
:10ACC0009B0540F1CE80002017B0BDE8F08F2146F3
:10ACD0002846FFF78BF9B4F90C3013F4805240F09A
:10ACE0008B803346E1692846C847421C18BFB4F937
:10ACF0000C30074600F0E0805E07226940F1818059
:10AD00006368FF1A236B0BB1E36BFF1AB8444FF073
:10AD1000010A0026002A9AD12146284604F098FC10
:10AD200095E7B4F90E1000299CDB6A46284600F02E
:10AD300041FAB4F90C30002894D1019A02F470421F
:10AD4000B2F5004F8ED143F48063A3814FF480634A
:10AD5000E364002E6ED1C346BAF1000F79D1A38906
:10AD6000D80440F18980206D6268216B871A002920
:10AD70007BD0E36BFF1A17442069A26B121ABF1A2B
:10AD80001344BB4502DBFA185A457ED8E76CE169EB
:10AD90007F4207EA0B0700233A462846C84701309E
:10ADA0003FF463AF2369216B23600023636041B1EB
:10ADB00004F14003994202D0284606F097FE002392
:10ADC0002363A389BBEB070B23F02003A38110D0DF
:10ADD00021462846FFF7ACFC00287FF446AF6368A5
:10ADE0005B45FFF442AF2268A3EB0B035A44C4E96E
:10ADF0000023082200215BE75E07276D22693FF5EB
:10AE00007FAF180782D52368002B3FF47FAF9B1AD2
:10AE10001F447BE7A06D00F06DFAB4F90C3003F429
:10AE20008473B3F5847F7FF4F3AE21462846FFF7A1
:10AE3000DDF8EDE6B4F90E106A46284600F0BAF9DE
:10AE400000287FF412AF049B08EB030BBAF1000F4C
:10AE500085D0216B626841B1E36B8CE7FFF72EFA76
:10AE6000C8E6A06D00F048FA2DE7236820691B1A98
:10AE7000FF1A0021134484E7E16952460123284662
:10AE8000C847411C7FF470AFEFE6ABEB07073844CF
:10AE9000DB1BC4E9000341B104F14003994202D035
:10AEA000284606F023FE00232363A38923F0200312
:10AEB0000822A3810021FBE6636EDB073FF5BEAEEF
:10AEC000B6E6636E1D22D9072A603FF5B7AEAFE63E
:10AED0003DAA000888420DD98B1883420AD900EB9D
:10AEE000020C5AB3624613F801CD02F801CD994223
:10AEF000F9D170470F2A0DD802F1FF3CF2B10CF1E5
:10AF0000010C431E8C4411F8012B03F8012F6145FD
:10AF1000F9D1704740EA01039B07F0B50C460ED00B
:10AF200002F1FF3C03460CF1010C013B8C4411F88B
:10AF3000012B03F8012F6145F9D1F0BD7047A2F153
:10AF4000100525F00F0501F1200E01F11003AE44AC
:10AF500000F1100C53F8106C4CF8106C53F80C6C9A
:10AF60004CF80C6C53F8086C4CF8086C53F8046CF3
:10AF70004CF8046C103373450CF1100CEAD101EB62
:10AF8000050C0CF11001054412F00C0F05F1100333
:10AF90008E4602F00F0517D0043D25F00305AC44A2
:10AFA0000CF1140C041B0F680E1904316145376055
:10AFB000F9D12C1D04EB0E01234402F0030202F12F
:10AFC000FF3C002AAFD1F0BD2A46F8E7830730B531
:10AFD00046D08418844604E003F8011B9D0704D082
:10AFE0009C46A4456346F7D130BD013A0244A2EB2A
:10AFF0000C02032A29D9CCB204EB04240F2A04EB57
:10B0000004442FD9A2F1100C2CF00F0C03F1100501
:10B01000AC44C3E90044C3E9024410336345F8D1AA
:10B0200012F00C0F02F00F0E18D02EF0030C9C44FF
:10B03000AEF104051A4642F8044B6245FBD125F0F7
:10B04000030404330EF003022344002ACCD0C9B217
:10B050001A4403F8011B9342FBD130BD7246F4E75A
:10B060000346C6E79646E0E78AB330B540EA0104F6
:10B07000A40786460B4617D1032A07D814E0043AE2
:10B0800023D01CF0803F20D1032A26D9DEF80040CF
:10B09000194653F8045BA4F1013CAC4270462CEA1B
:10B0A000040C0EF1040EEAD003780C78013AA342A6
:10B0B00008BF121807D00CE06BB110F8013F11F86F
:10B0C000014FA34205D19042F6D1002030BD104679
:10B0D0007047181B30BD184630BD70461946E3E76F
:10B0E00040EA01039B0710B501D1032A17D8844613
:10B0F00001F1FF3E07E01EF8011F03F8011B541E7B
:10B1000029B19C4622466346002AF4D110BD9444DE
:10B11000002CFBD003F8011B6345FBD110BD8E460C
:10B120008446DEF80040A4F1013323EA040313F05F
:10B13000803F71460EF1040EDAD1043A032A4CF82E
:10B14000044BEED87146D3E730B40478A4B10D783F
:10B1500084467DB10A462B4602E012F8013F2BB12E
:10B160009C42FAD11CF8014F002CF3D1ACEB00004B
:10B1700030BC70472846FBE72046F9E7014B93F8BF
:10B180002801704788060020004870477807002093
:10B1900038B5074D0022044608462A60F8F7CEF974
:10B1A000431C00D038BD2B68002BFBD0236038BD7A
:10B1B0006037002070B50C46084D03460026204637
:10B1C00011461C462E60F8F77EFA431C00D070BD75
:10B1D0002B68002BFBD0236070BD00BF60370020C0
:10B1E00038B50D46084C8446114628461A460023B9
:10B1F00023606546F8F747FA431C00D038BD236842
:10B20000002BFBD02B6038BD6037002038B50D46D1
:10B21000084C8446114628461A460023236065469A
:10B22000F8F720FB431C00D038BD2368002BFBD06F
:10B230002B6038BD6037002038B50D46084C844679
:10B24000114628461A46002323606546F8F7BEF9E2
:10B25000431C00D038BD2368002BFBD02B6038BDC9
:10B260006037002038B50D46084C84461146284604
:10B270001A46002323606546F8F77CF9431C00D08A
:10B2800038BD2368002BFBD02B6038BD6037002011
:10B29000014B1868704700BFF407002070B50F4BD2
:10B2A0000F4DAB42A3EB050607D0B610002455F8AE
:10B2B000043B01349847A642F9D807F035FA094D06
:10B2C000094B5E1BAB424FEAA60606D0002455F898
:10B2D000043B01349847A642F9D870BD480D0020C0
:10B2E000480D0020480D0020740D0020704700BF5D
:10B2F000704700BF704700BF704700BF00000000EC
:10B3000002780B78012A28BF9A4240F0D8806DE974
:10B31000044540EA0104CDE902676FF0000C4FEAF2
:10B3200044721AB380EA010414F0070F6BD100F0E5
:10B33000070420F0070004F0030521F007014FEA9D
:10B34000C505F0E8042314F0040FF1E804670CFAD3
:10B3500005F462EA040266EA04060BD063EA040319
:10B36000624667EA0407664604E000BFF0E804238B
:10B37000F1E8046782FA4CF582EA0604A4FA8CF438
:10B380006CBB83FA4CF583EA0705A5FA8CF595B9F1
:10B3900050E9022351E9026782FA4CF582EA060479
:10B3A000A4FA8CF483FA4CF583EA0705A5FA8CF528
:10B3B0002543DBD09CB92DBAB5FA85F424F00704F7
:10B3C00027FA04F1DDE9026723FA04F303F0FF0032
:10B3D00001F0FF01FDE80445A0EB0100704724BA2D
:10B3E000B4FA84F424F0070426FA04F1DDE90267D4
:10B3F00022FA04F202F0FF0001F0FF01FDE804452B
:10B40000A0EB0100704714F0030F3CD110F00304CF
:10B4100028D150F8082B51F8083B82FA4CF582EA03
:10B420000305A5FA8CF55DB950F8042C51F8043CDD
:10B4300082FA4CF582EA0305A5FA8CF5002DE8D0D6
:10B440002DBAB5FA85F424F0070423FA04F122FAA0
:10B4500004F202F0FF0001F0FF01FDE80445A0EB5B
:10B46000010070474FEAC40420F0030050F8082B95
:10B4700021F0030151F8083B0CFA04F462EA0402DB
:10B4800063EA0403C9E710F003041DD0A1EB040133
:10B4900020F00300E40750F8042B06D012D28B787A
:10B4A0005FFAA2F4E41A06D12BB1CB785FFAB2F4BA
:10B4B000E41A00D133B920465DF8104B7047A2EB77
:10B4C0000300704701F1040150F8042BCC0721F070
:10B4D000030151F8043B48D824D222F07F4482FA79
:10B4E0004CF594EA1325A5FA8CF50AD165B951F803
:10B4F000043B84EA0204B4EB036F0ED150F8042B32
:10B50000EBE74FEA132355E035F07F454DD108783E
:10B51000FDE80445C0F1000070474FEA126203F0F5
:10B52000FF0347E002EA1C4482FA4CF594EA134513
:10B53000A5FA8CF50AD165B951F8043B84EA0204F6
:10B54000B4EB034F0CD150F8042BEBE74FEA134355
:10B5500030E015EA1C4528D10B884FEA124229E059
:10B560004FEA124203EA1C4324E002F0FF0482FA8D
:10B570004CF594EA1365A5FA8CF50AD165B951F832
:10B58000043B84EA0204B4EB032F09D150F8042BE6
:10B59000EBE74FEA13630DE015F0FF0F05D10B68E1
:10B5A0004FEA122223F07F4304E04FF00000FDE851
:10B5B0000445704712BA1BBA82FA4CF482EA0304BB
:10B5C000A4FA8CF5B5FA85F402FA04F203FA04F34E
:10B5D0004FEA1260FDE80445A0EB1360704700BF1E
:10B5E00080EA0102844612F0030F4FD111F0030FDD
:10B5F00032D14DF8044D11F0040F51F8043B0BD03B
:10B60000A3F101329A4312F0803F04BF4CF8043B8F
:10B6100051F8043B16D100BF51F8044BA3F101329D
:10B620009A4312F0803FA4F101320BD14CF8043B55
:10B63000A24312F0803F04BF51F8043B4CF8044B86
:10B64000EAD023460CF8013B13F0FF0F4FEA3323F7
:10B65000F8D15DF8044B704711F0010F06D011F8D6
:10B66000012B0CF8012B002A08BF704711F0020FC4
:10B67000BFD031F8022B12F0FF0F16BF2CF8022BAF
:10B680008CF8002012F47F4FB3D1704711F8012BD2
:10B690000CF8012B002AF9D1704700BF0000000010
:10B6A00001F0FF01102A2BDB10F0070F08D010F873
:10B6B000013B013A8B422DD010F0070F42B3F6D177
:10B6C000F0B441EA012141EA014122F007047FF090
:10B6D00000070023F0E80256083C85EA010586EAE7
:10B6E000010685FA47F5A3FA87F586FA47F6A5FA23
:10B6F00087F68EB9EED1F0BC01F0FF0102F007022F
:10B7000032B110F8013B013A83EA010313B1F8D1D9
:10B710000020704701387047002D06BF35460338BA
:10B72000073815F0010F07D1013015F4807F02BFF3
:10B73000013015F4C03F0130F0BC0138704700BF44
:10B74000844641EA000313F003036DD1403A41D32C
:10B7500051F8043B40F8043B51F8043B40F8043BEB
:10B7600051F8043B40F8043B51F8043B40F8043BDB
:10B7700051F8043B40F8043B51F8043B40F8043BCB
:10B7800051F8043B40F8043B51F8043B40F8043BBB
:10B7900051F8043B40F8043B51F8043B40F8043BAB
:10B7A00051F8043B40F8043B51F8043B40F8043B9B
:10B7B00051F8043B40F8043B51F8043B40F8043B8B
:10B7C00051F8043B40F8043B51F8043B40F8043B7B
:10B7D000403ABDD2303211D351F8043B40F8043B1B
:10B7E00051F8043B40F8043B51F8043B40F8043B5B
:10B7F00051F8043B40F8043B103AEDD20C3205D32B
:10B8000051F8043B40F8043B043AF9D2043208D022
:10B81000D2071CBF11F8013B00F8013B01D30B8894
:10B8200003806046704700BF082A13D38B078DD072
:10B8300010F003038AD0C3F10403D21ADB071CBF44
:10B8400011F8013B00F8013B80D331F8023B20F8AE
:10B85000023B7BE7043AD9D3013A11F8013B00F8E7
:10B86000013BF9D20B7803704B7843708B7883706F
:10B87000604670470000000000000000000000006B
:10B8800030B490F800F020F007016FF0000C10F0D9
:10B89000070491F820F040F048804FF000046FF06A
:10B8A0000700D1E9002391F840F000F1080082FA86
:10B8B0004CF2A4FA8CF283FA4CF3A2FA8CF34BBB51
:10B8C000D1E9022382FA4CF200F10800A4FA8CF2CA
:10B8D00083FA4CF3A2FA8CF3E3B9D1E9042382FA98
:10B8E0004CF200F10800A4FA8CF283FA4CF3A2FAAD
:10B8F0008CF37BB9D1E9062301F1200182FA4CF2E5
:10B9000000F10800A4FA8CF283FA4CF3A2FA8CF34B
:10B91000002BC6D0002A04BF04301A4612BAB2FA6D
:10B9200082F200EBD20030BC7047D1E9002304F072
:10B930000305C4F100004FEAC50514F0040F91F8A7
:10B9400040F00CFA05F562EA05021CBF63EA050344
:10B9500062464FF00004AAE7DFF860C0F8B521F0B6
:10B9600000430027634504460D461646176020D85D
:10B97000844653EA0C0C1CD0DFF844C001EA0C0CDE
:10B980000A46BCF1000F09D10B4B002205F0CEFB9B
:10B990006FF0350704460A4621F000431B156FF38C
:10B9A0001E52A3F2FE3342F07F553B4445F400158E
:10B9B000336020462946F8BD00005043FFFFEF7F6B
:10B9C0000000F07F2DE9F04F03690C69A34283B0BA
:10B9D000C0F28A80013C01F1140500F1140855F809
:10B9E000243058F8242001339A428E4681464FEA8B
:10B9F000840105EB840708EB840AB2FBF3F63AD323
:10BA0000CDE900150022AC46404613465CF8041B05
:10BA100005681FFA81FB06FB0B22090C4FEA124B4B
:10BA200006FB01BB92B2A9B2891A19441FFA8BF323
:10BA3000C3EB214303EB154389B241EA0341674558
:10BA400040F8041B4FEA1B424FEA2343DED2DDE9F4
:10BA5000001558F8013073B9AAF1040AD04504D38F
:10BA600007E0D04504F1FF3403D25AF80439002B23
:10BA7000F7D0C9F810407146484601F00DFB002888
:10BA80002EDB4146002255F8040BD1F800C01FFA06
:10BA900080FE1FFA8CF3A3EB0E031344020CC2EBDF
:10BAA000234202EB1C429BB243EA0243AF4241F8FD
:10BAB000043B4FEA2242E6D258F8242008EB8403E4
:10BAC0006AB9043B434504D807E0984504F1FF34C4
:10BAD00003D253F80429002AF7D0C9F810400136E0
:10BAE000304603B0BDE8F08F002003B0BDE8F08F12
:10BAF0002DE9F04F816B9FB016461F46CDE90467D4
:10BB00002B9D044641B1C26B4A60012393408B6078
:10BB100001F046F80023A363B7F10009B4BF012385
:10BB200000232B60B44BBCBF29F00049CDF8149022
:10BB300033EA090300F0A3809DED047B002251EC61
:10BB4000170B00238DED027B05F058FD824668B18E
:10BB50002A9A012313602C9B13B12C9AA74B1360D4
:10BB6000A74B079307981FB0BDE8F08F1CAB01935C
:10BB70001DAB00932046DDE9022301F069FB5FEA7B
:10BB80001955DDF87080099040F08F801D9D454467
:10BB900005F23243202B40F32E82C3F1400309FA11
:10BBA00003F905F2124326FA03F349EA030005F00C
:10BBB00043FA0122013DA1F1F873109219460022C7
:10BBC000904B05F0FBF886A3D3E9002305F0AEFA0D
:10BBD00085A3D3E9002305F0F3F8064628460F466F
:10BBE00005F03AFA82A3D3E9002305F09FFA024652
:10BBF0000B463046394605F0E3F806460F4605F099
:10BC000045FD00228146089000233046394605F064
:10BC1000FFFC002840F01581A8EB0508089D162DB3
:10BC200008F1FF3B00F2F880774B03EBC503D3E943
:10BC30000023DDE9020105F0EBFC002840F0D5818E
:10BC4000B8F1000F40F385850D90AB440C950A9038
:10BC500000230B93289B092B3BD8052BC4BF043B27
:10BC60002893289BA3F10203CCBF00250125032BB9
:10BC700031D8DFE813F0EC02E902DE02C9012A9AAA
:10BC8000C9F3130942F20F7359EA0609136019D177
:10BC90002C9B002B00F039875C4B079308332C9AC0
:10BCA000079813601FB0BDE8F08FDDE90201C1F312
:10BCB000130343F07F53A5F2FF35CDF840A043F4C2
:10BCC00040137BE72C9B002B40F09A81504B07934D
:10BCD00048E7002328930025E5632946204600F025
:10BCE00039FF0790002800F0AB86079BA3631D9BDC
:10BCF000002BC0F2B480089A0E2A00F3B080424BA9
:10BD000003EBC20393ED007BDDE9028957EC176B6F
:10BD1000404632463B4649468DED047B05F030FBFC
:10BD200005F0B4FC054605F097F932463B4605F0B0
:10BD3000FDF90B4602464946404605F03FF805F13D
:10BD40003003079D05F8013B4FF0FF3A02944FF096
:10BD500001095446DDE904AB1DE052465B4630461E
:10BD6000394605F00DFB05F091FC804605F074F9AD
:10BD700052465B4605F0DAF909F101090B46024625
:10BD80003946304605F01AF808F13003A14505F8A8
:10BD9000013B00F03B851F4B002205F0C7F9002254
:10BDA000002306460F4605F029FC0028D5D0089F41
:10BDB000029C0137AB460999204600F0F1FE0023B2
:10BDC0008BF800302A9B1F602C9B002B3FF4CAAEDF
:10BDD0000798C3F800B01FB0BDE8F08FAFF3008044
:10BDE00061436F63A787D23FB3C8608B288AC63F81
:10BDF000FB799F501344D33F0000F07F8146010838
:10BE0000804601080000F83F40480108CC46010880
:10BE1000D84601080000244001230D93BBF1000F18
:10BE2000C0F2DD8000230A93089B002B80F2D480AF
:10BE30000A9A089BD21A5B420B9300230A920C9336
:10BE400008E7484605F008F932463B4605F0D6FBC0
:10BE500000287FF4E1AE09F1FF330893DCE64FF0F0
:10BE6000FF3A2995CDF850A0109A002A40F0F281AF
:10BE70001C9B0B9FC3F136030A9A01212046D5185B
:10BE80009B4400F051FF0A9A0646002A40F07B834B
:10BE90000B9B002B00F0F083002F40F0D4830B9A13
:10BEA0000999204601F024F8012309900B93012100
:10BEB000204600F039FF0C9B0290002B40F00283DB
:10BEC000289B012B40F385830120584410F01F006C
:10BED00000F0C881C0F12003042B40F393830A9B38
:10BEE000C0F11C00034405440A938344002D05DD82
:10BEF00009992A46204601F05BF80990BBF1000F32
:10BF000005DD02995A46204601F052F802900D9B39
:10BF1000002B40F0ED82BAF1000F40F3AE820B9B94
:10BF2000002B40F0FB81089F0137DDF81C80DDF815
:10BF300024B0DDF80890012507E0594600230A22C5
:10BF4000204600F037FE0135834649465846FFF744
:10BF500039FD554500F1300008F8010BEDDB079B7A
:10BF6000CDF824B0BAF1000F0AF1FF3503F1010258
:10BF7000D8BF002505EB020A814600250999012258
:10BF8000204601F015F80299099001F085F8002883
:10BF900040F37583079A02E0924500F07B83D34615
:10BFA0000AF1FF3A1BF8013C392BF5D001338AF82E
:10BFB00000300299204600F0F3FD002E3FF4FBAE66
:10BFC0002DB1B54203D02946204600F0E9FD3146A7
:10BFD000204600F0E5FDEEE69B440C9338E6C8F100
:10BFE00001030A934FF0000B1EE7089B013B0893E7
:10BFF00000230D9312E7C3F1200306FA03F0D6E500
:10C00000B74B079303334AE601231293299B089AFF
:10C01000134403F1010A5646012E1493B8BF0126BA
:10C02000172E40F36285012204235B0003F1140004
:10C03000B042114602F10102F7D9E163204600F057
:10C0400089FD0790002800F0FB84BAF10E0FA06371
:10C0500000F20F81002D00F00C81089A002A40F3B5
:10C060004F83A04902F00F0301EBC303D105D3E9CD
:10C0700000674FEA221540F1E7839B4BDDE902019F
:10C08000D3E9082305F07CF9CDE90E0105F00F0591
:10C090004FF0030985B1DFF85082EA0740F1DE80F6
:10C0A00030463946F8E8022305F040F86D1009F1F2
:10C0B000010906460F46F0D1DDE90E0132463B4646
:10C0C00005F05EF9CDE90E010D9B53B1DDE90E6778
:10C0D000864B00223046394605F09AFA002840F097
:10C0E0006184484604F0B8FFDDE90E2305F01EF830
:10C0F0007F4B002204F064FE0646A1F15077BAF1AE
:10C10000000F00F0DA82089B1B93CDF854A0754B0A
:10C1100015991A93CDE9186703EBC103DDE90E56B3
:10C1200013ED027B314628468DED167B05F0AEFA05
:10C1300000F130035FFA83F804F08EFF0B460246ED
:10C140003146284604F03AFE079B0F4612995D1CC3
:10C1500006460E95002900F0AA83DDE916236549FD
:10C16000002005F00DF9DDE9182304F027FE079BF8
:10C17000324683F800803B46CDE9120105F066FAAD
:10C18000002840F07084DDF85480CDF858B0CDF828
:10C1900054A04FF00009DDE912AB0E942BE009F139
:10C1A0000109C14580F2CB81534B504659460022CC
:10C1B00004F0BCFF504B002282468B463046394685
:10C1C00004F0B4FF0F46064605F060FA044604F09A
:10C1D00043FF02460B463046394604F0EFFD30344B
:10C1E00005F8014B52465B4606460F4605F010FA2D
:10C1F000002840F0378432463B463C49002004F09A
:10C20000DDFD52465B4605F003FA0028C7D01B9EB1
:10C210000E9C079A013602E0954200F0F383AB468C
:10C2200015F8013D392BF7D00133DBB22B703746BF
:10C23000C1E501231293299B002B40F3B381299B75
:10C2400014939A461E46EBE600231293DEE6002383
:10C250001293F0E70B9F03F233430DE66D1008F1E4
:10C2600008081AE71C230A9A1A441D440A929B44A0
:10C270003CE61D9B002BC0F25781089A0E2A00F362
:10C280005381184B1A931A9B089A03EBC20393ED40
:10C29000007B299B002B8DED047B80F2DC82BAF1C0
:10C2A000000F00F3D88240F02182144B0022DDE918
:10C2B000040104F03BFF02460B46DDE9020105F0F4
:10C2C000B1F95146002840F01282DDF81CB031234C
:10C2D0000BF8013B204600F063FC089F02376AE53B
:10C2E000D846010840480108184801080000F03FFE
:10C2F00000001C400000E03F00002440000014400B
:10C30000314600230A22204600F054FC149B002BE7
:10C31000064640F3E083DDF850A008950A9B002B09
:10C3200005DD31461A46204600F042FE06460C9BCB
:10C33000002B40F05482B046079D05F1FF3B0BEB0C
:10C340000A030B93049BDDF824B003F001030C9364
:10C3500002995846FFF736FB31468246584600F0B0
:10C360009BFE029907464246204600F0B7FEC3688E
:10C370000AF130090146002B36D10A90584600F0E8
:10C380008BFE0A990990204600F00AFC099B002BBD
:10C3900058D1289B1BB90C9B002B00F08583002FE4
:10C3A000C0F24B830B9BAA469D420AF8019B00F00A
:10C3B0007682594600230A22204600F0FBFB4645C0
:10C3C000834631464FF000034FF00A02204633D037
:10C3D00000F0F0FB4146064600230A22204600F00A
:10C3E000E9FB55468046B3E72046CDF824B000F07F
:10C3F000D7FB002F06DB049B03F00102289B1F43A1
:10C400003A432CD109990122204600F0D1FD02992E
:10C41000099000F041FE002840F32A83B9F1390F5A
:10C4200000F0F3820AF13109AB46089F0BF8019B3B
:10C43000354601374646BCE500F0BCFB554606468E
:10C44000804685E7002FC0F20283289A17430C9A92
:10C45000174300F0FC82002BA4DDCDF824B0B9F125
:10C46000390F00F0D282AB46089F09F1010335462F
:10C470000BF8013B013746469BE5289B022B7FF7D3
:10C480004EADBAF1000F40F08C810299534605225F
:10C49000204600F08FFB01460290099800F0FCFD59
:10C4A000002840F37E81DDF81CB0029931230BF89F
:10C4B000013B204600F074FB089F0237002E7FF4FA
:10C4C00086AD78E41A460146204600F011FD289B0F
:10C4D0000290012B40F3768100230C93029A13699A
:10C4E00002EB8303186900F0B5FBC0F12000ECE417
:10C4F0000299099800F0D0FD0028BFF60CAD00238A
:10C500000999089D0A22204600F054FB0B9B0990D4
:10C51000013D002B7FF4F4AE149B002B40F3D0823E
:10C52000089FDDF850A000E5129A92B90A9B002BF3
:10C530006DD10B9B002B7BD11D461E46B7E41D9B86
:10C540000E9C002BDDE915AB03DB089A0E2A7FF762
:10C550009AAE289A012A7FF787AC0B9B0AF1FF3726
:10C56000BB42C0F2FF80BAF1000FA3EB070780F2D5
:10C57000A482012120460A9D00F0D6FBA5EB0A0803
:10C580000646CDF82880BBF1000F7FF781AC0A9AF0
:10C590005A451346A8BF5B46D21AED1A0A92ABEB76
:10C5A000030B75E40021E163204600F0D3FA079005
:10C5B000002800F04582079BA363002D40F0FE8019
:10C5C0001D9B002BC0F2698201221492299292468F
:10C5D00053E6049B002B7FF477AC059BC3F3130356
:10C5E000002B7FF471AC059B23F000431B0D1B0552
:10C5F000002B3FF469AC012301350BF1010B0C93C7
:10C60000184662E43FF472ACC0F13C032BE6BBF188
:10C61000000F00F0B3810A9A0B9E5A451346A8BF3B
:10C620005B46D51AABEB030B0A95002E3FF43FACEB
:10C630000B9A0999204600F05BFC00230A9D0990A3
:10C640000B931E4633E431463A46204600F050FC38
:10C65000DDF8249001464A460646204600F092FB4B
:10C6600049468046204600F09BFA0B9BCDF824807B
:10C67000DB1B0B937FF413AC01230B9317E403D163
:10C6800019F0010F7FF486ACD3461AF8013D302B28
:10C69000FAD08EE4079A31230137137089E44846B3
:10C6A00004F0DAFCDDE90E2304F040FDB74B002274
:10C6B00004F086FB0646A1F15077B54B0022DDE978
:10C6C0000E0104F07BFB32463B468046894604F06F
:10C6D000BDFF002840F0A48140464946324607F19C
:10C6E000004304F095FF00283FF4C3AD002120462D
:10C6F00000F056FA299BDDF81CB05F42FFF75BBBE8
:10C7000000F07881089BA34A5D4205F00F0302EB1D
:10C71000C303D3E90023DDE9020104F007FD2D1175
:10C72000CDE90E0100F0DD819B4E4FF00209EB07D1
:10C730000CD5DDE90E01F6E8022304F0F7FC6D10DC
:10C74000CDE90E0109F10109F1D1BDE46D10083602
:10C75000EDE7C8F101030A93089B0D909B460C93EB
:10C76000FFF776BA0B9B0C9AFB1A1A440A9B0C92A1
:10C770000121204603EB0A0500F0D6FA0A9B0B972D
:10C78000D3440646002B3FF48AAB0A9A5A45134617
:10C79000A8BF5B46D21AED1A0A92ABEB030BFFF768
:10C7A0007EBB0299204600F0FBF9299BDDF81CB006
:10C7B0005F42002E7FF40BACFFF7FDBA149529956C
:10C7C000AA464AE4049B002B7FF486AEDDE90412FE
:10C7D000C2F31303002B00F052810C917EE67168C6
:10C7E000204600F0B7F90546002800F0878133693C
:10C7F00002339A0006F10C010C30FEF7A1FF294626
:10C800000122204600F0D4FB804695E5029C0246BA
:10C810000B4604F0D5FA089FDDE904230137824670
:10C820008B463E4604F012FF48B9DDE9042350462A
:10C83000594604F0E3FE20B118F0010F01D0079A29
:10C84000EDE4AB46FFF7B7BA9DED027B4FF002096E
:10C850008DED0E7B1EE4079B01330E93DDE902563E
:10C86000DDE904232846314604F08AFD04F00EFF7A
:10C87000804604F0F1FBDDE9042304F057FC024696
:10C880000B462846314604F099FA079A0E9D08F1A6
:10C890003003BAF1010F13707FF458AAB7E7089F6D
:10C8A000CDF824B0354601374646FFF767BBDDE9D2
:10C8B0001823DDE9160104F039FC079B83F800809A
:10C8C000159B012BCDE9100123D0079B159ADDF8AC
:10C8D000388003EB0209314B00223046394604F020
:10C8E00025FC0F46064604F0D1FE054604F0B4FBD5
:10C8F000303502460B463046394604F05FFA08F8F8
:10C90000015BC84506460F46E5D10E9B5D1E159B93
:10C910001D44DDE91089224B00224046494604F0BF
:10C920004FFA32463B4604F073FE002840F09580F3
:10C9300042464B461A49002004F040FA32463B4634
:10C9400004F084FE80B91D9B002BFFF6EFAD089B21
:10C950000E2B3FF7EBAD1A9B089A03EBC20797ED3E
:10C96000007B8DED047B79E7AB46013D1BF8013C74
:10C97000302BF9D01B9F0137FFF71DBA0B9E002EFD
:10C980007FF456AE0A9DFFF792BA00BF00001C402C
:10C9900000001440404801081848010800002440E5
:10C9A0000000E03FBAF1000F3FF479AE149D002D76
:10C9B0007FF75FAC089B013B304639461B93002252
:10C9C000544B04F0B3FB024616460F4609F1010032
:10C9D000CDE90E6704F040FB32463B4604F0A6FB6F
:10C9E0004D4B002204F0ECF915950646A1F1507765
:10C9F000FFF78DBB9DED027B4FF002098DED0E7BA5
:10CA0000FFF762BB0136312310E4AA46089F079A5C
:10CA1000392335460AF8013B01374646FFF7BFBACE
:10CA2000DDF81CB031230BF8013B0021204600F05B
:10CA3000B7F8089F0237FFF7BEB9CDF824B0F3E48A
:10CA4000364B3748002240F2AF1102F0ABFE002B0C
:10CA5000CDF824B03FF7D6ACE6E41B9E079A01362A
:10CA6000FFF7DDBB0E9C1B9FAB460137FFF7A3B959
:10CA70007FF4DAAC19F0010F7FF4D0ACD4E4059B5D
:10CA800023F000431B0D1B05002B3FF426AD0123B3
:10CA900001350BF1010B0C9320E5129B4BBB0123DD
:10CAA000149329939A4641E5B9F1390FCDF824B092
:10CAB000ABD0002F3FF7B6ACB6E45346FFF7DCB976
:10CAC000289A022A03DC089F9A46FFF72EBA089597
:10CAD000DDF850A0D5E4289A0895022AF8DC9A4699
:10CAE0001CE44FF00209FFF7EFBA0021E163FFF702
:10CAF000A5BA129B29939A4614932EE5074B084832
:10CB00002A4640F2EF2102F04DFE064B0793FFF755
:10CB100029B800BF0000244000001C40DC4601088A
:10CB2000F0460108CC46010882B049B15AB16BB158
:10CB300013780B601278101E18BF012002B07047E6
:10CB400001A9002AF3D1104602B070476FF001002E
:10CB5000F4E700BF436C70B505460C464BB153F883
:10CB6000240080B1026843F824200023C0E9033385
:10CB700070BD2122042104F0BBFF03466864002835
:10CB8000EDD1002070BD012101FA04F6721D920062
:10CB9000284604F0ADFF0028F3D0C0E90146E4E7E1
:10CBA00031B1436C4A6853F82200086043F8221000
:10CBB000704700BF2DE9F0410D6907460E461C463F
:10CBC00001F1140E0020DEF800108BB202FB0343CB
:10CBD0004FEA134C090C02FB01CC01309BB203EB72
:10CBE0000C4385424EF8043B4FEA1C44EBDC3CB15D
:10CBF000B368AB4207DD06EB850301355C61356147
:10CC00003046BDE8F081716838460131FFF7A2FF78
:10CC10008046A8B13269023206F10C0192000C3054
:10CC2000FEF78EFD7B6C726853F82210316043F87A
:10CC30002260464606EB850301355C613561DFE71E
:10CC4000024B03484246BA2102F0ACFDDC46010823
:10CC50004C470108B0F5803F034636BF030400206F
:10CC60001020B3F1807F3CBF1B020830B3F1805F1E
:10CC700006D3B3F1804F0FD29A0012D4033070471D
:10CC80001A01B2F1804F00F1040006D29B0108D4D2
:10CC90005B00F3D4202070471A46002AFBDB0130EA
:10CCA00070470230704700BF03685907024607D03B
:10CCB000D8071DD499072AD55B0813600120704757
:10CCC00099B279B91B0CD9B2A1B11020190701D1C1
:10CCD00004301B09990712D0D90701D401305B0831
:10CCE00013607047D9B241B1180718D10420F0E79A
:10CCF0000020704718201B0AE8E70820FBE713F024
:10CD0000040F4FEA930106D002300B46E8E79B0878
:10CD1000136002207047DB0804D120207047DB0835
:10CD20000320DDE70330DBE738B5436C04460D46EE
:10CD30004BB15868B0B102685A6000220123C0E9C3
:10CD40000323456138BD2122042104F0D1FE0346AE
:10CD500060640028EDD1094B0948002240F24511DA
:10CD600002F020FD1C220121204604F0C1FE002813
:10CD7000F1D001220223C0E90123DEE7DC460108ED
:10CD80004C4701082DE9F04FD1F810801569A845EE
:10CD900085B00E46924605DB2A46534645468A46EE
:10CDA00090461E46DAF80830DAF8041005EB08045D
:10CDB000A342B8BF0131FFF7CDFE8446002800F042
:10CDC0008C8000F1140707EB840E774505D23B46B3
:10CDD000002243F8042B9E45FBD8143606EB880846
:10CDE0000AF11409464509EB850567D2A5EB0A034C
:10CDF000153B0AF1150A23F00303AA4594BF9B468D
:10CE00004FF0000BCDF808E00394AE46E24605E093
:10CE1000090C2BD1B04507F104074CD956F8041B77
:10CE20008DB2002DF4D0CC463C46002301965CF830
:10CE3000040B216886B28AB2000C05FB0622090C9D
:10CE40001A4405FB001101EB124192B242EA014281
:10CE5000E64544F8042B4FEA1143E8D807EB0B02F0
:10CE6000019E536056F8041C090CD3D03B68002285
:10CE700048461D463C469446028801FB02C202EB2E
:10CE800015429BB243EA024344F8043B50F8043B8A
:10CE900025684FEA134CABB201FB0C3303EB124392
:10CEA00086454FEA134CE7D807EB0B02B0455360B9
:10CEB00007F10407B2D8DDE902E4D446002C02DC15
:10CEC00005E0013C03D05EF8043D002BF9D060463C
:10CED000CCF8104005B0BDE8F08F034B0348624624
:10CEE0004FF4B17102F05EFCDC4601084C470108CA
:10CEF00012F003032DE9F0411446074632D10E46E5
:10CF0000A4102CD03D6C002D35D004F001034FF05F
:10CF1000000864103BB92868B8B1054604F0010365
:10CF20006410002BF7D02A4631463846FFF72AFF17
:10CF300036B17B6C716853F82120326043F8216070
:10CF400074B1064628680028E7D12A4629463846A3
:10CF5000FFF718FF2860C0F800800546DEE730467E
:10CF6000BDE8F081013B0F4A52F823200023FFF770
:10CF700021FE0646C4E701213846FFF7EBFD0546D2
:10CF800040B1012340F27122C0E904320023386429
:10CF90000360BAE7044B05482A4640F2451102F007
:10CFA00001FC00BF08480108DC4601084C470108A5
:10CFB0002DE9F0470C4690462769A368496807EBBE
:10CFC00062177D1C9D4206464FEA621904DD5B0034
:10CFD0009D4201F10101FADC3046FFF7BBFD8446BA
:10CFE00000284ED0B9F1000F00F114000BDD09F15B
:10CFF00005020CEB82020346002143F8041B934216
:10D00000FBD100EB8900216904F1140318F01F081B
:10D0100003EB81012DD0C8F1200986464FF0000AAC
:10D020001A6802FA08F242EA0A024EF8042B53F890
:10D03000042B994222FA09FAF2D80B1B153B23F074
:10D04000030304F11502914238BF0023043340F872
:10D0500003A0BAF1000F00D13D46736C6268CCF8B2
:10D06000105053F822102160604643F82240BDE87A
:10D07000F087043853F8042B40F8042F9942F9D86C
:10D08000EAE7034B034862464FF4EF7102F08AFB74
:10D09000DC4601084C4701080B6984460069C01A48
:10D0A00016D10CF1140C14310CEB830210B401EB0B
:10D0B000830301E0944508D252F8044D53F8041D4F
:10D0C0008C42F7D005D24FF0FF305DF8044B70472B
:10D0D000704701205DF8044B704700BF2DE9F04F09
:10D0E00013690E69F61A002E83B08946154614D1CD
:10D0F00001F1140702F1140101EB830107EB830333
:10D1000001E09F427ED253F8044D51F8042D944221
:10D11000F7D080F08480012603E0FCDB00260D467A
:10D1200091466968FFF716FD0146002800F08480EB
:10D130002F69C660D9F8100005F1140B05F1100233
:10D1400001F1140A09F1140505EB80000BEB870EC1
:10D15000D0460023CDF804B0944655F8046B5CF833
:10D16000042F1FFA86FB94B2A4EB0B041C44330C6F
:10D17000C3EB124303EB2443A4B244EA0344A842A2
:10D1800048F8044B4FEA2343E7D82646A0EB0904AE
:10D19000153CDDF804B024F0030409F115094845F5
:10D1A00038BF00240BEB0402043204EB0A05964559
:10D1B00005F10404104636D9AAEB0B0A00EB0A0C61
:10D1C00050F8045B13FA85F62B442D0C05EB26452D
:10D1D0009BB243EA05468645CCF800604FEA2543FA
:10D1E000ECD80EF1FF339B1A23F00303234426B936
:10D1F00053F8042D013F002AFAD008460F6103B00E
:10D20000BDE8F08F0021FFF7A5FC014668B10122BF
:10D210000023C0E90423084603B0BDE8F08F2B4685
:10D220004D4699467DE72B46E1E70A46064B0748FF
:10D2300040F2372102F0B6FA0A46034B034840F2A7
:10D24000452102F0AFFA00BFDC4601084C47010857
:10D25000F0B5012183B016461F46FFF77BFC05465B
:10D26000002845D0C7F30A54C7F313030CB143F4A5
:10D270008013002E019314D101A8FFF715FD019B27
:10D280006B6101212030296114B3089BA4F233445F
:10D2900004441C60099BC0F135001860284603B0A7
:10D2A000F0BD68460096FFF7FFFCDDE9002330B1D2
:10D2B000C0F1200103FA01F1C3400A430193002B9E
:10D2C0000CBF01210221C5E905232961002CDCD115
:10D2D00005EB8102A0F232431069089A1360FFF750
:10D2E000B9FC099BC0EB41101860284603B0F0BDA3
:10D2F000034B04482A4640F20F3102F053FA00BFB4
:10D30000DC4601084C47010849B1FF2A02D80A70DF
:10D31000012070478A2303604FF0FF3070470846B2
:10D32000704700BF70B5054684B05BB11C460F4B1B
:10D33000D3F8E060234669B12846B047431C0FD0BC
:10D3400004B070BD094B00F58274D3F8E060234649
:10D350000029F1D10A46284601A9B047431CEFD164
:10D3600000228A2322602B6004B070BD8806002052
:10D3700010B582B0049CCDE900344FF0FF3302F0C9
:10D38000A9FA02B010BD00BF2DE9F04FDBB00C468A
:10D390000A9115460E938346FDF7F6FE0368179330
:10D3A0001846FEF76DFA0021169008222AA8FDF70C
:10D3B0000DFEA389190603D52369002B01F0AE8069
:10D3C0009FED777B00239E46CDE91AEE8DED127B13
:10D3D000CDE92F3331AB2E931C46CDF860E0CDF86C
:10D3E00064E0CDF820E0CDF844E02F463D466E4B9A
:10D3F000D3F8E460FDF7C2FE2AAA0346009226A9EC
:10D400002A465846B047002800F09880C0F28E8027
:10D41000269A252A034601D01D44E8E7B5EB070804
:10D42000064640F08F8000234FF0FF328DF88F309A
:10D430009A46099301352B78079201359946A9F14F
:10D4400020035A2B00F2B280DFE813F04402B00050
:10D45000B0004002B000B000B0002302B000B00045
:10D46000EE01FD01B000F9010602B00002025B000E
:10D470005B005B005B005B005B005B005B005B00D4
:10D48000B000B000B000B000B000B000B0002501A6
:10D49000B0007C010203250125012501B000B00088
:10D4A000B000B000FE02B000B0004E02B000B0000C
:10D4B000B000B901B000A402B000B000C007B000D5
:10D4C000B000B000B000B000B000B000B000250166
:10D4D000B0007C01670125012501250122036701B8
:10D4E0006C00B0003B03B0002C03700345036C00DC
:10D4F000B000B9016A00DD02B000B0003008B00031
:10D500006A00A9F13003002215F8019B02EB8202A8
:10D5100003EB4202A9F13003092BF5D909928EE7FA
:10D520002B788AE72B784AF0200A86E70822002128
:10D530002AA8FDF74BFD01231D4458E7B5EB07086A
:10D54000064612D0DDF8BCE0309B0EF101024344E8
:10D55000072AC4E9007830932F9215DC0834089B21
:10D5600043440893002E7FF45EAF309B002B41F0C4
:10D570006B830A9B9B8903F04003002B41F0C58716
:10D5800008985BB0BDE8F08F0A992EAA584601F0C2
:10D59000F5FF0028EDD131ACE1E700BFAFF300802B
:10D5A000000000000000000088060020B9F1000F14
:10D5B000DBD00023CDE90F3301228DF804918DF8E3
:10D5C0008F300B930C920793159341AF0692309EC8
:10D5D00014961AF0840300F0E4809DF88F2002B3C3
:10D5E0002F984FF0000801300122013662600728B1
:10D5F0000DF18F02CDE92F06226000F3028408347A
:10D60000B8F1000F0DD02F98013024AA0236226005
:10D6100007284FF00202CDE92F06626000F3E58390
:10D620000834802B00F0EC82079B0C9AA3EB0208D5
:10D63000B8F1000F00F329831AF4807F40F089824B
:10D640000C9B63601E442F9B27600133072B309691
:10D650002F9300F3728308341AF0040F05D0099B4E
:10D66000069A9F1A002F00F3DA83DDE90832069943
:10D670008A42ACBF9B185B180893002E40F03D8394
:10D6800000232F930B9B1BB10B99584604F02EFAE5
:10D6900031AC2F46AAE60E9B073323F00703B3EC09
:10D6A000027B8DED127B0E93139B8DED1E7A23F082
:10D6B00000431F93DDE91E01B34B4FF0FF3203F02F
:10D6C000CFFF002840F02886DDE91E01AE4B4FF069
:10D6D000FF3203F0A7FF0646002840F01D86DDE973
:10D6E0001201002200232AF0800A03F091FF002893
:10D6F00041F0F1819DF88F30B9F1470FCCBFA34FB6
:10D70000A34F002B41F0E0850322CDE90F330B93AB
:10D710000C9207931593069259E71AF0200F40F0E8
:10D72000B3850E9A1AF0100F52F8046B41F01B8764
:10D730001AF0400F0E9201F0168146F3C0384346AE
:10D7400036B295E10E9BB9F1430F03F1040603D005
:10D750001AF0100F00F0BB86082200212CA8FDF75C
:10D7600035FC0E9B41AF1A6839462CAB5846FFF783
:10D77000D9FD034601330C9001F0C2860C9B23EACD
:10D78000E37306930023CDE90F330E968DF88F30A7
:10D79000309E0B93079315931AF0840314967FF42D
:10D7A0001CAF099A0698A2EB0008B8F1000F00F32D
:10D7B00014849DF88F20002A3FF436AF10E7DDF87F
:10D7C000388058F8047B00238DF88F30002F00F04C
:10D7D0009486B9F1530F01F013801AF010030F93E0
:10D7E00041F00E80079B002BC1F21C821A460F9954
:10D7F0003846FDF755FF9DF88F300B90002801F05B
:10D80000CC850B9AD21B0C9222EAE27206920BB1E3
:10D81000013206920F9BCDF8388007931593109331
:10D820000B934FF07309D2E60E9B53F8042B099229
:10D83000002A80F21385099A0E93524209922B789E
:10D840004AF0040AF9E52B238DF88F302B78F4E5A4
:10D850002B784AF0800AF0E5294611F8019BB9F1CE
:10D860002A0F01F04286A9F13003092B98BF00224C
:10D8700001F20E8411F8019B02EB820203EB4202DB
:10D88000A9F13003092BF5D942EAE27307930D465B
:10D89000D5E55846FDF778FC436819931846FDF71F
:10D8A000EFFF1B9006465846FDF76EFC82682B780A
:10D8B0001A92002E3FF4C1AD002A3FF4BEAD12789B
:10D8C000002A3FF4BAAD4AF4806AB6E52B784AF0F4
:10D8D000010AB2E59DF88F202B78002A7FF4ADADC8
:10D8E00020228DF88F20A8E51AF0200F4AF01000B2
:10D8F00000F0BC840E9B073323F007031A465968D7
:10D9000052F8083B0E9200228DF88F20079A002AC9
:10D9100018DB53EA010220F4906A15D1079A9AB9EC
:10D9200010F001031A46069300F00B8730238DF8A0
:10D930006731079B0C92CDE90F3315930B930DF2D2
:10D94000671744E620F4806A5AAF03F00702DB0849
:10D9500043EA4173C908303253EA0106384607F8F2
:10D96000012DF2D11AF001030F9340F01E830799A5
:10D9700015935AAAD21B9142B8BF11460C92069138
:10D9800010930B9323E600BFFFFFEF7F444601088F
:10D99000404601081AF0200F4AF0100138D10E9BC2
:10D9A0001A1D0E9B07981B684FF0000840458DF824
:10D9B0008F801E46C0F27C8521F0800A002B00F08B
:10D9C0008B840E920A2E78F1000380F0B28306F168
:10D9D0003003DBB2079A8DF86731012AB8BF012204
:10D9E00006929DF88F3001220C920DF26717002BE2
:10D9F00001F07585069B013306930023CDE90F33B3
:10DA00000B931593E3E51AF0200F00F04E84514676
:10DA10000E9B073323F007031A46D3F8048052F80D
:10DA2000086B0E9200238DF88F30079B002BC0F2FD
:10DA3000408556EA080321F0800AC3D1079B002BDA
:10DA400000F04F840026C2E72B784AF0080AF4E47D
:10DA50001AF0200F4AF0100300F019840E9A0732D2
:10DA600022F007029A46536852F8086B0E929846C5
:10DA7000002BC0F24D83079A002AA3DB56EA080365
:10DA80002AF0800A9ED1002A01F055803023A1E7B8
:10DA90002B78682B03BF6B784AF4007A01354AF083
:10DAA000400ACAE40E9A1AF0200F02F1040300F0B3
:10DAB0002184126808991160C91751600E932F468E
:10DAC00094E42B786C2B03BF6B784AF0200A013565
:10DAD0004AF0100AB1E40E9A079F52F8040B002195
:10DAE00047F630038F42ADF890308DF88F10034623
:10DAF000C0F2E2842AF0800646F0020A002840F0D4
:10DB0000DD84002F01F01E800E9230230122069743
:10DB1000CDE90B0210908DF867310DF26717159063
:10DB20004FF078090F90844600F0A5BC1AF0200F42
:10DB300040F0B8830E9A1AF0100152F8043B41F0FD
:10DB40000F851AF0400000F0EF869BB20E9250460F
:10DB5000D9E6B9F1650F40F3FA80DDE91201002240
:10DB6000002303F04BFD002800F09D812F9BB24A5B
:10DB70002260013301360122072B30962F93626019
:10DB800000F332860834259B119A934280F2618318
:10DB9000169B179A1E44C4E900232F9B309601332D
:10DBA000072B2F9300F39D840834119B5F1E002FD9
:10DBB0007FF752AD102F2F9B41F31C849F49DDF856
:10DBC0002890149132464FF010080E4604E00834B5
:10DBD000103F102F40F3A68001331032072BC4E909
:10DBE0000068CDE92F32F2DD2EAA4946584601F0F1
:10DBF000C5FC002840F08980DDE92F3231ACE7E731
:10DC0000099B069AA3EB0208B8F1000F7FF70CAD51
:10DC10008A4B2F9A1493B8F1100F29DD2146304614
:10DC2000864C2E4610230A9D06E0A8F11008B8F194
:10DC3000100F01F1080118DD01321030072AC1E987
:10DC40000043CDE92F20F0DD2EAA2946584601F0E9
:10DC500095FC002859D1A8F11008B8F1100FDDE9A2
:10DC60002F2031A94FF01003E6DC35460C4606465E
:10DC70000132149B23604644072ACDE92F26C4F8BD
:10DC8000048000F304860834CEE46C4B2F9A14937E
:10DC9000B8F1100F24DD214610230A9C06E0A8F1FC
:10DCA0001008B8F1100F01F1080118DD01326348C6
:10DCB0001036072AC1E90003CDE92F26EFDD2EAA91
:10DCC0002146584601F05AFCF8B9A8F11008B8F1FD
:10DCD000100FDDE92F2631A94FF01003E6DC0C46CA
:10DCE0000132149B23604644072ACDE92F26C4F84D
:10DCF000048000F3018208349EE40A992EAA584653
:10DD000001F03CFC00283FF4BBAC0B9B002B3FF424
:10DD100030AC0B99584603F0E9FE0A9B9B8903F04F
:10DD200040032AE416460133149A22603E44072B2E
:10DD30006760CDE92F367FF78EAC0A992EAA584638
:10DD400001F01CFC0028E0D1309E31AC84E42F9B14
:10DD500003F10108119B012B06F1010604F10809EA
:10DD600040F385810123B8F1070FCDE92F862760A5
:10DD7000636000F35482169B179A08F101081E4451
:10DD8000B8F1070FC9E90023CDE92F8600F35482CB
:10DD900009F10809119BDDE912015C1E0022002334
:10DDA00003F02CFC002840F07C8108F101080137C9
:10DDB0002644B8F1070FCDE92F86C9F80070C9F8DD
:10DDC000044000F3618109F10809189AC9F8042098
:10DDD00008F101031644072B28AACDE92F36C9F80C
:10DDE0000020AADC09F1080436E40A9914932EAA4B
:10DDF000584601F0C3FB002887D1309E149B31ACFC
:10DE00000FE40A9914932EAA584601F0B7FB002894
:10DE10007FF47BAF309E149B31ACFFF7F1BB084A17
:10DE20002F9B1492102F29DDAA46DDF828904FF081
:10DE3000100815460BE000BF804601080C4A010897
:10DE40001C4A0108103F102F04F1080415DD0133AE
:10DE50001036072BC4E90058CDE92F36F2DD2EAA83
:10DE60004946584601F08AFB00287FF44EAF103F28
:10DE7000102FDDE92F3631ACE9DC55460133149A19
:10DE80003E44072BC4E90027CDE92F367FF7EDABE1
:10DE90000A992EAA584601F071FB00287FF435AF8D
:10DEA000309EFFF7E2BB2599002940F353840F9B76
:10DEB000119A9342A8BF1346002B99460ADD1E44CF
:10DEC000C4E900732F9B30960133072B2F9301F386
:10DED000868008340F9BB9F1000FA8BFA3EB09039C
:10DEE000002B984600F329830F9B1AF4806F3B4464
:10DEF00040F04C83259A11998A4203DB1AF0010FF6
:10DF000000F02D86169917980E44C4E900012F9948
:10DF10003096013107292F9101F36D800834119952
:10DF200007EB0108A8EB03088F1AB845A8BFB8464D
:10DF3000B8F1000F0BDD23602F9BC4F80480013380
:10DF40004644072B30962F9301F3A7800834B8F18D
:10DF5000000FA8BFA7EB0807002F7FF77DAB102F9E
:10DF60002F9B41F34782C549DDF828901491324632
:10DF70004FF010080E4604E00834103F102F7FF7D2
:10DF8000D1AE01331032072BC4E90068CDE92F323E
:10DF9000F2DD2EAA4946584601F0F0FA00287FF437
:10DFA000B4AEDDE92F3231ACE7E7302A00F052841D
:10DFB0003023079907F8013C02385AAB1B1A9942E3
:10DFC0004FF00002B8BF1946CDE90F220B920C9317
:10DFD000074606911592FFF7FABADDF8BCE0A848AB
:10DFE00014991490B8F1100F724628DD2095204640
:10DFF000A34D0A9C2193102606E0A8F11008B8F161
:10E00000100F00F1080017DD01321031072AC0E9B6
:10E010000056CDE92F21F0DD2EAA2146584601F009
:10E02000ADFA00287FF471AEA8F11008B8F1100F16
:10E03000DDE92F2131A8E7DC209D219B04461498BF
:10E040002060501C08EB01060728CDE92F06C4F814
:10E05000048000F3A4839DF88F200834002A40F048
:10E060000181002B3FF4E0AA1346FFF7CDBA1AF066
:10E07000010F7FF477AE0123B8F1070FCDE92F86AA
:10E08000276063607FF7A1AE0A992EAA584601F077
:10E0900075FA00287FF439AEDDE92F860DF1C40949
:10E0A00093E6119B012B7FF790AE112B41F30E826B
:10E0B00072491491324643461027DDF828800E46F7
:10E0C00005E009F10809103C102C40F31B840133D2
:10E0D0001032072BC9E90067CDE92F32F1DD2EAAF6
:10E0E0004146584601F04AFA00287FF40EAEDDE9B9
:10E0F0002F320DF1C409E6E70A992EAA584601F01D
:10E100003DFA00287FF401AE309E31ACFFF794BA9F
:10E110002D238DF88F30079B764268EB4808002B43
:10E12000FFF650AC0A2E78F100032AF0800AFFF4C3
:10E130004EAC0AF480630022CDE90B495AA9DDF800
:10E140006890069594461C4626E016EB08034D4859
:10E1500043F10003A0FB032020F0030202EB900236
:10E160009B1AF31A47484FF0CC32B646454602FB9D
:10E1700003F268F1000800FB0822A3FB0063BEF174
:10E180000A0F13444FEA560675F10005394646EA70
:10E19000C3764FEA53082DD33A4D16EB080343F1EB
:10E1A0000003A5FB032020F0030202EB90029B1A60
:10E1B000F31AA3FB053268F100005B0805FB00229F
:10E1C00043EAC27303EB8303A6EB430330330CF142
:10E1D000010C01F8013C4F1E002CB6D099F800301C
:10E1E0006345B2D1BCF1FF0FAFD00A2E78F1000326
:10E1F00080F0D2835AAB0799069DCDF86890DB1B5F
:10E200001A469142B8BF1146DDF830900B9C0C9332
:10E21000CDF844C09DF88F300691FFF7E8BB0A990E
:10E220002EAA584601F0AAF900287FF46EADDDE968
:10E230002F860DF1C4099EE50A992EAA584601F0D1
:10E240009DF900287FF461ADDDE92F860DF1C40949
:10E25000A0E51AF0010F3FF4FFA999E40E932B7883
:10E26000FFF7EBB898460023FFF7BDB90E9B1A1DC8
:10E270000E9B0E921B680021FFF745BB0C4A01085C
:10E280001C4A0108CDCCCCCC5346FFF7E7BB0E9A15
:10E2900004320E990E920E684FEAE6789A4643468B
:10E2A000FFF7E6BB5046FFF725BB0E9A1AF01008A1
:10E2B00052F8043B41F051811AF0400100F03D83D7
:10E2C0009EB2079B8DF88F80002BFFF67AAB2AF069
:10E2D000800A002E7FF475AB079B0E92002B7FF413
:10E2E000B1ABCDE90F330C93159306930B935AAF53
:10E2F000FFF76DB91AF0100F40F0D5821AF0400FF9
:10E3000040F08A841AF4007F00F0CD820E9A0899BA
:10E3100012681170FFF7D2BBDDE9120102460B460D
:10E3200003F09EF90646002840F0B787B9F1610F67
:10E3300000F04685B9F1410F00F0C686079B013316
:10E3400000F0AA84B9F1670F139B4AF4807800F0BB
:10E350006687B9F1470F00F062870B90DDE9121272
:10E36000002AC0F27B879DED127B8DED1C7B002384
:10E370001493A9F14103252B00F20884DFE813F080
:10E3800016070604060406049304000506040604A2
:10E39000060406040604060406040604060406042D
:10E3A000060406040604060406040604060406041D
:10E3B000060406040604060406040604060406040D
:10E3C000160706040604060493040005B64E1AF068
:10E3D000200100F092810E9B073323F007031A46B9
:10E3E000596852F8083B0E921AF0010200F064815D
:10E3F00053EA010200F0E88130228DF890200022DB
:10E400008DF88F20079A8DF89190002AC0F28F81A5
:10E410002AF4906242F0020A03F00F020AF00200AE
:10E42000B25C8DF867211B0943EA01730A0953EABC
:10E4300011110DF267170BD003F00F011B09715C6E
:10E4400007F8011D43EA0273120953EA0201F3D1EE
:10E45000079A5AAB4FF0000CDB1B9A42CDE90FCC68
:10E46000B8BF1A460C930692CDF82CC0CDF854C014
:10E4700000283FF4ACA8069BDDE92F060233069383
:10E480001AF084031496864606D10999069AA1EBE0
:10E490000208B8F1000F07DCBCF1000F3FF4B4A88C
:10E4A0004FF00208FFF79FB8022398E57F4E8EE7F2
:10E4B0000E928A46FFF786BA4AF0020A0E927B4E07
:10E4C00003F00F020220B25C4FF07809A9E70E9B1F
:10E4D0001B688DF80431012306930C9341AFFFF7BD
:10E4E00051B90A992EAA584601F048F800287FF43D
:10E4F0000CAC309E31ACFFF758BB079BCDF8388091
:10E50000062B3A4628BF0623CDE90B730797CDE9C2
:10E510000F22674F06931592FFF759B840215846CE
:10E5200003F0E0FA0A9B18601861002801F00680E9
:10E530000A9A40235361FEF743BFB8F1100F2F9B97
:10E5400040F3C0875B481490224631460A9C4FF046
:10E550001009064606E00832A8F11008B8F1100FBD
:10E5600040F3A98201331031072BC2E90069CDE9DC
:10E570002F31F0DD2EAA2146584600F0FFFF00287B
:10E580007FF4C3ABDDE92F3131AAE5E7119ADDF85D
:10E590005480CDF850A0BA18079222461C46109B12
:10E5A000DDF86890DDF828A00F95002B314615970F
:10E5B0001B9E31DDB8F1000F40F3108108F1FF38E8
:10E5C0002F98199B013031440728C2E90036309159
:10E5D0002F9000F3A1800832079B99F800001F1BC1
:10E5E0008742A8BF0746002F0CDD2F980130394421
:10E5F0000728C2E9004730912F9000F33B8199F83A
:10E6000000000832002FACBFC51B0546002D15DCED
:10E610000444109B002BCDDCB8F1000FCEDC234668
:10E62000159F0F9DDDF850A0CDF868901446119A03
:10E63000BA1893420E4628BF13465BE4102D2F985C
:10E640001C4B23DD0C9410272C461D4604E0103C87
:10E65000102C02F1080216DD0130164B103107288C
:10E66000C2E90037CDE92F01F1DD2EAA5146584607
:10E6700000F084FF00287FF448AB103C102CDDE94B
:10E680002F0131AAE8DC2B4625460C9C1360013093
:10E6900029440728CDE92F01556000F3838399F8B9
:10E6A000000008320444B4E76446010850460108FB
:10E6B000784601080C4A01088DF88F20079A002A35
:10E6C00037DB53EA01022AF4906A7FF4A5AE079A79
:10E6D000002A00F0EE80012A33788DF86731B8BF48
:10E6E0000122002306920122CDE90F330B930C92F5
:10E6F00015930DF26717FEF76ABF0E9A52F8043BA6
:10E700000E921AF010027FF46FAE1AF0400000F083
:10E7100035819BB2114667E62EAA5146584600F055
:10E720002DFF00287FF4F1AA309931AA54E74AF06E
:10E73000020A03F00F020AF00200B25C2AF4806AB7
:10E740006FE6079B0C93CDE90F3315930B935AAFEC
:10E75000FEF73DBF2F9BB54A2260013301360122EF
:10E76000072B30962F93626000F3C981083400298B
:10E7700040F0A980119A0AF0010313433EF46CAFF4
:10E78000169B179A1E44C4E900232F9B3096013331
:10E79000072B2F9300F3738204F10802A4E00A9977
:10E7A00014932EAA584600F0E9FE00287FF4ADAA83
:10E7B0009DF88F20309E149B002A7CD0984631AC67
:10E7C00003462F98FEF70FBF079B002083428DF86A
:10E7D0008F00C0F2D9802AF4906A78E7109B013B41
:10E7E00009F1FF391093EBE60A992EAA584600F07A
:10E7F000C5FE00287FF489AA309E31ACFFF7C3B96B
:10E80000082200212CA82797FCF7E0FB079B002B90
:10E81000C0F2108100260695CDF82C80354698462A
:10E820000EE041A95846FEF77DFD411C284400F04A
:10E830002285404509DC06F1040600F027850546DF
:10E84000279A92592CAB002AEBD10C95DDF82C803D
:10E85000069DFDE007995AAAD21B91424FF0000392
:10E86000B8BF1146CDE90F330B930C920691159367
:10E87000FEF7ADBE2EAA5146584600F07FFE002896
:10E880007FF443AA99F80000309931AABAE60A99B0
:10E890002EAA584600F072FE00287FF436AA309E59
:10E8A00031ACFEF7C1BE0E9A089912681160FFF7ED
:10E8B00005B9079B15E5002B00F05B812F981346E7
:10E8C00031ACFEF7A1BE169B179A1E44C4E9002383
:10E8D0002F9B30960133072B2F9300F3D08104F147
:10E8E00008020029C0F22A841199176001330E44EE
:10E8F000072BCDE92F3651603FF71FAA02F108041C
:10E90000FEF7AABE1646984608F10108149BC9F8FE
:10E9100000302644B8F1070FCDE92F86C9F804402E
:10E920007FF751AAFFF7B0BB1AF400711CBF014674
:10E93000DBB20E925046FEF7E6BF1AF4007840F0C4
:10E940001B8107998DF88F8000291E46FFF639A894
:10E950002AF0800A002B7FF434A80B460E9200297F
:10E960007FF470A8BDE41AF4007F16BF46F3C01808
:10E970004FEAE67876B24346FFF77AB81AF40071A8
:10E980001CBFDBB201462FE533788DF867312AF4DE
:10E99000806A0DF267175BE51B9A1999BF1A384612
:10E9A000FCF79EFB99F801300BB109F10109204AEF
:10E9B00016EB080343F10003A2FB030525F0030057
:10E9C00000EB95001B1AF31A4FF0CC3168F10008E8
:10E9D00003FB01F102FB0811A3FB023001445B08B9
:10E9E00043EAC1764FEA510816EB080343F10003EE
:10E9F000A2FB031020F0030101EB90015B1AF31A54
:10EA0000A3FB023168F100005B0802FB001243EA3D
:10EA1000C27303EB8303A6EB4303303307F8013CD7
:10EA20004FF0010C013FFFF7D9BB00BF8046010842
:10EA3000CDCCCCCC2CAB00930023194627AA58464A
:10EA4000FEF796FC034601330C9000F014842797E0
:10EA50000C9B002B5FD0632B40F30181591C58465F
:10EA600003F040F80746002800F05D850B9008226F
:10EA700000212CA8FCF7AAFA0C9E2CAB009327AA25
:10EA8000334639465846FEF773FC864240F04585CA
:10EA90000C9A0023BB5422EAE27206929DF88F2062
:10EAA000002A40F07083CDE90F220792CDF838801C
:10EAB0001592FEF78CBD14460E460133149A22605F
:10EAC0004644072BCDE92F36C4F8048000F3CB80F1
:10EAD0000834FFF709BA2D23B9F1470F8DF88F30AD
:10EAE0000B963346079600F3AB800322AB4F0C9294
:10EAF000CDE90F33159304230693FEF768BD0A99F9
:10EB00002EAA584600F03AFD00287FF4FEA8259969
:10EB1000309E31AC2BE69DF88F30CDF83880003B2D
:10EB200018BF012306930C9B0793CDE90F33159370
:10EB30000B93FEF74CBD9DF88F3006920C925AAFA6
:10EB4000FEF755BF079B0E92109315930C930F93EE
:10EB500006935AAF0B934FF078099C468BE407EB72
:10EB60000108A8EB03088F1AB845A8BFB846FFF7FD
:10EB7000EEB931ACFEF758BDDEB2079B8DF88F10B1
:10EB8000002B8846BFF6A3ABFEF71BBF079B019384
:10EB90002CAB049327AB039325AB02930223009382
:10EBA0005846DDE91C23FCF7A3FF07461AF0010FC6
:10EBB00040F0B4822C9BDA1B259B1192D81C0F933A
:10EBC000C0F2288207999942C0F2B7819A4200F3B5
:10EBD000AA820F9B0C931AF4806F03D00F9B002B1B
:10EBE00000F39E830C9B23EAE373C24606934FF027
:10EBF0006709002315931093149B0AF00200002B61
:10EC000000F0C2804FF02D0C8DF88FC0069B0133B1
:10EC10000693002307932BE40E9A0899126811803B
:10EC2000FEF74CBF3846FCF72BFE9DF88F300C905A
:10EC300020EAE0720692002B3EF4ECADFEF7E8BD50
:10EC40000322574F0C9253E70A9C2EAA214658469E
:10EC500000F094FCA38903F04003FEF78EBC002370
:10EC60000B9341AF03E70A992EAA584600F086FCA1
:10EC700000287FF44AA8309E31ACFFF735B90A99D5
:10EC80002EAA584600F07AFC00287FF43EA8DDE961
:10EC90002F36259931AA24E606230B9007934AF4D0
:10ECA0008078FFF75BBB079B01331193022300932E
:10ECB0002CAB049327AB119E039325AB01960293D3
:10ECC0005846DDE91C23FCF713FF29F02003462BEF
:10ECD00007460693064400F04F81DDE91C0100223F
:10ECE000002302F08BFC002840F00B832C9B9E42FB
:10ECF00040F205834522069230215A1C2C9219704D
:10ED00002C9BB342F9D3DB1B1193259B0F93069BDE
:10ED1000472B00F00B81069B462B00F046810F9B92
:10ED20008DF8A090013B002B2593C0F27A812B2215
:10ED3000092B8DF8A12000F37D8130228DF8A220CF
:10ED40000DF1A302303302F8013B28ABD31A18931C
:10ED5000119B189A012B1A440C9240F387820C9B4A
:10ED6000169A13440C930C9A2AF4806343F4807A25
:10ED700022EAE2720023CDE90F33159306923BE7B6
:10ED8000079B1193032392E79DF88FC0BCF1000FFE
:10ED90007FF43CAF149B0793FFF76ABB4046010822
:10EDA000444601082EAA5146584600F0E7FB0028C9
:10EDB0007EF4ABAF99F80000309931AA044428E4FE
:10EDC00047F63003ADF89030079B632B4AF0020AF8
:10EDD00000F30882DDE91212002AC0F2DF8125AAC1
:10EDE000DDE91201FCF7B8FD00224FF07F5302F07D
:10EDF0009DF902460B46CDE90C230023002202F0C8
:10EE0000FDFB0346002800F0DF82012314962593C2
:10EE100041AF0B96A84B0693079B0F94591ECDE963
:10EE2000109A0795069EDDE90C45B8468A4609E02A
:10EE3000002200230AF1FF3902F0E0FB002840F035
:10EE40004982CA469D4B00222046294602F06EF9AF
:10EE50000D46044602F01AFC814602F0FDF8024617
:10EE60000B462046294601F0A9FF16F80930BAF1F1
:10EE7000FF3F4246044608F8013B0D46D8D11646EE
:10EE80008F4BDDF844A00022CDE90C45079D0F9C77
:10EE9000CDF81C90DDF8409002F0D8FB48B9DDE9D0
:10EEA0000C01874B002202F0A9FBE0B1079BDB07B6
:10EEB00019D5069B2C96D97B18F8012C9142434614
:10EEC00009D1302003F8010C2C9B5A1E2C9213F808
:10EED000012C8A42F6D0392A0BBF069A0132927A67
:10EEE000D2B203F8012C259AA8EB07031193B9F1CC
:10EEF000610F02F1FF33259300F0B58250214FF0EE
:10EF00004109002B8DF8A010C0F28B822B22092B17
:10EF10008DF8A12000F38E800DF1A20212E7259B4F
:10EF20000F93F31B1193069B472B3ED10F9B03338B
:10EF300070DB079B0F9A934210DA0F9B013BA9F1FC
:10EF40000209002B8DF8A0902593BFF6F0AE0F9B21
:10EF50002D22C3F101038DF8A120EEE6119B0F9A3B
:10EF6000934200F3E0801AF0010F0F9B00F0238220
:10EF7000169A13440C932EE63B78302B00F0C48194
:10EF8000259B1E44DDE91C010022002302F036FB14
:10EF90000028C4D12C9B9E423FF6AEAEDB1B1193E2
:10EFA000259B0F93069B472BC0D00F99079A0AF019
:10EFB0000103002943EA020340F36082002B40F082
:10EFC000D8810F9B0C934FF066091AF4806F40F0C4
:10EFD000A9810C9B23EAE373C246069309E60A99CA
:10EFE0002EAA584600F0CAFA00287EF48EAE309E53
:10EFF00031ACFEF76FBF0A9907932EAA584600F06E
:10F00000BDFA00287EF481AE259A309E079B31AC74
:10F01000FEF785BF0F9BA9F10209013B8DF8A09077
:10F0200025930F9BC3F101032D22092B8DF8A120FD
:10F030007FF783AE0DF1B706DFF888C03246104681
:10F04000ACFB0312D20802EB8201A3EB4101303189
:10F0500000F8011C19466329134600F1FF32EEDC6B
:10F06000303302F8013C831EB34280F01D820DF163
:10F07000A10213F8011B02F8011FB342F9D103F5F5
:10F08000B4736B44C43B1B1A28AA9B1A18935FE6FF
:10F0900000230D460793FEF7D2B90A992EAA5846C7
:10F0A00000F06CFA00287EF430AE259F119B309E54
:10F0B000DF1B31ACFEF74BBF50460108000030406B
:10F0C0000000E03FCDCCCCCC45F63003ADF890301D
:10F0D000079B632B4AF0020A00F38480DDE91212D9
:10F0E000002A5BDB25AADDE91201FCF735FC0022D2
:10F0F0004FF07F5302F01AF802460B46CDE90C237D
:10F100000022002302F07AFA08B10123259300239C
:10F11000AA4A149306920B9341AF7DE6079BFE1813
:10F12000472306932EE7119B169A9A180F9B0C9271
:10F13000002B40F327814FF0670946E7C1F1000833
:10F14000103180F2E7819E48149031461024064623
:10F1500005E00832A8F11008B8F1100F50DD0133B6
:10F160001031072BC2E90064CDE92F31F1DD0A9996
:10F170002EAA584600F002FA00287EF4C6ADDDE95A
:10F180002F3131AAE6E7069A07930132CDE90F3312
:10F190000692CDF838801593FEF719BA02F10043B4
:10F1A0001D932D231C910B9641AF149325AADDE9E5
:10F1B0001C01FCF7D1FB00224FF07F5301F0B6FF9A
:10F1C00002460B46CDE90C230022002302F016FA7A
:10F1D00008B101232593B9F1610F3FF41BAE774BC2
:10F1E000069319E6079B5846591C02F07BFC07461C
:10F1F000002800F085810B904AF48078FFF7AEB8C4
:10F200000E460133149911604644072BCDE92F3681
:10F21000C2F8048000F30F810832FFF765BB079A3C
:10F22000002A00F01581002BC0F21F819DED127B9A
:10F230008DED1C7B1496079B01932CAB049327AB9D
:10F24000039325AB0293022300935846DDE91C2368
:10F25000FCF74EFC002307460B93A7E402F10043A2
:10F260001D932D231C911493FFF783B81AF0010FFF
:10F270003FF479AD73E50A9BB3F90C3000220B9291
:10F2800043F040030A9A9381FEF73FBD079B069D1A
:10F29000DDF82C800C93FFF7DBBB139B13F00043CE
:10F2A0002AF0800A0F9300F0A9802D238DF88F306B
:10F2B000B9F1470F4FF000030B93079340F30A8116
:10F2C0000322404F0C9213E400230322CDE90B32BA
:10F2D00007930DE451460029DDE9109A079D0F9C24
:10F2E000FFF601AE4A1C42444346302003F8010BAE
:10F2F0009342FBD108EB010303F10108F3E5DB1BAB
:10F300001193259B0F930AE5DDE91C0100220023E0
:10F3100002F074F9002868D0259B0F931E4400E684
:10F320004FF067091A990B78FF2B00F00381002634
:10F330000F9A304603E001300131FF2B08D0934291
:10F3400006DAD21A4B78002BF5D10B780136F4E7A8
:10F35000CDE90F201A911596109A159B1B9913440D
:10F360000C9A01FB03230C9323EAE373C246069332
:10F3700042E413460B449946169B4B440C934FF0C2
:10F38000660922E6C3F101031A4422EAE273C24687
:10F390000C9206934FF067092BE4CDF83880CBB17F
:10F3A000079B0C935A1C06920790159010904FF0F3
:10F3B0007309FEF70CB90C930DE400BF6446010815
:10F3C0000C4A01084C460108684A149306920B93B4
:10F3D00041AF21E5079B0C9306930B9B159310936C
:10F3E00007934FF07309FEF7F2B8119BC3F10103C5
:10F3F0002593C6E55E4A1492FEF795BC9DF88F30C2
:10F40000B9F1470FCCBF5B4F5B4F002B40F09A80A8
:10F41000032207930C92159310930B930692FEF719
:10F42000D6B8C2F10103092B4FF02D028DF8A120AF
:10F430003FF700AE70E50A992EAA584600F09EF8F4
:10F4400000287EF462ACDDE92F3631AAFFF74CBA12
:10F45000002B2CDB9DED127B079B149301238DED7C
:10F460001C7B0793E7E670214BE5DDE9121202F100
:10F4700000431D932D231C911493DCE6C24633B93F
:10F48000012306934FF066090C93FFF7B2BB169B5E
:10F4900003F10109079B4B440C9323EAE3730693A2
:10F4A0004FF06609FFF7A5BB0223189350E4DDE98E
:10F4B000121202F100431D932D23149301231C917A
:10F4C0000793B8E62A4A1492FFF7F7BA284B149329
:10F4D000FFF71ABA0322284F0C92FFF709BBCDE9B8
:10F4E0000F330B931593FEF772B80E9A6B780D4697
:10F4F00052F8041B0E9241EAE1710791FDF79DBF9E
:10F500000A9A938943F0400393814FF0FF330893A5
:10F51000FEF736B81649149173E60A9BB3F90C301E
:10F5200043F04003AEE60A9B0B90B3F90C3043F076
:10F530004003A7E60023159310930DE70C23CBF8A7
:10F540000030E2E700230793159310930B930323F6
:10F550000C9304230693FEF73AB85146FEF721BAFE
:10F560005046FEF785BE5346FEF793BE504601084F
:10F570000C4A01084C460108484601082DE9F843A9
:10F58000154692682C68FAB180468946083401E035
:10F590000834CFB16B68591E002B1746696013DD24
:10F5A00054F8046C002EF3D0334654F8082C494626
:10F5B000404601F03BFB431C07D0AA68921B17464C
:10F5C000AA600834002FE5D100200023C5E90133EB
:10F5D000BDE8F88310B50B78722B35D0772B05D0AA
:10F5E000612B2AD016230360002010BD4FF4C064A5
:10F5F0004FF0010C08204B7801316BB916E02B2B32
:10F6000020F01C0E2CF0030303D14EF0100043F049
:10F61000020C11F8013F4BB1622B0BD0782BEED1CD
:10F6200011F8013F4CF4006C002BF5D144EA0C04B6
:10F63000146010BD4CF4803CEBE74FF402744FF0C3
:10F64000010C4FF48470D6E70024A4460420D2E7CE
:10F6500070B5B1F90C300C46990796B007D504F196
:10F6600043030122C4E90432236016B070BDB4F92B
:10F670000E10002905462BDB6A46FBF79BFD002890
:10F6800024DB4FF480612846019E02F02BFAB4F986
:10F690000C30A0B306F4704643F080034FF4806250
:10F6A000B6F5005FA38120602061626135D1B4F9B5
:10F6B0000E10284600F064F8B4F90C3068B323F05B
:10F6C000030343F001034FF4006214E0B4F90C307B
:10F6D00013F0800F0CBF4FF4806640263146284659
:10F6E00002F000FAB4F90C3048B1C4E9040643F062
:10F6F0008003206000221343A38116B070BD9A05D9
:10F70000B3D423F0030304F1430243F002030121C5
:10F71000C4E90421A3812260A7E74FF40062EAE76D
:10F7200070B50C46B1F90E10002996B015461E466C
:10F7300014DB6A46FBF73EFD00280FDB019901F45C
:10F740007041A1F50051B1FA81F14FF4806349098C
:10F750004FF4006031602B6016B070BDA18911F0CC
:10F76000800106D000214023084631602B6016B08E
:10F7700070BD4FF48063084631602B6016B070BDD9
:10F7800038B5074D0022044608462A60F3F75FFFAC
:10F79000431C00D038BD2B68002BFBD0236038BD44
:10F7A0006037002000B50B4C25681446EE681A46F9
:10F7B00085B003460D464CB107490095CDE90114CB
:10F7C0003046064900F098F801F090FA04490C46DA
:10F7D000F3E700BFF4070020A8470108B847010875
:10F7E000B44701082DE9F04F8BB0DDE91589149F6E
:10F7F00002901C46B8F1000F4FD016680196002900
:10F80000C34608BF4FF0FF37002503919246884654
:10F8100007E0019B53F8040B0193013C00284AD0F8
:10F820006546AF4235D9002C33D0DBF80030049365
:10F83000DBF804300593019B02981A68D9F8E06060
:10F840005B4606A9B047431C1CD000EB050CBC4529
:10F8500026D8039B002BDCD000280DDD08F1FF32F9
:10F86000019E06A902EB000E11F8013B02F8013FD0
:10F870007245F9D101968044DAF800200432CAF8C2
:10F880000020C6E7029B8A21002219600546CBF8BA
:10F89000002028460BB0BDE8F08F00F58678ACE775
:10F8A000D846DDF810A0DDF814B02846C8E900AB52
:10F8B0000BB0BDE8F08F0399D84609B1CAF8000033
:10F8C0000CF1FF3500222846C8F800200BB0BDE837
:10F8D000F08F00BF10B584B0054C069800900798D3
:10F8E0000190044800680294FFF77CFF04B010BD4B
:10F8F00088060020F40700200EB410B583B005ABD5
:10F90000064C53F8042B01930146206800F008F8D8
:10F9100003B0BDE8104003B0704700BFF4070020FB
:10F920002DE9F04FC5B00DF1500A834604911646FB
:10F930000021082250461C460B93FBF747FBBBF106
:10F94000000F04D0DBF83430002B00F05287049A0B
:10F95000536EB2F90C20D90740F13D81970400F1B4
:10F96000D485049942F4005223F400538A814B66F3
:10F9700012B2130740F1BD80049B1B69002B00F0FD
:10F98000B88002F01A030A2B00F0C2800023CDE9F0
:10F990001933CDE90E331BAADFF8AC980D931892FA
:10F9A00017460793B0464546D9F8E440FBF7E6FB17
:10F9B000CDF800A003462A4612A95846A0470028C1
:10F9C00000F0C580C0F2BB80129A252A034601D000
:10F9D0001D44E9E7B5EB0806044640F0BC8000236F
:10F9E00019468DF8433008934FF0FF326B7806923A
:10F9F00005F10108039108F10108A3F120025A2A38
:10FA000000F2FC80DFE812F08603FA00FA007F03C0
:10FA1000FA00FA00FA005F03FA00FA001F0231024E
:10FA2000FA002A029803FA0091035B005B005B0076
:10FA30005B005B005B005B005B005B00FA00FA00B0
:10FA4000FA00FA00FA00FA00FA00FA00FA00E501FA
:10FA50003503FA00FA00FA00FA00FA00FA00FA0098
:10FA6000FA00FA00FA003702FA00FA00FA00B701C9
:10FA7000FA001203FA00FA00EB05FA00FA00FA00A5
:10FA8000FA00FA00FA00FA00FA00FA00FA00E501BA
:10FA90007201FA00FA00FA00550372016E00FA00D2
:10FAA0003104FA0022040604B4036E00FA00B70120
:10FAB0006B007102FA00FA001C06FA006B00A3F159
:10FAC00030020023194618F8013B01EB810102EBDB
:10FAD0004101A3F13002092AF5D908918DE798F880
:10FAE000003088E7039B43F02003039398F800302D
:10FAF00081E7049D58462946FAF7F2FF002841F0B5
:10FB00002380B5F90C2002F01A030A2B7FF43EAFD4
:10FB10000499B1F90E30002BFFF638AF4B6EDD07BC
:10FB200002D4900540F1BE870499234632465846D8
:10FB300001F03AF80790079845B0BDE8F08F082229
:10FB400000215046FBF742FA01231D442CE7B5EB98
:10FB50000806044610D01A9B33441A93199B0133AC
:10FB6000072BC7E90086199310DC0837079B33443D
:10FB70000793002C7FF433AF1A9B002B40F09C8737
:10FB8000049B0022B3F90C30199218E0049918AACA
:10FB90005846FAF719F978B91BAFE7E7049918AA9C
:10FBA0005846FAF711F9002800F08C80099B1BB128
:10FBB0000999584601F09AFF049BB3F90C30049A56
:10FBC000526ED00740F188805B0600F138810798BB
:10FBD00045B0BDE8F08F900540F1218191047FF59B
:10FBE000C0AE9F047FF5C5AE049B9B899A0500F1CA
:10FBF0002681049B986DFBF77FFB20E1002BBBD097
:10FC000001228DF8AC3000238DF8433009930A921D
:10FC100006932BAD0592DDE919C0039C14F0840610
:10FC20000146624626D1089B059C1C1B002C00F354
:10FC300014849DF8433003B300260C96013201234F
:10FC400001317B60072A0DF14303CDE919213B60A7
:10FC500000F39B8308370C9B63B1013211AB023177
:10FC60003B60072A4FF00203CDE919217B6000F3C6
:10FC700080830837802E00F00383069B0A981C1AA5
:10FC8000002C00F33B830A9B3D6001321944072A94
:10FC9000CDE919217B6000F361830837039B5C0782
:10FCA00005D5089B059A9C1A002C00F37A83DDE9A0
:10FCB000073205988242ACBF9B181B180793002996
:10FCC0007FF46CAF00231993099B1BB10999584627
:10FCD00001F00CFF1BAF66E69A053FF575AF049C7B
:10FCE000A06DFBF709FBB4F90C306DE7039B9B0695
:10FCF00040F128840B9B073323F007031A465B6807
:10FD000052F8084B0B921E46002BC0F2C381069A94
:10FD1000002A07DB039B23F08003039354EA0603C6
:10FD200000F0B0840A2C76F1000380F0028104F127
:10FD30003003DBB2069A8DF80F31012A9DF843306B
:10FD4000B8BF01220592002B00F0D383059B01333D
:10FD5000002505930123CDE909530DF20F15DDE9C7
:10FD60001921039B13F08406084694463FF45BAFC9
:10FD700000230C9362E70B9E00228DF8432056F877
:10FD8000042B0992002A00F05D85532B00F0948427
:10FD9000039B13F0100440F08F84069A002AC0F2EF
:10FDA000658609982146FBF77BFC9DF84320099D59
:10FDB000002800F0AB86431B0A9323EAE373059304
:10FDC000002A00F09D860133069405930B96099452
:10FDD000C5E70B9A432B02F1040403D0039BD90619
:10FDE00040F146840822002116A8FBF7EFF80B9B90
:10FDF0002BAD1A68294616AB5846FDF793FA034611
:10FE000001330A9000F06B860A9B23EAE3730593A3
:10FE100000230B948DF8433009930693FBE6049D71
:10FE2000A86DFBF767FAB5F90C206B6E95047FF5AA
:10FE300098AD98047FF59DADD9077FF5D5AE4FF00D
:10FE4000FF330793C3E60B9B53F8042B0892002A59
:10FE500080F25683089A0B9352420892039B43F018
:10FE60000403039398F80030C5E52B238DF8433045
:10FE700098F80030BFE5039B9D0643F0100040F169
:10FE800077830B9B073323F007031A46596852F810
:10FE9000083B0B9200228DF84320069A002AC0F2FC
:10FEA000248320F49062039253EA010200F031832C
:10FEB00044AD03F00702DB0843EA4173C90830325E
:10FEC00053EA0104284605F8012DF2D1039B13F0F3
:10FED000010340F09F82069A099344AB5B1B9A4250
:10FEE000B8BF1A460A93059295E603998E0600F16B
:10FEF000A38003990B9A11F0100652F8043B40F0CE
:10FF00004083039911F0400100F0D3849CB2069B1A
:10FF10008DF84360002B06DB039B23F080030393E3
:10FF2000002C00F03D830A2C76F100030B92FFF4C5
:10FF3000FEAE039B099703F480630020CDF8308068
:10FF400044A9DDF8348005901F46CDF828B025E09F
:10FF50000590A319BA4843F10003A0FB032C2CF031
:10FF6000030202EB9C029B1AE31A4FF0CC32A34629
:10FF7000B64602FB03F266F1000600FB0622A3FB75
:10FF80000043BBF10A0F13444FEA54047EF1000E04
:10FF9000294644EAC3744FEA53062ED3059BA84A68
:10FFA00001330593A31943F100031046A2FB032577
:10FFB00025F0030202EB95029B1AE31AA3FB003221
:10FFC00066F1000500FB05225B0843EAC27303EB00
:10FFD0008303A4EB4303303301F8013C4D1E002F93
:10FFE000B7D0059898F800308342B1D1FF28AFD040
:10FFF0000A2C76F1000380F0808406999DF8433046
:020000040801F1
:10000000CDF8348044AA521B9142B8BF1146DDE9B5
:10001000097BDDF830800A920591002B00F00A84FC
:10002000059B013305930023099398E6039B43F056
:1000300010019B0640F1A3820B9B073323F00703BB
:100040001A465E6852F8084B0B9200238DF8433035
:10005000069B002BC0F2F78221F08003039354EA41
:1000600006037FF45FAE069B002B00F09E82002407
:100070005DE6039A42F01003920600F19C820B9A0F
:1000800004320B9903930C680B92E6173346002B4E
:10009000BFF63DAE2D238DF84330069B644266EBE0
:1000A0004606002BFFF63EAE039B23F0800303932E
:1000B00038E698F80030682B00F0F482039A42F09A
:1000C0004002039297E45846FBF75EF843680F93AB
:1000D0001846FBF7D5FB0E9004465846FBF754F83C
:1000E000826898F800300D92002C3FF484AC002A0E
:1000F0003FF481AC1278002A3FF47DAC039A42F4BD
:100100008062039277E4039B43F00103039398F822
:10011000003070E49DF8432098F80030002A7FF406
:100120006AAC20228DF8432065E4039B43F08003F2
:10013000039398F800305EE4404610F8013B2A2B08
:1001400000F0F684A3F13002092A98BF002100F2E2
:10015000AE8410F8013B01EB810102EB4101A3F1F8
:100160003002092AF5D941EAE1720692804644E458
:100170000B9C069D54F8043B002247F63001954243
:10018000ADF844108DF8432018461146C0F25E8247
:10019000039A0B9422F0800242F002020392002B99
:1001A00000F05B83274A03F00F030224D35C05941D
:1001B0008DF80F31030943EA0173080953EA11115D
:1001C00000F0D0840DF20F1503F00F011B09515CF4
:1001D00005F8011D43EA0073000953EA0001F3D159
:1001E00044AB5B1B1A460A93069B9342B8BF134667
:1001F000059A002A00F0BA84DDE91921039C023334
:1002000014F0840605930846944600F07C8200238F
:10021000099322E5039884063FF533AE03990B9AC0
:1002200011F0100152F8043B40F0B384039C14F029
:10023000400000F01E839BB20B9220462AE600BFCE
:10024000CDCCCCCC5046010888060020039B9906F3
:1002500040F1B4810B9B079A1B681A60D2175A6051
:100260000B9B04330B93FFF79EBB98F800306C2B6D
:1002700000F00E82039A42F010020392FFF7BBBB1C
:10028000089B05981C1A002C7FF7F7AC102CB64B76
:1002900023DD38460C951026049D1F4604E0103CD3
:1002A000102C00F1080015DD01321031072AC0E9D9
:1002B0000076CDE91921F2DD18AA29465846F9F74A
:1002C00083FD00287FF472AC103C102CDDE919216D
:1002D0001BA8E9DC0C9D3B46074601322144072A56
:1002E000CDE919213B607C6000F39482069B0A985B
:1002F0001C1A002C07F108077FF7C5AC102C9A4B8D
:1003000021DD384610261F4604E0103C102C00F179
:10031000080016DD0132944B1031072AC0E900367F
:10032000CDE91921F1DD049918AA5846F9F74CFDD9
:1003300000287FF43BAC103C102CDDE919211BA8F0
:10034000E8DC3B46074601322144072ACDE9192162
:100350003B607C6000F3BC80083794E4049918AAE1
:100360005846F9F731FD00287FF420AC1A991BAFED
:1003700094E4049918AA5846F9F726FD00287FF45A
:1003800015ACDDE919211BAF74E4049918AA58468D
:10039000F9F71AFD00287FF409ACDDE919211BAF3C
:1003A00059E4102C199B714E21DD3A461025374631
:1003B000049E04E0103C102C02F1080215DD01330C
:1003C0001031072BC2E90075CDE91931F2DD18AA09
:1003D00031465846F9F7F8FC00287FF4E7AB103CAB
:1003E000102CDDE919311BAAE9DC3E461746013322
:1003F0002144072BC7E90064CDE919317FF757ACD9
:10040000049918AA5846F9F7DFFC00287FF4CEAB10
:100410001A994CE4302A00F0F1813023069A05F84D
:10042000013C023844AB1B1A9A42B8BF1A460A93E1
:1004300005460592DDE91921039B13F08406084661
:10044000944600F0A8839DF84330002B00F0A6836B
:10045000002309930C93FFF7F1BB00230C93102C9E
:10046000424E624623DD394610232F46049D04E0A8
:10047000103C102C01F1080117DD01321030072A61
:10048000C1E90063CDE91920F2DD18AA29465846D2
:10049000F9F79AFC00287FF489AB103C102CDDE9B9
:1004A00019201BA94FF01003E7DC3D460F4601322F
:1004B0002118072ACDE919213E607C6000F36C8188
:1004C0009DF843600837002E36D00026FFF7B6BBF4
:1004D000049918AA5846F9F777FC00287FF466AB10
:1004E000DDE919211BAFFFF7CEBB20F48062039238
:1004F000DEE4099301230A930DF20F15FFF78BBB7E
:100500000B9398F80030FFF776BA9D047FF531AA77
:1005100095E4069A002A7FF4CBAC10F00102059214
:1005200000F0348130238DF80F31069B0A92099335
:100530000DF20F15FFF76FBB0C9B002B7FF48DABFB
:10054000FFF79BBB039B0B9ADE0652F8044B3FF56B
:1005500098AD039B5D0640F1A18144F3C0360B9238
:1005600024B23346FFF7D0BB2C4A01083C4A0108AD
:100570000B9B1A1D0B9B0B921B6800218AE40B9BA3
:100580001A1D0B9B06981B680026B0428DF843602D
:100590001C4657DB21F080010391002B7FF4C3AC94
:1005A000069B0B92002B7FF462AD0A93059309938F
:1005B00044ADFFF730BB0393FFF79CBB039BDA0608
:1005C00000F13B81039B5B0600F13D82039B9E058E
:1005D00040F133810B9B079A1B681A7040E6AC4AC6
:1005E000039911F0200100F0B2800B99073121F03E
:1005F000070108460446496854F8080B0B94039E0B
:1006000016F00105059500F0888050EA010440F0DD
:10061000D98000238DF84330069B002BC0F2B281B5
:10062000039B23F49063039300F0068213788DF804
:100630000F31059B0A93069B05930DF20F15F9E602
:10064000944ACDE70B920391FFF76CBB03990B948F
:1006500041F002010391104603F00F018D4A1B097E
:10066000515C8DF80F1100F0838202210591A9E5FC
:100670000B9B1B688DF8AC30012305930A932BADBF
:10068000FFF7C6BB002A00F0CC813023FFF752BB36
:10069000039B43F02003039308F1010898F800300E
:1006A000FFF7A9B9039B43F40073039308F1010812
:1006B00098F80030FFF79FB9099B13930822002197
:1006C00016A8FAF783FC069B002BC0F26581002474
:1006D000059725461F460EE02BA95846FCF722FE3B
:1006E000411C284400F0FB81B84209DC04F10404F9
:1006F00000F004820546139A125916AB002AEBD17A
:10070000059F069557E1089C059B0996E41A002C65
:100710007FF7A3AA02230C93A1E6059B8DF8433033
:10072000069B002B27DB039B23F49063039350EA83
:1007300001035AD10699002900F0648113788DF8DD
:100740000F31012305910A930DF20F1572E60B9CF0
:1007500054F8040B0B94039C14F010047FF44FAF77
:10076000039911F0400100F0C18080B2214646E7B4
:1007700043F002030393039C00F00F0304F002050F
:1007800024F48064D35C0595039411E5069B44AD85
:10079000CDE90933FFF73FBA049918AA5846F9F78B
:1007A00013FB064600287FF401AA9DF84330DDE9DB
:1007B0001921002B68D10C9B1BAF002B7FF44DAA95
:1007C000FFF75BBA8DF8453030238DF844300023B5
:1007D0008DF84330069B002B039BC9DB23F4906309
:1007E00043F0020303930223059300F00F03D35C4D
:1007F000DEE45846F9F762FDFFF7A9B8069A44AB64
:100800005B1B9A42B8BF1A460A93002305920993CC
:10081000FFF701BA049918AA5846F9F7D5FA002843
:100820007FF4C4A9DDE919211BAFFFF726BA099DA2
:1008300006930B960993FFF7EEB90B9B079A1B687B
:100840001A600DE5069B144D0B96062B28BF062358
:1008500005930A930692FFF7DEB9002D00F0EE80B3
:10086000302301228DF80F310A922B460DF20F151D
:10087000C2E4039C14F4007100F0F4800146DBB282
:100880000B922046FFF706BB1BAFFFF7D7B900BF9F
:10089000644601085046010878460108039B0B9204
:1008A00098054ABF44F3C016E61764B23346FFF713
:1008B0002BBA039810F4007640F0CA8006998DF8A0
:1008C000436000291C46FFF62EAB039820F0800001
:1008D0000390002B7FF427AB0B9200297FF4C7AB6A
:1008E0000A910591099144ADFFF795B9039C14F461
:1008F000007414BFC0B2214681E60E9A0F99AD1A5A
:100900002846FAF7EDFB98F801300BB108F1010821
:10091000A44AA31943F10003A2FB030C2CF003002B
:1009200000EB9C001B1AE31A4FF0CC3166F1000675
:1009300003FB01F102FB0611A3FB023001445B083B
:1009400043EAC1744E08A31943F10003A2FB03104C
:1009500020F0030101EB90015B1AE31AA3FB0231C3
:1009600066F1000002FB00125B0843EAC27303EB6E
:100970008303A4EB4303303305F8013C0120013D20
:10098000FFF730BB13788DF80F3126F480630A959A
:1009900003930DF20F154DE516AB00930023194696
:1009A00013AA5846FCF7E4FC03460133069000F016
:1009B0009680099B1393069B43B3632B6ADC002349
:1009C00009932BAD0822002116A8FAF7FFFA069C1E
:1009D00016AB009313AA234629465846FCF7C8FCD9
:1009E000844240F0CF80069900236B5421EAE172E3
:1009F00005929DF84320002A68D1CDE90A16069297
:100A0000FFF709B9069B0A9344AD13E59DF84330FF
:100A1000099D0B96003B18BF01230593069B0A9383
:100A200008E59DF843303BB1069BCDE9093301232E
:100A300044AD0593FFF793B9069BB6E5069B0A9371
:100A400044ADFFF7D9BB0B9B079A1B681A8007E4DC
:100A5000DCB2069B8DF84310002B0E46BFF65CAA55
:100A6000FFF761BA03980B92FFF714BA099D284665
:100A7000FAF706FF9DF843300A9020EAE0720592EB
:100A8000002B3FF4D4AE0132069405920B960994E4
:100A9000FFF765B9591C584601F024F80546F0B136
:100AA00009908FE7886DFAF727FCFFF73DB8002221
:100AB00080460692FEF7A1BF049918AA5846F9F796
:100AC00083F900283FF45CA8FFF776B8069A0A92EB
:100AD000059A0B96013205920693FFF740B90498E8
:100AE000B0F90C30426E43F04001D20781813FF5EE
:100AF000A6A999053FF5A3A9FFF7F1B8059F5AE705
:100B0000099D06920B960992FFF785B842B1069AA5
:100B10000B96511C05910A9206900990FFF71FB998
:100B2000069B09920B960A9305930692FFF773B8FA
:100B30000B9A98F8013052F8041B0B9241EAE171CC
:100B400080460691FEF757BF049A536EDF073FF5C4
:100B500076A993899E053FF572A9906DFAF7CCFBB3
:100B6000FFF76DB90DF20F15FFF73ABB059361E47E
:100B7000069B0122012BB8BF01230DF20F150A922B
:100B8000FFF73ABB049A938943F040039381FFF740
:100B90000DB80398EEE40996FFF745B80993FFF7FF
:100BA00069B800BFCDCCCCCC2DE9F04198468B89FB
:100BB000ADF58D6D23F00203ADF80C301AAB009348
:100BC00004934FF48063029305934B6E1993CB8982
:100BD000ADF80E30CB6907934B6A09931646002394
:100BE000074616A80D460693FAF780FB32464346A1
:100BF00069463846FEF794FE061E6C4607DB6946DA
:100C00003846F9F7F3F9002818BF4FF0FF36A389EB
:100C10005B0603D5AB8943F04003AB81A06DFAF7C7
:100C200067FB30460DF58D6DBDE8F0812DE9F0478D
:100C30008F681D46AF420B680C46164636D8B1F990
:100C40000CC01CF4906F0ED13D46184631462A4622
:100C5000FAF740F9A368DF1B2368A7602B44002044
:100C60002360BDE8F0874A69096902EB42025F1A16
:100C700002EBD2726B1C52103B44934292BF9146DE
:100C800099461A461CF4806F804611D0114600F038
:100C900029FF824600B321693A46FAF751FDA3893C
:100CA00023F4906343F08003A38105E02F46CCE753
:100CB00000F01AFF824658B10AEB0703A9EB0707B9
:100CC000A760C4F810A0C4F8149023602F46BCE7B6
:100CD0002169404600F00AFFA3890C2243F040033B
:100CE000C8F800204FF0FF30A381BAE708B506200E
:100CF00000F004F80120F2F76BFB00BF38B5144B8D
:100D00001F281D681ED8D5F83821044662B152F854
:100D100020304BB1012B05D0591C0FD0002142F8D7
:100D200020109847002038BD284600F029F82246B8
:100D300001462846BDE8384000F00CB816232B6069
:100D4000012038BD16232B604FF0FF3038BD00BFA7
:100D5000F407002070B50C46084D034600262046D7
:100D600011461C462E6000F0B5FE431C00D070BD3D
:100D70002B68002BFBD0236070BD00BF60370020C4
:100D800000F0A0BED0400B00D1409C46203AD3409A
:100D90001843524263469340184370479140030002
:100DA00090409C46203A9340194352426346D340B8
:100DB0001943704781F0004102E000BF83F0004317
:100DC00030B54FEA41044FEA430594EA050F08BFE6
:100DD00090EA020F1FBF54EA000C55EA020C7FEAAA
:100DE000645C7FEA655C00F0E2804FEA5454D4EB27
:100DF0005555B8BF6D420CDD2C4480EA020281EAF1
:100E0000030382EA000083EA010180EA020281EA28
:100E10000303362D88BF30BD11F0004F4FEA01317A
:100E20004FF4801C4CEA113102D0404261EB410189
:100E300013F0004F4FEA03334CEA133302D052420F
:100E400063EB430394EA050F00F0A780A4F10104CB
:100E5000D5F1200E0DDB02FA0EFC22FA05F2801805
:100E600041F1000103FA0EF2801843FA05F35941EB
:100E70000EE0A5F120050EF1200E012A03FA0EFC6A
:100E800028BF4CF0020C43FA05F3C01851EBE37194
:100E900001F0004507D54FF0000EDCF1000C7EEBB1
:100EA00000006EEB0101B1F5801F1BD3B1F5001FEF
:100EB0000CD349085FEA30004FEA3C0C04F101040E
:100EC0004FEA445212F5800F80F09A80BCF1004F37
:100ED00008BF5FEA500C50F1000041EB045141EAB9
:100EE000050130BD5FEA4C0C404141EB0101013C82
:100EF00028BFB1F5801FE9D291F0000F04BF014671
:100F00000020B1FA81F308BF2033A3F10B03B3F142
:100F100020020CDA0C3208DD02F1140CC2F10C02D2
:100F200001FA0CF021FA02F10CE002F11402D8BF30
:100F3000C2F1200C01FA02F120FA0CFCDCBF41EAFC
:100F40000C019040E41AA2BF01EB0451294330BDCB
:100F50006FEA04041F3C1CDA0C340EDC04F11404A8
:100F6000C4F1200220FA04F001FA02F340EA03007F
:100F700021FA04F345EA030130BDC4F10C04C4F1C5
:100F8000200220FA02F001FA04F340EA03002946A5
:100F900030BD21FA04F0294630BD94F0000F83F4EF
:100FA000801306BF81F480110134013D4EE77FEAD2
:100FB000645C18BF7FEA655C29D094EA050F08BF1E
:100FC00090EA020F05D054EA000C04BF19461046FF
:100FD00030BD91EA030F1EBF0021002030BD5FEA43
:100FE000545C05D14000494128BF41F0004130BD6B
:100FF00014F580043CBF01F5801130BD01F00045BF
:1010000045F0FE4141F470014FF0000030BD7FEA31
:10101000645C1ABF194610467FEA655C1CBF0B462C
:10102000024650EA013406BF52EA033591EA030F43
:1010300041F4002130BD00BF90F0000F04BF00213B
:10104000704730B54FF4806404F132044FF000056E
:101050004FF0000150E700BF90F0000F04BF0021E7
:10106000704730B54FF4806404F1320410F000454D
:1010700048BF40424FF000013EE700BF42004FEA48
:10108000E2014FEA31014FEA02701FBF12F07F43C5
:1010900093F07F4F81F06051704732F07F4208BF7C
:1010A000704793F07F4F04BF41F40021704730B583
:1010B0004FF4607401F0004521F000411CE700BFCF
:1010C00050EA010208BF704730B54FF000050AE052
:1010D00050EA010208BF704730B511F0004502D553
:1010E000404261EB41014FF4806404F132045FEA55
:1010F000915C3FF4D8AE4FF003025FEADC0C18BFFE
:1011000003325FEADC0C18BF033202EBDC02C2F1EF
:10111000200300FA03FC20FA02F001FA03FE40EA81
:101120000E0021FA02F11444BDE600BF70B54FF085
:10113000FF0C4CF4E06C1CEA11541DBF1CEA135563
:1011400094EA0C0F95EA0C0F00F0DEF82C4481EACB
:10115000030621EA4C5123EA4C5350EA013518BFEB
:1011600052EA033541F4801143F4801338D0A0FBD8
:1011700002CE4FF00005E1FB02E506F00042E0FB85
:1011800003E54FF00006E1FB03569CF0000F18BF8B
:101190004EF0010EA4F1FF04B6F5007F64F5407433
:1011A00004D25FEA4E0E6D4146EB060642EAC621C6
:1011B00041EA55514FEAC52040EA5E504FEACE2E33
:1011C000B4F1FD0C88BFBCF5E06F1ED8BEF1004F36
:1011D00008BF5FEA500E50F1000041EB045170BDB2
:1011E00006F0004646EA010140EA020081EA0301F6
:1011F000B4EB5C04C2BFD4EB0C0541EA045170BDF2
:1012000041F480114FF0000E013C00F3AB8014F16B
:10121000360FDEBF002001F0004170BDC4F10004B4
:10122000203C35DA0C341BDC04F11404C4F1200535
:1012300000FA05F320FA04F001FA05F240EA020090
:1012400001F0004221F0004110EBD37021FA04F6C6
:1012500042EB06015EEA430E08BF20EAD37070BD80
:10126000C4F10C04C4F1200500FA04F320FA05F0DF
:1012700001FA04F240EA020001F0004110EBD370E1
:1012800041F100015EEA430E08BF20EAD37070BD51
:10129000C4F1200500FA05F24EEA020E20FA04F32A
:1012A00001FA05F243EA020321FA04F001F00041D9
:1012B00021FA04F220EA020000EBD3705EEA430E4A
:1012C00008BF20EAD37070BD94F0000F0FD101F079
:1012D0000046400041EB010111F4801F08BF013CB2
:1012E000F7D041EA060195F0000F18BF704703F0F0
:1012F0000046520043EB030313F4801F08BF013D77
:10130000F7D043EA0603704794EA0C0F0CEA135532
:1013100018BF95EA0C0F0CD050EA410618BF52EAEC
:101320004306D1D181EA030101F000414FF00000F2
:1013300070BD50EA410606BF1046194652EA430600
:1013400019D094EA0C0F02D150EA013613D195EA74
:101350000C0F05D152EA03361CBF104619460AD1BC
:1013600081EA030101F0004141F0FE4141F47001C6
:101370004FF0000070BD41F0FE4141F4780170BDB6
:1013800070B54FF0FF0C4CF4E06C1CEA11541DBF1B
:101390001CEA135594EA0C0F95EA0C0F00F0A7F81D
:1013A000A4EB050481EA030E52EA03354FEA01314A
:1013B00000F088804FEA03334FF0805545EA13135D
:1013C00043EA12634FEA022245EA111545EA106525
:1013D0004FEA00260EF000419D4208BF964244F1BC
:1013E000FD0404F5407402D25B084FEA3202B61ADB
:1013F00065EB03055B084FEA32024FF480104FF4AF
:10140000002CB6EB020E75EB030E22BFB61A754622
:1014100040EA0C005B084FEA3202B6EB020E75EBB5
:10142000030E22BFB61A754640EA5C005B084FEA1D
:101430003202B6EB020E75EB030E22BFB61A7546EA
:1014400040EA9C005B084FEA3202B6EB020E75EBF5
:10145000030E22BFB61A754640EADC0055EA060EB6
:1014600018D04FEA051545EA16754FEA06164FEAF9
:10147000C30343EA52734FEAC2025FEA1C1CC0D1A5
:1014800011F4801F0BD141EA00014FF000004FF032
:10149000004CB6E711F4801F04BF01430020B4F1F3
:1014A000FD0C88BFBCF5E06F3FF6AFAEB5EB030CAB
:1014B00004BFB6EB020C5FEA500C50F1000041EBA8
:1014C000045170BD0EF0004E4EEA113114EB5C0475
:1014D000C2BFD4EB0C0541EA045170BD41F4801148
:1014E0004FF0000E013C90E645EA060E8DE60CEA50
:1014F000135594EA0C0F08BF95EA0C0F3FF43BAF6D
:1015000094EA0C0F0AD150EA01347FF434AF95EA23
:101510000C0F7FF425AF104619462CE795EA0C0F07
:1015200006D152EA03353FF4FDAE1046194622E7D4
:1015300050EA410618BF52EA43067FF4C5AE50EAAE
:1015400041047FF40DAF52EA43057FF4EBAE12E79E
:101550004FF0FF3C06E000BF4FF0010C02E000BF7F
:101560004FF0010C4DF804CD4FEA410C7FEA6C5C62
:101570004FEA430C18BF7FEA6C5C1BD001B050EA05
:10158000410C0CBF52EA430C91EA030F02BF90EAF0
:10159000020F0020704710F1000F91EA030F58BFAF
:1015A000994208BF90422CBFD8176FEAE37040F011
:1015B000010070474FEA410C7FEA6C5C02D150EAAF
:1015C000013C07D14FEA430C7FEA6C5CD6D152EA6A
:1015D000033CD3D05DF8040B704700BF844610462F
:1015E00062468C461946634600E000BF01B5FFF72E
:1015F000B7FF002848BF10F1000F01BD4DF808EDFE
:10160000FFF7F4FF0CBF012000205DF808FB00BFCE
:101610004DF808EDFFF7EAFF34BF012000205DF828
:1016200008FB00BF4DF808EDFFF7E0FF94BF012075
:1016300000205DF808FB00BF4DF808EDFFF7CEFF76
:1016400094BF012000205DF808FB00BF4DF808EDB5
:10165000FFF7C4FF34BF012000205DF808FB00BF86
:101660004FEA410C7FEA6C5C02D150EA013C0AD19E
:101670004FEA430C7FEA6C5C02D152EA033C02D190
:101680004FF0000070474FF0010070474FEA4102F1
:1016900012F5001215D211D56FF47873B3EB6252C4
:1016A00012D94FEAC12343F0004343EA505311F0EB
:1016B000004F23FA02F018BF404270474FF000007D
:1016C000704750EA013005D111F0004008BF6FF0BB
:1016D000004070474FF00000704700BF4A0011D231
:1016E00012F5001211D20DD56FF47873B3EB62527C
:1016F0000ED44FEAC12343F0004343EA505323FA88
:1017000002F070474FF00000704750EA013002D1FC
:101710004FF0FF3070474FF00000704753B94AB99F
:10172000002908BF00281CBF4FF0FF314FF0FF30E9
:1017300000F0C6B9ADF1080C6DE904CE00F044F834
:10174000DDF804E0DDE9022304B07047D0B5FFF70F
:1017500095FC0C4B002206460F46FFF7E7FCFFF70F
:10176000BDFF0446FFF768FC074B0022FFF7DEFCD5
:1017700002460B4630463946FFF720FBFFF7AEFF27
:101780002146D0BD0000F03D0000F041D0B50C4B2B
:10179000002206460F46FFF7C9FCFFF79FFF0446ED
:1017A000FFF74AFC074B0022FFF7C0FC02460B463E
:1017B00030463946FFF702FBFFF790FF2146D0BDC8
:1017C0000000F03D0000F0412DE9F047089D0F4674
:1017D00004468C46002B48D18A42164661D9B2FA9B
:1017E00082F34BB1C3F1200201FA03FC20FA02F2AA
:1017F0009E4042EA0C0C9C404FEA164EB7B2BCFB2E
:10180000FEF1220C0EFB11CC42EA0C4201FB07F068
:10181000904209D9B21801F1FF3C80F0EE8090426D
:1018200040F2EB8002393244121AA4B2B2FBFEF04D
:101830000EFB102244EA024400FB07F7A74209D935
:10184000341900F1FF3280F0DA80A74240F2D780ED
:101850003444023840EA0140E41B00211DB1DC4061
:101860000023C5E90043BDE8F0878B4206D90DB1DE
:10187000C5E9000100210846BDE8F087B3FA83F10D
:10188000002948D1BB4202D3824200F20781841A68
:1018900067EB030201209446002DE4D0C5E9004C1B
:1018A000E1E7002A00F09280B2FA82F3002B40F0C8
:1018B000A8808A1A4FEA164E1FFA86FC0121200CD6
:1018C000B2FBFEF70EFB172240EA02420CFB07F0C8
:1018D000904207D9B21807F1FF3802D2904200F2C5
:1018E000E2804746121AA4B2B2FBFEF00EFB1022B1
:1018F00044EA02440CFB00FCA44507D9341900F16A
:10190000FF3202D2A44500F2CB801046A4EB0C04B7
:1019100040EA0740A2E7C1F120068B4022FA06FC0C
:101920004CEA030C07FA01F420FA06F3F7404FEAF9
:101930001C49234300FA01F81FFA8CFEB7FBF9F0AB
:101940001C0C09FB107744EA074400FB0EF7A74282
:1019500002FA01F20AD91CEB040400F1FF3A80F00C
:101960009B80A74240F2988002386444E41B9FB2F7
:10197000B4FBF9F309FB134447EA044403FB0EFEEE
:10198000A64509D91CEB040403F1FF3780F08280DF
:10199000A6457FD9023B644443EA0040A4EB0E0411
:1019A000A0FB02E7BC427346B94663D360D05DB189
:1019B000B8EB030264EB090404FA06F622FA01F319
:1019C0001E43CC40C5E9006400214CE7620848088A
:1019D00042EAC1710B0C43EA00438AB242EA034275
:1019E000B3FBF6F1E407B4463746B6461F23B0FB17
:1019F000F6F0D21B41EA004161E7614614E7104668
:101A000028E7C3F1200120FA01F29E4027FA01F1F4
:101A10009F403A434FEA164E1FFA86FCB1FBFEF791
:101A20000EFB1710110C41EA004107FB0CF888452A
:101A300004FA03F43AD9711807F1FF3001D288454E
:101A40001FD8A1EB0801B1FBFEF808FB0CF70EFB59
:101A5000181192B242EA0142BA422FD2B21808F1EA
:101A6000FF31C6D2BA42C4D2A8F102013244C0E763
:101A7000F0459CD2BEEB020367EB0C070138B94678
:101A800095E7A6EB08084144B81EB1FBFEF808FB39
:101A90000CF7DCE73B467FE7504667E70846FBE686
:101AA0003444023832E7023F32441BE7A1EB08011D
:101AB0003846B1FBFEF808FB0CF7C8E7414698E74B
:101AC000704700BF024B58221A604FF0FF3070473A
:101AD00060370020024B58221A604FF0FF307047E9
:101AE0006037002000F090B900F05ABC00F094B8C4
:101AF00000F000B838B5A1FB021454BBFFF7F2FFA9
:101B0000054650B350F8042C22F00302043A242A6C
:101B100010D8132A13D91B2AC0E9004416D9242A45
:101B2000C0E902440ABFC0E9044400F1100200F118
:101B3000180205E02146F9F749FA284638BD024661
:101B40000023C2E900339360284638BD00F1080243
:101B5000F6E7F9F79DFB0C2303600025284638BD06
:101B60002DE9F84306460820894600F0CFFDDFF84E
:101B7000A48005463046F1F749FCD8F808305F6884
:101B800027F00307A7F11104A4EB09042C44B4FBCC
:101B9000F5F4013C05FB04F4A54208DC00213046C5
:101BA00000F0A2FDD8F808303B44984205D03046FA
:101BB000F1F730FC0020BDE8F8836142304600F0C8
:101BC00093FD01300FD0114AD8F808303F1B47F081
:101BD00001075F60136830461B1B1360F1F71AFCA6
:101BE0000120BDE8F8830021304600F07DFDD8F8E3
:101BF0000820831A0F2BDADD43F001035360044BF6
:101C000002491B68C01A0860D1E700BF683700208E
:101C1000380900204009002000295BD0F8B50C46A7
:101C20000746F1F7F3FB54F804CC744DA4F1080215
:101C30002CF00103D118A8684E68884226F00306EC
:101C40000CF0010E7ED088194E60406800F0010053
:101C5000BEF1000F2FD154F8084C121B2344946896
:101C600005F1080C644562D0D2F80CE0C4F80CE031
:101C7000CEF8084000287FD043F0010050600B6090
:101C8000B3F5007F2FD2D90868685C0901310123C0
:101C900009B2A34003436B6055F83100906005EB37
:101CA000C103083BD36045F83120C2603846BDE827
:101CB000F840F1F7AFBB70B9334405F1080C886800
:101CC000604543F0010471D0C968C1608860546008
:101CD000D350D5E770474CF00101B3F5007F44F8CD
:101CE000041CD350CFD3B3F5206F4FEA532045D215
:101CF000980900F1390109B200F13804C9006818E7
:101D000069580838884203D157E08968884204D06E
:101D10004C6824F003049C42F7D8C868C2E902105A
:101D200082603846CA60BDE8F840F1F773BB88BBF3
:101D30001E44D1E90213CB60996046F00103536061
:101D40009651B3E71E44BEF1000F07D154F8083C8A
:101D5000D21A1E44D2E90213CB60996046F0010307
:101D60005360274BAA601B68B3429FD8254B384667
:101D70001968FFF7F5FE99E73344A0E714280ED958
:101D8000542821D8180B00F16F0109B200F16E043C
:101D9000C900B4E743F0010050600B6086E700F132
:101DA0005C0109B200F15B04C900A8E7C5E904229F
:101DB000C2E902CC5460D35078E76E68A4100123C6
:101DC000A34033436B60A9E7B0F5AA7F07D8D80BCF
:101DD00000F1780109B200F17704C9008FE740F201
:101DE0005451884206D8980C00F17D0100F17C0422
:101DF000C90084E74FF47E717E2480E7400900200B
:101E00003C090020983700202DE9F04F01F10B0527
:101E1000162D83B0064623D8102900F2B480F1F7BE
:101E2000F5FA102518230220B84F3B44A3F108020D
:101E30005C68944200F064816368E268A16823F002
:101E40000303CA602344304691605A6842F001029D
:101E50005A60F1F7DFFA0834204603B0BDE8F08F8E
:101E600035F0070500F18F80A94200F28C80F1F770
:101E7000CDFAB5F5FC7FC0F0B8815FEA552E00F0D1
:101E80008980BEF1040F00F270814FEA951E0EF1B9
:101E9000390003B20EF1380EDB009C4F3B44A3F136
:101EA000080C5C68A44507D10DE0002AE16880F2C7
:101EB00021818C4507D00C46636823F003035A1B2D
:101EC0000F2AF2DD7046DFF85C823C69444500F081
:101ED000FE80636823F0030CACEB05030F2B00F3CB
:101EE0008981002BC7E9048880F27381BCF5007FEB
:101EF000D7F804E080F018814FEADC03013319B20F
:101F00004FEA5C1C012303FA0CF357F83120A2605E
:101F10004EEA030E07EBC103083BE360C7F804E099
:101F200047F83140D46083104FF0010C0CFA03FCE9
:101F3000F44535D81CEA0E0F08D120F003004FEA13
:101F40004C0C1CEA0E0F00F10400F8D007EBC00A9D
:101F5000D6468146DEF80C300BE0596821F00301CB
:101F60004A1B0F2A1C46DB6800F30F81002A80F20F
:101F700023819E45F1D109F1010919F0030F0EF1FA
:101F8000080EE7D161E10C2333600024204603B042
:101F9000BDE8F08F4FF4007340204FF03F0E7CE718
:101FA000BC68636823F00309A94504D3A9EB0503C2
:101FB0000F2B00F38F80564B1B68082003F110088D
:101FC00004EB0903009300F0A1FB524A13680133AC
:101FD000A844834605D008F1FF388044434203EA11
:101FE00008084146304600F07FFBB0F1FF3F494A08
:101FF000824600F01B8104EB0903834200F2148146
:10200000454B186840440BF1FF3C186000F07281AA
:102010001168013100F07A8104EB0902AAEB020297
:1020200002441A601AF00702CDE9002300F0328161
:10203000C2F108029244D04408EA0C015A44521AF0
:1020400002EA0C0B5946304600F04EFB421C019B45
:1020500000F07981A0EB0A0000EB0B081868C7F8C4
:1020600008A048F001025844BC42CAF80420186095
:1020700016D0B9F10F0F40F24C816168A9F10C0242
:1020800022F0070201F00101114361604FF0050CDD
:10209000A1180F2AC1E901CC00F25D81DAF8042011
:1020A0001E4B1968814238BF18601D4B1968814268
:1020B00038BF1860544622F00308A845A8EB050372
:1020C00001D30F2B06DC3046F1F7A4F95DE7D7F812
:1020D00004E028E7621943F0010345F0010565605B
:1020E0003046BA605360F1F795F90834204603B0E2
:1020F000BDE8F08FA2682344D16030468A60A4E630
:10210000DC68A3427FF498AE0230DCE64009002090
:1021100098370020380900206837002094370020C5
:102120009037002048090020BCF5206F4FEA5C2260
:1021300072D3142A00F2C18002F15C031BB25B323D
:10214000DB00F918FB580839994203D198E09B68E5
:10215000994204D05A6822F003026245F7D8D96840
:10216000C4E902318C60DC60DDE6BEF1140F60D999
:10217000BEF1540F00F2AB804FEA153E0EF16F0036
:1021800003B20EF16E0EDB0087E6D4F808C03046CD
:10219000661945F001056560CCF80C30C3F808C03D
:1021A00042F00103C7E90466C6E902887360625021
:1021B000F1F730F90834E9E6214430464A6842F044
:1021C00001024A6054F8082FD3609A60F1F722F9AF
:1021D000DCE6A4443046DCF8043043F00103CCF8DC
:1021E0000430F1F717F90834D0E6E808431C1BB2B5
:1021F000DB0019E6621943F0010145F00105656055
:102200003046C7E90422C2E90288516044F80C3024
:10221000F1F700F90834B9E64FEA9C1202F13903EC
:102220001BB23832DB008CE7BC425CD0BC68626811
:1022300041E70EF15C0003B20EF15B0EDB002CE611
:102240005AF80839534540F0A68010F0030F00F10A
:10225000FF30F5D17B6823EA0C037B604FEA4C0C1E
:102260009C453FF69DAEBCF1000F04D198E64FEAC5
:102270004C0C09F104091CEA030FF8D0484665E646
:1022800092104FF0010C0CFA02F24EEA020EC7F85F
:1022900004E065E70AEB080202EA0C02ABEB02027B
:1022A00002EA0C0B5946304600F01EFA431C019B13
:1022B0007FF4D0AEDDF800B0D0E6542A2DD84FEA36
:1022C0001C3202F16F031BB26E32DB0039E7BEF540
:1022D000AA7F2DD84FEAD53E0EF1780003B20EF159
:1022E000770EDB00D9E52D4B186840440BF1FF3C1D
:1022F00018608DE61AEA0C0F7FF48AAED7F808A0B2
:10230000C84448F00102CAF80420C9E6C2F800A097
:1023100088E60123CAF80430D5E6B2F5AA7F25D8AD
:102320004FEADC3202F178031BB27732DB0008E7B8
:1023300040F254539E4524D8AB0C03F17D0003F1C9
:102340007C0EC300A9E5009A083A9044A8EB0A085D
:102350004FF0000B82E6304604F108010093FFF7CE
:10236000C5FB009BD7F808A0186897E640F25453C5
:102370009A420CD84FEA9C4202F17D03DB007C328A
:10238000DFE64FF47E737F204FF07E0E85E54FF43D
:102390007E737E22D5E67B6860E700BF6837002049
:1023A0002DE9F84F1646002900F098800C4680462B
:1023B00006F10B05F1F72AF854F8041C162DA4F1C8
:1023C000080921F0030758D81025AE4258D8AF426B
:1023D00062DABF4B9A6809EB070C6245DCF804002F
:1023E00000F0928020F0010363445B68DB076AD44D
:1023F00020F003003B189D4249DDCB0712D454F86E
:10240000083CA9EB030BDBF8043023F00302104473
:1024100000EB070A554540F3F88007EB020A5545E3
:1024200040F3CE8031464046FFF75CFB064600286D
:1024300000F0228154F8043C23F001034B44A0F146
:102440000802934200F0B6803A1F242A00F2D98095
:10245000132A00F2A48003462246116819605168CD
:10246000596092689A6021464046FFF73FFB40461C
:10247000F0F7D0FF3046BDE8F88F35F00705A4D55A
:102480000C23C8F8003000263046BDE8F88F1F4600
:10249000DCE90223D3609A60D9F804307A1B0F2A52
:1024A00003F0010309EB07001DD83B43C9F80430D2
:1024B000436843F0010343604046F0F7ABFF264614
:1024C0003046BDE8F88FC907ACD454F8083CA9EBF6
:1024D000030BDBF8043023F003029EE7BDE8F84F5E
:1024E0001146FFF7FFBA09EB05012B4342F0010249
:1024F000C9F804304A60436843F00103436008317F
:102500004046FFF7F3FAD7E720F00300C21905F1C0
:10251000100C624580F29180CA0783D454F8082CCD
:10252000A9EB020BDBF8042022F00302104400EBBD
:10253000070AD4453FF771AF5E46DBF80C1056F83A
:10254000080F3A1F242AC160886000F2AE80132A67
:1025500040F2A9802168CBF808106168CBF80C1014
:102560001B2A00F2A88008340BF1100221681160C8
:1025700061685160A16891600BEB0501AAEB05024F
:1025800042F0010299604A60DBF8043003F0010375
:102590002B434046CBF80430F0F73CFF90E723682C
:1025A0000360636843601B2A3CD804F1080200F111
:1025B000080352E750F8043C23F003031F446BE781
:1025C0003A1F5E46DBF80C3056F8081F242ACB6011
:1025D000996022D8132A1ED92368CBF80830636883
:1025E000CBF80C301B2A3BD808340BF110032268BF
:1025F0001A6062685A60A2689A6034465746D946A3
:102600004AE72146F8F766FC2DE7DCE902133A1F9A
:10261000CB609960D5E73346E9E721463046F8F7C5
:1026200059FCEAE7A3688360E368C360242A27D0E3
:1026300004F1100200F110030FE709EB05019960A6
:10264000531B43F001034B6054F8043C03F00103B7
:102650002B43404644F8043CF0F7DCFE26462FE7C7
:10266000A368CBF81030E368CBF81430242A10D0DC
:1026700010340BF11803BAE74046F0F7CBFE02E73F
:10268000236903616169416104F1180200F11803D3
:10269000E3E62369CBF818306369CBF81C301834B3
:1026A0000BF12003A3E7324660E721463046F8F7F6
:1026B00011FC074B60E7A168CBF81010E168CBF87C
:1026C0001410242A06D010340BF118024EE700BF74
:1026D000400900202269CBF818206269CBF81C2041
:1026E00018340BF1200241E738B5074D00220446AB
:1026F00008462A60F0F74AFE431C00D038BD2B681C
:10270000002BFBD0236038BD60370020082802D1A1
:102710004FF48050704708B5F8F7BAFD16230360F0
:102720004FF0FF3008BD00BFF8B500BFF8BC08BCD3
:102730009E467047F8B500BFF8BC08BC9E4670477F
:10274000656E646E6F6465203A2025692C2064658F
:102750007374203A2025690A005B5741524E494E56
:10276000475D206D79494420616E6420646573740F
:10277000696E6174696F6E204944206973207468C2
:10278000652073616D6521206D793A25692C20647F
:102790006573743A25690A005B4C325D20466169B5
:1027A0006C656420746F20636F6E66696720646572
:1027B000737420746F2049442025690A005B4C32F1
:1027C0005D5B5741524E494E475D204661696C65DD
:1027D0006420746F2073656E6420646174612025C9
:1027E000692C206D6178207265747820636E742086
:1027F0007265616368656421200A005B4C325D206C
:102800004661696C656420746F20636F6E666967EA
:102810002053726320494420617420504859202875
:102820006361757365203A202569290A0049444C83
:10283000452074696D65722073746172740A0D00AD
:102840004964203A2025692072737369203A202553
:10285000690A0D0069203A2025640A0D00494420C8
:102860006973206E6F74206F757220626173657377
:10287000746174696F6E2E204944203A2025690ADC
:102880000D0049444C452069732054494D45204F63
:102890005554210A0D005468657265206973206ED5
:1028A0006F207369676E616C2E0A0D005245515599
:1028B0004553540A0D005472696564205265717560
:1028C00065737420746F2025692E0A0D0049444CED
:1028D000452074696D65722073746F700A0D004134
:1028E000434B2074696D65722073746172740A0DB4
:1028F00000426173652073656E7420414343455007
:10290000540A0D00436F6E6E6563742077697468B6
:1029100020426173652025750A0D0041434B2074E8
:10292000696D65722073746F700A0D004261736582
:1029300020646F6E2774204143434550540A0D00B4
:10294000436F6E6E6563746564210A0D004E657792
:1029500020426173652069732064657465637465E2
:1029600064212025692C2072737369203A2025691F
:102970000A0D0053656E642052455155455354204D
:10298000746F204E657720426173652E0A0D0042F8
:10299000617365207369676E616C20697320756E61
:1029A000737461626C652E0A0D005B48414C5D20BA
:1029B0006572726F72206F6E20636F6E666967203A
:1029C000706172616D65746572203A2074696D651D
:1029D00020697320746F6F206C6F6E67212028252B
:1029E000692C206D757374206265206C657373208B
:1029F0007468616E20313032342E20696620796F20
:102A0000752077616E74206C6F6E676572206F6ED3
:102A1000652C207468656E20646F20636F6E746926
:102A20006E6F7573206D6F64652028727854696DC0
:102A300065203D20302920290A005B48414C5D5B20
:102A40005741524E494E475D206461746120726166
:102A50007465202569206973207472756E636174D2
:102A60006564005B48414C5D205B4552524F525DAE
:102A7000204661696C656420746F20646F20525831
:102A8000203A206D6F64656D2073657474696E679C
:102A900020697320696E76616C6964202825692934
:102AA0000A004661696C656420746F206163636528
:102AB00070742048414C20636D643A207061636BF0
:102AC000657420697320656D707479210A00466110
:102AD000696C656420746F2061636365707420485D
:102AE000414C20636D643A207061636B65742073A0
:102AF000697A6520697320746F6F206C61726765F5
:102B00002120282569290A005B48414C5D205B454E
:102B100052524F525D204661696C656420746F208B
:102B2000646F2054582C20696E76616C6964206D46
:102B30006F64656D2073746174757320282569292D
:102B40000A005B48414C5D205B4552524F525D206C
:102B500046534D206661696C20647572696E67200A
:102B6000485720646F6E652068616E646C657220E2
:102B70002852582C204352434E4F4B290A005B48A1
:102B8000414C5D205B4552524F525D2046534D20D3
:102B90006661696C20647572696E672048572064AD
:102BA0006F6E652068616E646C6572202852582CC7
:102BB000204352434F4B290A005B48414C5D205B48
:102BC0004552524F525D2046534D206661696C203C
:102BD000647572696E6720485720646F6E6520685F
:102BE000616E646C657220285458290A005B455256
:102BF000524F525D2073746174652069732077654C
:102C0000697264203A25690A005B48414C5D205B8B
:102C10004552524F525D2048414C20696E6974699B
:102C2000616C697A6174696F6E206661696C656454
:102C3000203A20636F6D6D6F6E207265736F7572D1
:102C40006365207374617465202825692920697380
:102C500020696E76616C69640A000A0920202049A7
:102C60006E697469616C697A696E67205261646922
:102C70006F20496E746572727570742068616E643D
:102C80006C657273200A005B4552524F525D20669C
:102C900061696C656420696E20696E69746961742C
:102CA000696E6720726164696F203A206D656D6F8F
:102CB000727920616C6C6F63206661696C65640A6F
:102CC00000426F61726420636F6E6E656374656449
:102CD000203A2025690A005B48414C5D205B455243
:102CE000524F525D2046534D206661696C206475D9
:102CF00072696E6720736C656570696E670A005B48
:102D000048414C5D205B4552524F525D2046534D29
:102D1000206661696C20647572696E67204857206F
:102D200074696D652068616E646C65720A005B4849
:102D3000414C5D205B4552524F525D2046534D2021
:102D40006661696C20647572696E6720525873748D
:102D50006172740A005B48414C5D205B4552524FE2
:102D6000525D2046534D206661696C207278206167
:102D7000626F727420647572696E67207478537420
:102D80006172740A005B48414C5D205B4552524FB2
:102D9000525D2046534D206661696C2064757269EE
:102DA0006E6720747853746172740A006D6F646585
:102DB0006D20737461746520697320696E76616C2F
:102DC00069642846534B2C207768696368206973CF
:102DD000206E6F7420737570706F72746564206EEE
:102DE0006F77290A005B48414C5D5B4552524F5258
:102DF0005D204661696C656420746F207374617234
:102E00007420525820636F6E6669677572617469C9
:102E10006F6E203A207374617465206D69736D6103
:102E2000746368206F72207265736F7572636520BA
:102E30006973206E6F74206F776E656420627920ED
:102E4000525820282569290A005B48414C5D5B45A2
:102E500052524F525D204661696C656420746F2048
:102E6000737461727420545820636F6E666967755D
:102E7000726174696F6E203A207374617465206D9D
:102E800069736D61746368206F72207265736F750A
:102E9000726365206973206E6F74206F776E65644E
:102EA00020627920545820282569290A005B48416E
:102EB0004C5D5B4552524F525D204661696C6564C2
:102EC00020746F2073657420706172616D65746524
:102ED0007220506F776572202D20737461746520A5
:102EE0006D69736D61746368206F72207265732001
:102EF0006973206E6F74206F776E6564206279202D
:102F0000256920282569290A005B48414C5D5B45FD
:102F100052524F525D204661696C656420746F2087
:102F2000737461727420525820636F6E666967759E
:102F3000726174696F6E203A207374617465206DDC
:102F400069736D61746368206F72207265736F7549
:102F5000726365206973206E6F74206F776E65648D
:102F600020627920545820282569290A005B4841AD
:102F70004C5D5B4552524F525D204661696C656401
:102F800020746F2073657420706172616D65746563
:102F90007220527854696D65202D207374617465B8
:102FA000206D69736D61746368206F722072657340
:102FB000206973206E6F74206F776E65642062796C
:102FC00020256920282569290A005B48414C5D5B62
:102FD0004552524F525D204661696C656420746FA2
:102FE0002073657420706172616D65746572204331
:102FF0006F646552617465202D207374617465205F
:103000006D69736D61746368206F722072657320DF
:103010006973206E6F74206F776E6564206279200B
:10302000256920282569290A005B48414C5D5B45DC
:1030300052524F525D204661696C656420746F2066
:1030400073657420706172616D657465722044618E
:10305000746152617465202D207374617465206DF4
:1030600069736D61746368206F7220726573206983
:1030700073206E6F74206F776E65642062792025EF
:103080006920282569290A005B48414C5D5B45524F
:10309000524F525D204661696C656420746F2073E5
:1030A000657420706172616D65746572204C6F7714
:1030B00044524F7074202D207374617465206D69C3
:1030C000736D61746368206F722072657320697319
:1030D000206E6F74206F776E656420627920256999
:1030E00020282569290A005B48414C5D205B574137
:1030F000524E494E475D20726573657276696E6700
:1031000020636F6D6D6F6E207265736F757263658E
:10311000207769746820656E74697479204E4F4E0B
:10312000452E0A005B48414C5D205B4552524F5290
:103130005D204661696C656420746F2072657365FB
:10314000727665207265736F75726365203A2061CF
:103150006C7265616479206F636375706965642062
:1031600062792025690A005B48414C5D205B45522D
:10317000524F525D2046534D206661696C20647544
:1031800072696E67207265736F7572636520726510
:10319000736572766174696F6E0A005B48414C5DBD
:1031A0005B4552524F525D204661696C65642074E4
:1031B0006F2073657420706172616D657465722033
:1031C0004257202D207374617465206D69736D61A1
:1031D000746368206F7220726573206973206E6F4C
:1031E00074206F776E656420627920256920282518
:1031F00069290A005B48414C5D5B4552524F525D64
:10320000204661696C656420746F2073657420705A
:103210006172616D6574657220507265616D626C7A
:10322000654C656E202D207374617465206D697323
:103230006D61746368206F722072657320697320FA
:103240006E6F74206F776E65642062792025692027
:10325000282569290A005B48414C5D5B4552524F65
:10326000525D204661696C656420746F20736574DB
:1032700020706172616D65746572205258436F6E83
:10328000742E202D207374617465206D69736D61D7
:10329000746368206F7220726573206973206E6F8B
:1032A00074206F776E656420627920256920282557
:1032B00069290A005B48414C5D5B4552524F525DA3
:1032C000204661696C656420746F2073657420709A
:1032D0006172616D65746572204672657120434844
:1032E000202D207374617465206D69736D61746342
:1032F00068206F7220726573206973206E6F74206E
:103300006F776E65642062792025692028256929F8
:103310000A005B48414C5D205B4552524F525D2094
:1033200046534D206661696C20647572696E672032
:1033300053572074696D656F75740A005B48414C82
:103340005D205B4552524F525D204661696C656459
:1033500020746F2072656C65617365207265736F90
:1033600075726365203A206F6363757069656420C8
:1033700062792025692C207768696C652025692091
:10338000747269657320746F2072656C6561736512
:103390000A005B48414C5D205B4552524F525D2014
:1033A00046534D206661696C20647572696E6720B2
:1033B0007265736F757263652072656C65617365A4
:1033C0000A0020202D20526164696F20636F756CA4
:1033D00064206E6F74206265206465746563746533
:1033E00064210A005B5048594D41435D20455252CB
:1033F0004F52203A206661696C656420746F2068C2
:10340000616E646C6520444154415F524551203ADD
:1034100020696E76616C696420737461746520281C
:103420002569290A005B5048594D41435D204552AA
:10343000524F52203A206661696C656420746F2097
:1034400068616E646C6520444154415F524551206F
:103450003A2073697A6520697320746F6F206C61FC
:1034600072676520282569203E202569290A005BAE
:103470005048594D41435D204552524F52203A2009
:103480006661696C656420746F2068616E646C6548
:1034900020636F6E66696775726174696F6E203A3A
:1034A00020736F757263652049442063616E6E6F8F
:1034B00074206265206368616E67656420696E20B0
:1034C000545820737461746520282569290A005BAB
:1034D0005048594D41435D205741524E494E472077
:1034E0003A205044552073697A6520697320746FBF
:1034F0006F206C61726765212120504455207769E7
:103500006C6C206265207472756E63617465642EE4
:103510002E2E0A005B5048594D41435D20574152C1
:103520004E494E47203A206B6565702074686520CF
:1035300073746174652061732054582C2073696E14
:10354000636520746865205458206973206F6E2D60
:10355000676F696E67207269676874206E6F770A9B
:10356000005B48414C5D2046534D206572726F727E
:10357000212063616E6E6F742068617070656E20CB
:103580006576656E742025692825732920696E206B
:103590007374617465203A202569282573290A000F
:1035A00050696E6D6170206572726F723A20777229
:1035B0006F6E6720706F7274206E756D6265722E0B
:1035C000002F686F6D652F6A656E6B696E732F6271
:1035D00075696C645F6E6F64655F345F322F776FFF
:1035E000726B73706163652F626D5F777261702FAC
:1035F000313730372F6D6265642D6F732F746172B0
:10360000676574732F5441524745545F53544D2F8F
:103610006770696F5F6170692E630070696E202149
:103620003D202850696E4E616D65294E4300496EFC
:1036300074657272757074496E206572726F723A39
:103640002070696E206E6F7420737570706F727465
:1036500065642E0A00556E65787065637465642034
:1036600053707572696F757320696E7465727275C7
:1036700070742C20696E6465782025640D0A002F13
:10368000686F6D652F6A656E6B696E732F62756901
:103690006C645F6E6F64655F345F322F776F726B3F
:1036A00073706163652F626D5F777261702F313760
:1036B00030372F6D6265642D6F732F4255494C442E
:1036C0002F6D6265642F706C6174666F726D2F531D
:1036D000696E676C65746F6E5074722E68005F70EF
:1036E0007472203D3D202854202A29265F6461748D
:1036F00061002F686F6D652F6A656E6B696E732F41
:103700006275696C645F6E6F64655F345F322F77DA
:103710006F726B73706163652F626D5F777261703A
:103720002F313730372F6D6265642D6F732F706CBA
:103730006174666F726D2F6D6265645F726574612E
:10374000726765742E6370700030203D3D20282A1A
:1037500067756172645F6F626A65637420262043D7
:1037600058415F47554152445F4D41534B290043F7
:1037700058415F47554152445F494E49545F494E55
:103780005F50524F4752455353203D3D20282A67F2
:10379000756172645F6F626A6563742026204358A6
:1037A000415F47554152445F4D41534B29002F68BB
:1037B0006F6D652F6A656E6B696E732F6275696CCC
:1037C000645F6E6F64655F345F322F776F726B7307
:1037D000706163652F626D5F777261702F31373072
:1037E000372F6D6265642D6F732F74617267657416
:1037F000732F5441524745545F53544D2F70696E97
:103800006D61702E630043616E6E6F7420696E6926
:103810007469616C697A65205254432077697468D1
:10382000204C53450A00506572697068436C6B49BF
:103830006E697453747275637420525443206661C8
:10384000696C65642077697468204C53450A00529E
:10385000544320696E697469616C697A6174696F37
:103860006E206661696C656400456E61626C6542DC
:103870007970617373536861646F77206572726FDA
:10388000720048414C5F5254435F53657444617405
:1038900065206572726F720A0048414C5F52544352
:1038A0005F53657454696D65206572726F720A00AA
:1038B00043616E6E6F7420696E697469616C697AB8
:1038C000652055415254207769746820626175649F
:1038D00020726174652025750A002F686F6D652F51
:1038E0006A656E6B696E732F6275696C645F6E6F6B
:1038F00064655F345F322F776F726B7370616365DD
:103900002F626D5F777261702F313730372F6D62A4
:1039100065642D6F732F746172676574732F5441E2
:10392000524745545F53544D2F73657269616C5F04
:103930006170692E63006F626A5F732D3E756172FC
:103940007420213D2028554152544E616D65294E09
:1039500043004572726F723A206E6577207365720C
:1039600069616C206F626A65637420697320757386
:10397000696E672073616D652055415254206173F3
:1039800020535444494F006F626A5F732D3E696E45
:10399000646578203E3D203000434C4B3A20535024
:1039A0004920696E7374616E6365206E6F74207355
:1039B0006574003320776972657320535049207312
:1039C0006C617665206E6F7420737570706F7274A1
:1039D0006564202D20736C6176652077696C6C209E
:1039E0006F6E6C7920726561640D0A0043616E6EC2
:1039F0006F7420696E697469616C697A65205350CF
:103A000049002F686F6D652F6A656E6B696E732F45
:103A10006275696C645F6E6F64655F345F322F77C7
:103A20006F726B73706163652F626D5F7772617027
:103A30002F313730372F6D6265642D6F732F7461AE
:103A400072676574732F5441524745545F53544D08
:103A50002F73746D5F7370695F6170692E6300739B
:103A600070696F626A2D3E73706920213D20285372
:103A700050494E616D65294E430053657453797307
:103A8000436C6F636B206661696C65640A002F6824
:103A90006F6D652F6A656E6B696E732F6275696CE9
:103AA000645F6E6F64655F345F322F776F726B7324
:103AB000706163652F626D5F777261702F3137308F
:103AC000372F6D6265642D6F732F4255494C442F1B
:103AD0006D6265642F706C6174666F726D2F4361E7
:103AE0006C6C6261636B2E68005F6F70730070694D
:103AF0006E6D6170206D69732D6D61746368007007
:103B0000696E6D6170206E6F7420666F756E6420D3
:103B1000666F72207065726970686572616C0063AF
:103B20006F756C64206E6F742070696E6F757400B1
:103B300044656570536C6565704C6F636B206F7680
:103B40006572666C6F7720283E2055534852545F4B
:103B50004D4158290044656570536C6565704C6F24
:103B6000636B20756E646572666C6F7720283C20ED
:103B70003029006D626564206173736572746174CD
:103B8000696F6E206661696C65643A2025732C202C
:103B900066696C653A2025732C206C696E6520255A
:103BA00064200A002F686F6D652F6A656E6B696E01
:103BB000732F6275696C645F6E6F64655F345F322A
:103BC0002F776F726B73706163652F626D5F7772B1
:103BD00061702F313730372F6D6265642D6F732F11
:103BE000706C6174666F726D2F6D6265645F637275
:103BF00069746963616C2E630063726974696361DF
:103C00006C5F73656374696F6E5F7265656E747205
:103C1000616E63795F636F756E746572203C2055C9
:103C2000494E5433325F4D4158002F686F6D652FF8
:103C30006A656E6B696E732F6275696C645F6E6F17
:103C400064655F345F322F776F726B737061636589
:103C50002F626D5F777261702F313730372F6D6251
:103C600065642D6F732F68616C2F6D6265645F747E
:103C700069636B65725F6170692E63002F002F6846
:103C80006F6D652F6A656E6B696E732F6275696CF7
:103C9000645F6E6F64655F345F322F776F726B7332
:103CA000706163652F626D5F777261702F3137309D
:103CB000372F6D6265642D6F732F706C6174666F42
:103CC000726D2F46696C65506174682E6370700068
:103CD0006C656E20213D203000466174616C20527D
:103CE000756E2D74696D65206572726F72000A0AB7
:103CF0002B2B204D6265644F53204572726F7220EA
:103D0000496E666F202B2B0A4572726F72205374B6
:103D1000617475733A203078255820436F64653A92
:103D2000202564204D6F64756C653A2025640A4532
:103D300072726F72204D6573736167653A20004B34
:103D400065726E656C204572726F723A203078250C
:103D5000582C20005468726561643A2030782558E8
:103D60002C20004D757465783A20307825582C2029
:103D70000053656D6170686F72653A203078255820
:103D80002C20004D656D6F7279506F6F6C3A20304A
:103D90007825582C20004576656E74466C616773F3
:103DA0003A20307825582C200054696D65723A20ED
:103DB000307825582C20004D657373616765517507
:103DC0006575653A20307825582C20000A4C6F63C1
:103DD0006174696F6E3A2030782558000A45727216
:103DE0006F722056616C75653A2030782558000A4C
:103DF00043757272656E74205468726561643A200E
:103E000049643A203078255820456E7472793A20FA
:103E10003078255820537461636B53697A653A2072
:103E20003078255820537461636B4D656D3A2030AE
:103E30007825582053503A203078255820000A2DF4
:103E40002D204D6265644F53204572726F72204978
:103E50006E666F202D2D0A00772B005374726561FA
:103E60006D206F626A206661696C757265002F68EB
:103E70006F6D652F6A656E6B696E732F6275696C05
:103E8000645F6E6F64655F345F322F776F726B7340
:103E9000706163652F626D5F777261702F313730AB
:103EA000372F6D6265642D6F732F68616C2F6D62A3
:103EB00065645F637269746963616C5F7365637481
:103EC000696F6E5F6170692E6300216172655F6961
:103ED0006E74657272757074735F656E61626C6525
:103EE00064282900A5090008A9090008AF090008ED
:103EF000000C23000D1E000ED2001A01001FAA00A4
:103F000024070027120028C1002994002AC100308C
:103F1000D800358F003B02004000004130013143A2
:103F2000012340010300000001010201010103021D
:103F3000020103030302010002010100010100016B
:103F40000100000101000101010000000600000065
:103F50000030014002050000140000000030014064
:103F60000205000014010000003C004002060000B1
:103F70001E00000000380040020500002200000082
:103F800000380040020500002B000000003C00400B
:103F900002060000FFFF0000FFFFFFFF000000001F
:103FA0000700000000300140020500001000000082
:103FB000003C00400207000012000000003C0040EE
:103FC000020700001500000000300140020500005B
:103FD00015010000003C0040020600001F00000028
:103FE00000380040020500002100000000380040B9
:103FF0000207000021010000003C00400205000013
:104000002300000000380040020500002C000000E2
:10401000003C004002060000FFFF0000FFFFFFFF22
:104020000000000005000000003001400205000013
:1040300009000000003800400205000013000000E5
:10404000003001400205000013010000003C004068
:10405000020600001A0000000038004002050000BF
:104060001D0000000038004002050000270000008D
:1040700000380040020500002A000000003C00401B
:1040800002060000FFFF0000FFFFFFFF000000002E
:10409000040000000030014002050000040100009F
:1040A000003C0040020600000F000000003001400C
:1040B000020500000F010000003C00400206000065
:1040C0001400000000380040020700001900000042
:1040D00000380040020500001C00000000380040CD
:1040E00002050000FFFF0000FFFFFFFF00000000CF
:1040F00001000000004C0040120800000300000016
:1041000000440040120700000A00000000100140B7
:104110001207000017000000001001401207000005
:1041200025000000004800401207000027000000A2
:1041300000140140120800002B000000004800405D
:10414000120700002B010000004C00401208000084
:10415000320000000050004012080000FFFF000085
:10416000FFFFFFFF0000000000000000004C0040C7
:104170001208000002000000004400401207000086
:1041800009000000001001401207000016000000A6
:1041900000100140120700001A0000000048004013
:1041A0001207000026000000001401401208000061
:1041B0002A00000000480040120700002A01000009
:1041C000004C0040120800002C000000005000408D
:1041D00012080000FFFF0000FFFFFFFF00000000CB
:1041E00000000000000000000600000000000000C9
:1041F00001000000070000000000000002000000B5
:10420000080000000000000003000000090000009A
:1042100000000000040000000A0000000000000090
:10422000050000001700000001000000050000006C
:104230001700000002000000050000001700000049
:10424000030000000500000017000000040000004B
:10425000050000001700000000000000060000003C
:1042600028000000010000000600000028000000F7
:10427000020000000600000028000000030000000B
:1042800006000000280000000400000006000000F6
:1042900028000000050000000600000028000000C3
:1042A0000000000000000000CD32000825330008A7
:1042B00031330008D1320008B9320008C932000891
:1042C00079320008C53200087D32000887320008C4
:1042D000BF32000891320008973200089D32000872
:1042E000A3320008AF320008F5320008B7320008E8
:1042F0002F737464657272002F737464696E002F7B
:104300007374646F75740000010000000200000007
:104310000400000008000000100000002000000061
:1043200040000000800000000001000000020000CA
:104330000004000000080000001000000020000041
:10434000004000000080000000000800100018007D
:1043500020002800300038000000000000000000AD
:10436000010203040607080900000000010203041B
:1043700040420F002000000000000000000000008C
:10438000000000000000000085330008000000006D
:1043900000000000F5090008190A0008D5630008AC
:1043A00000000000000000002D0A0008050B0008B6
:1043B00085640008BC430108E03400205563000810
:1043C000F9620008416300085963000805630008AA
:1043D000216300084962000800000000000000009E
:1043E0006565000865650008CD0200083D0300080A
:1043F000776500088365000844FFFFFF00000000A8
:10440000F90200084F030008D5770008A5770008D7
:10441000077800080D7800080D7800080D7800086E
:10442000117800080B780008117800089132000814
:10443000973200089D320008A3320008AF3200080E
:10444000B3320008B7320008876500087B650008B2
:10445000676500086F65000840FFFFFF000000006F
:10446000FF020008550300080000000000000000E3
:104470002D660008556600080000000000000000DE
:10448000B1680008D96800081568000815680008B8
:104490004D230008152400080000000080DE2800DD
:1044A00080C84D0000A7760000349E008012C7002F
:1044B000809FEE00007E1701805C400180E967016B
:1044C00000C890010055B8010000000080DE2800FF
:1044D000001A4F0080F8770080859F000064C800B4
:1044E00000F1EF0080CF180100AE4101003B6901EF
:1044F0008019920180A6B9010000000000000000B0
:104500007D6C00087F6C0008656E0008D56E0008A1
:104510000000000000000000FD7600084977000858
:10452000000000000000000000000000000000008B
:10453000853300088533000885330008853300087B
:10454000793200089D7700087D3200088732000824
:104550006179000891320008973200089D32000806
:10456000A3320008AF320008B3320008B7320008A7
:10457000FCFFFFFF00000000000000000000000042
:10458000000000000000000000000000000000002B
:10459000D5770008A5770008077800080D7800088F
:1045A0000D7800080D780008117800080B780008D5
:1045B0001178000891320008973200089D320008F7
:1045C000A3320008AF320008B3320008B732000847
:1045D0008533000885330008A1770008A377000819
:1045E000FCFFFFFF000000000000000000000000D2
:1045F00000000000000000000000000000000000BB
:1046000085330008853300088533000885330008AA
:10461000793200089D7700087D3200088732000853
:104620006179000891320008973200089D32000835
:10463000A3320008AF320008B3320008B7320008D6
:10464000494E4600696E66004E414E006E616E0036
:1046500030313233343536373839616263646566F8
:1046600000000000303132333435363738394142BA
:104670004344454600000000286E756C6C2900001C
:10468000300000002E0000004C435F434F4C4C4173
:10469000544500004C435F4354595045000000000E
:1046A0004C435F4D4F4E4554415259004C435F4E71
:1046B000554D4552494300004C435F54494D450018
:1046C0004C435F4D4553534147455300496E66691E
:1046D0006E697479000000004E614E0042616C6C9E
:1046E0006F63207375636365656465640000000033
:1046F0002F646174612F6A656E6B696E732F776FBB
:10470000726B73706163652F474E552D746F6F6CBC
:10471000636861696E2F61726D2D31342D352F7391
:1047200072632F6E65776C69622D63796777696E46
:104730002F6E65776C69622F6C6962632F73746486
:104740006C69622F64746F612E6300002F64617462
:10475000612F6A656E6B696E732F776F726B737002
:104760006163652F474E552D746F6F6C6368616987
:104770006E2F61726D2D31342D352F7372632F6E54
:1047800065776C69622D63796777696E2F6E6577DF
:104790006C69622F6C6962632F7374646C69622F39
:1047A0006D707265632E63002C2066756E6374698C
:1047B0006F6E3A2000000000617373657274696F58
:1047C0006E2022257322206661696C65643A20663A
:1047D000696C6520222573222C206C696E6520256A
:1047E00064257325730A00003030303030303030AB
:1047F0003030303030303030202020202020202039
:10480000202020202020202005000000190000008A
:104810007D000000000000000080E03779C34143C4
:10482000176E05B5B5B89346F5F93FE9034F384D16
:10483000321D30F94877825A3CBF737FDD4F1575C2
:10484000000000000000F03F0000000000002440D5
:1048500000000000000059400000000000408F40B0
:10486000000000000088C34000000000006AF8401B
:104870000000000080842E4100000000D01263413F
:104880000000000084D797410000000065CDCD41B5
:10489000000000205FA00242000000E87648374296
:1048A000000000A2941A6D42000040E59C30A24234
:1048B0000000901EC4BCD64200003426F56B0C43A9
:1048C0000080E03779C3414300A0D8855734764350
:1048D00000C84E676DC1AB43003D9160E458E143B1
:1048E000408CB5781DAF154450EFE2D6E41A4B4426
:1048F00092D54D06CFF08044F64AE1C7022DB5446B
:10490000B49DD9794378EA4400202020202020203B
:10491000202028282828282020202020202020206F
:10492000202020202020202020881010101010107F
:1049300010101010101010101004040404040404CB
:104940000404041010101010101041414141414165
:104950000101010101010101010101010101010147
:104960000101010110101010101042424242424257
:104970000202020202020202020202020202020217
:1049800002020202101010102000000000000000BF
:104990000000000000000000000000000000000017
:1049A0000000000000000000000000000000000007
:1049B00000000000000000000000000000000000F7
:1049C00000000000000000000000000000000000E7
:1049D00000000000000000000000000000000000D7
:1049E00000000000000000000000000000000000C7
:1049F00000000000000000000000000000000000B7
:104A000000000000000000000000000030303030E6
:104A100030303030303030303030303020202020D6
:104A20002020202020202020202020203030303046
:104A300030303030303030303030303020202020B6
:104A400020202020202020202020202000000000E6
:084A500000B8FE7F0100000028
:104A58000000000091DD91DD9CFF0000FFFFFFFFDB
:104A680033000000434F4E4649472052455100004D
:104A7800000000000000000000000000000000002E
:104A8800000000000000000000000000000000001E
:104A9800000000000000000000000000000000000E
:104AA80000000000000000000000000000000000FE
:104AB80000000000000000000000000000000000EE
:104AC800000000000000000052554E2052455100E1
:104AD80000000000000000000000000000000000CE
:104AE80000000000000000000000000000000000BE
:104AF80000000000000000000000000000000000AE
:104B0800000000000000000000000000000000009D
:104B1800000000000000000000000000000000008D
:104B2800000000000000000000000000434F4E4657
:104B3800494720434E4600000000000000000000E6
:104B4800000000000000000000000000000000005D
:104B5800000000000000000000000000000000004D
:104B6800000000000000000000000000000000003D
:104B7800000000000000000000000000000000002D
:104B8800000000000000000000000000000000001D
:104B980052554E20454E4400000000000000000021
:104BA80000000000000000000000000000000000FD
:104BB80000000000000000000000000000000000ED
:104BC80000000000000000000000000000000000DD
:104BD80000000000000000000000000000000000CD
:104BE80000000000000000000000000000000000BD
:104BF8000000000052582041424F52542052455163
:104C0800000000000000000000000000000000009C
:104C1800000000000000000000000000000000008C
:104C2800000000000000000000000000000000007C
:104C3800000000000000000000000000000000006C
:104C4800000000000000000000000000000000005C
:104C5800000000000000000049444C45000000002E
:104C6800000000000000000000000000000000003C
:104C7800000000000000000000000000000000002C
:104C8800000000000000000000000000000000001C
:104C9800000000000000000000000000000000000C
:104CA80000000000000000000000000000000000FC
:104CB800000000000000000000000000434F4E46C6
:104CC80049475552494E47000000000000000000C7
:104CD80000000000000000000000000000000000CC
:104CE80000000000000000000000000000000000BC
:104CF80000000000000000000000000000000000AC
:104D0800000000000000000000000000000000009B
:104D1800000000000000000000000000000000008B
:104D28005245414459000000000000000000000006
:104D3800000000000000000000000000000000006B
:104D4800000000000000000000000000000000005B
:104D5800000000000000000000000000000000004B
:104D6800000000000000000000000000000000003B
:104D7800000000000000000000000000000000002B
:104D88000000000052554E00000000000000000026
:104D9800000000000000000000000000000000000B
:104DA80000000000000000000000000000000000FB
:104DB80000000000000000000000000000000000EB
:104DC80000000000000000000000000000000000DB
:104DD80000000000000000000000000000000000CB
:104DE8000000000000000000FFFFFFFFFFFFFFFFC3
:104DF800FFFFFFFF000000000000000000000000AF
:104E0800000000000000000000000000000000009A
:104E1800000000000000000000000000000000008A
:104E2800000000000000000000000000000000007A
:104E3800000000000000000000000000000000006A
:104E4800000000000000000000000000000000005A
:104E5800000000000000000000000000000000004A
:104E6800000000000000000000000000000000003A
:104E7800000000000000000000000000000000002A
:104E8800000000000000000000000000000000001A
:104E9800000000000000000000000000000000000A
:104EA80000000000000000000000000000000000FA
:104EB80000000000000000000000000000000000EA
:104EC80000000000000000000000000000000000DA
:104ED80000000000000000000000000000000000CA
:104EE8000000000000000000B03900200024F40099
:104EF80067720008353D00088D3C0008193B000822
:104F0800013C0008000000000300000024360020D7
:104F18004300000000000000000000000000000046
:104F28000000000000000000000000000000000079
:104F38004300000000000000000000000000000026
:104F48000000000000000000000000000000000059
:104F58004300000000000000000000000000000006
:104F68000000000000000000000000000000000039
:104F780043000000000000000000000000000000E6
:104F88000000000000000000000000000000000019
:104F980043000000000000000000000000000000C6
:104FA80000000000000000000000000000000000F9
:104FB80043000000000000000000000000000000A6
:104FC80000000000000000000000000000000000D9
:104FD8004300000000000000000000000000000086
:104FE80000000000000000000000000000000000B9
:104FF80009D3000829CB000800000000084901086F
:1050080084460108B4470108B4470108B4470108B9
:10501800B4470108B4470108B4470108B447010878
:10502800B4470108B4470108FFFFFFFFFFFFFFFF78
:10503800FFFFFFFFFFFF0000010041534349490004
:105048000000000000000000000000000000000058
:1050580000000000000000000000415343494900DF
:105068000000000000000000000000000000000038
:10507800000000000000000000000000F807002009
:1050880000000000243600208C360020F436002072
:105098000000000000000000000000000000000008
:1050A80000000000000000000000000000000000F8
:1050B80000000000000000000000000000000000E8
:1050C80000000000000000000000000000000000D8
:1050D80000000000000000000000000000000000C8
:1050E80000000000000000000000000000000000B8
:1050F80000000000000000000000000000000000A8
:105108000000000000000000000000000000000097
:105118000000000000000000010000000000000086
:105128000E33CDAB34126DE6ECDE05000B0000004B
:105138000000000000000000000000000000000067
:105148000000000000000000000000000000000057
:105158000000000000000000000000000000000047
:105168000000000000000000000000000000000037
:105178000000000000000000000000000000000027
:105188000000000000000000000000000000000017
:105198000000000000000000000000000000000007
:1051A80000000000000000000000000000000000F7
:1051B80000000000000000000000000000000000E7
:1051C800FFFFFFFF000002000000000000000000D9
:1051D8004009002040090020480900204809002013
:1051E80050090020500900205809002058090020C3
:1051F8006009002060090020680900206809002073
:105208007009002070090020780900207809002022
:1052180080090020800900208809002088090020D2
:105228009009002090090020980900209809002082
:10523800A0090020A0090020A8090020A809002032
:10524800B0090020B0090020B8090020B8090020E2
:10525800C0090020C0090020C8090020C809002092
:10526800D0090020D0090020D8090020D809002042
:10527800E0090020E0090020E8090020E8090020F2
:10528800F0090020F0090020F8090020F8090020A2
:10529800000A0020000A0020080A0020080A00204E
:1052A800100A0020100A0020180A0020180A0020FE
:1052B800200A0020200A0020280A0020280A0020AE
:1052C800300A0020300A0020380A0020380A00205E
:1052D800400A0020400A0020480A0020480A00200E
:1052E800500A0020500A0020580A0020580A0020BE
:1052F800600A0020600A0020680A0020680A00206E
:10530800700A0020700A0020780A0020780A00201D
:10531800800A0020800A0020880A0020880A0020CD
:10532800900A0020900A0020980A0020980A00207D
:10533800A00A0020A00A0020A80A0020A80A00202D
:10534800B00A0020B00A0020B80A0020B80A0020DD
:10535800C00A0020C00A0020C80A0020C80A00208D
:10536800D00A0020D00A0020D80A0020D80A00203D
:10537800E00A0020E00A0020E80A0020E80A0020ED
:10538800F00A0020F00A0020F80A0020F80A00209D
:10539800000B0020000B0020080B0020080B002049
:1053A800100B0020100B0020180B0020180B0020F9
:1053B800200B0020200B0020280B0020280B0020A9
:1053C800300B0020300B0020380B0020380B002059
:1053D800400B0020400B0020480B0020480B002009
:1053E800500B0020500B0020580B0020580B0020B9
:1053F800600B0020600B0020680B0020680B002069
:10540800700B0020700B0020780B0020780B002018
:10541800800B0020800B0020880B0020880B0020C8
:10542800900B0020900B0020980B0020980B002078
:10543800A00B0020A00B0020A80B0020A80B002028
:10544800B00B0020B00B0020B80B0020B80B0020D8
:10545800C00B0020C00B0020C80B0020C80B002088
:10546800D00B0020D00B0020D80B0020D80B002038
:10547800E00B0020E00B0020E80B0020E80B0020E8
:10548800F00B0020F00B0020F80B0020F80B002098
:10549800000C0020000C0020080C0020080C002044
:1054A800100C0020100C0020180C0020180C0020F4
:1054B800200C0020200C0020280C0020280C0020A4
:1054C800300C0020300C0020380C0020380C002054
:1054D800400C0020400C0020480C0020480C002004
:1054E800500C0020500C0020580C0020580C0020B4
:1054F800600C0020600C0020680C0020680C002064
:10550800700C0020700C0020780C0020780C002013
:10551800800C0020800C0020880C0020880C0020C3
:10552800900C0020900C0020980C0020980C002073
:10553800A00C0020A00C0020A80C0020A80C002023
:10554800B00C0020B00C0020B80C0020B80C0020D3
:10555800C00C0020C00C0020C80C0020C80C002083
:10556800D00C0020D00C0020D80C0020D80C002033
:10557800E00C0020E00C0020E80C0020E80C0020E3
:10558800F00C0020F00C0020F80C0020F80C002093
:10559800000D0020000D0020080D0020080D00203F
:1055A800100D0020100D0020180D0020180D0020EF
:1055B800200D0020200D0020280D0020280D00209F
:1055C800300D0020300D0020380D0020380D00204F
:1055D8002D0200085D03000895070008190B000854
:1055E800850E0008391000083D1100084D1200080A
:1055F80005230008312700081D6A00080502000875
:040000050800436943
:00000001FF
